x,y,z,surface_code
5823068.7,2078930.9,19.79369530000001,Salinas aquitard
5823068.7,2078930.9,1.6036953000000125,180ft aquifer
5823068.7,2078930.9,-112.0463047,Middle aquitard
5781449.6,2157507.3,13.32421669,Salinas aquitard
5781449.6,2157507.3,-52.04578330999999,180ft aquifer
5781449.6,2157507.3,-203.21578331,Middle aquitard
5781449.6,2157507.3,-430.01578330999996,400ft aquifer
5780108.1,2141350.0,-10.462700160000004,Salinas aquitard
5780108.1,2141350.0,-40.032700160000005,180ft aquifer
5780108.1,2141350.0,-140.01270016,Middle aquitard
5780108.1,2141350.0,-224.33270016,400ft aquifer
5780108.1,2141350.0,-354.09270016,Deep aquitard
5847346.2,2071404.6,118.10433400000001,180ft aquifer
5847346.2,2071404.6,-15.365666000000004,Middle aquitard
5847346.2,2071404.6,-50.53566599999999,400ft aquifer
5847346.2,2071404.6,-128.27566599999997,Deep aquitard
5810061.6,2098888.5,17.715118059999995,Salinas aquitard
5810061.6,2098888.5,-99.64488194,180ft aquifer
5767378.5,2156214.6,-116.22497043000001,Salinas aquitard
5767378.5,2156214.6,-158.95497043,180ft aquifer
5894117.3,2028562.7,167.9709096,180ft aquifer
5894117.3,2028562.7,131.9509096,Middle aquitard
5751829.5,2162231.1,-145.01396183,180ft aquifer
5751829.5,2162231.1,-235.01396183,Middle aquitard
5751829.5,2162231.1,-351.95396182999997,400ft aquifer
5782760.6,2157853.1,39.99847672999999,Salinas aquitard
5782760.6,2157853.1,-83.44152327,180ft aquifer
5782760.6,2157853.1,-187.71152327000001,Middle aquitard
5782760.6,2157853.1,-430.03152327,400ft aquifer
5896886.8,2016217.8,264.9731378,180ft aquifer
5896886.8,2016217.8,216.09313780000002,Middle aquitard
5810940.6,2098217.2,32.487325729999995,Salinas aquitard
5810940.6,2098217.2,6.957325729999994,180ft aquifer
5810940.6,2098217.2,-95.02267427000001,Middle aquitard
5746325.0,2179188.9,-117.74879439,Salinas aquitard
5746325.0,2179188.9,-214.45879439,180ft aquifer
5746325.0,2179188.9,-311.17879439,Middle aquitard
5746325.0,2179188.9,-426.48879439,400ft aquifer
5814411.1,2094777.1,7.3456992600000035,Salinas aquitard
5814411.1,2094777.1,-15.124300739999995,180ft aquifer
5814177.1,2096904.7,37.25574753,Salinas aquitard
5814177.1,2096904.7,10.065747529999996,180ft aquifer
5814177.1,2096904.7,-108.46425247,Middle aquitard
5788428.6,2153445.1,55.08679469999999,Salinas aquitard
5788428.6,2153445.1,-120.40320530000001,180ft aquifer
5788428.6,2153445.1,-273.69320530000005,Middle aquitard
5788428.6,2153445.1,-347.6632053,400ft aquifer
5788428.6,2153445.1,-463.51320530000004,Deep aquitard
5766859.0,2143887.3,-58.51488893999999,Salinas aquitard
5766859.0,2143887.3,-89.99488894,180ft aquifer
5766859.0,2143887.3,-192.18488894,Middle aquitard
5766859.0,2143887.3,-320.01488894,400ft aquifer
5766859.0,2143887.3,-452.29488893999996,Deep aquitard
5833968.2,2083813.7,82.9857279,180ft aquifer
5833968.2,2083813.7,41.6757279,Middle aquitard
5833968.2,2083813.7,10.9557279,400ft aquifer
5833968.2,2083813.7,-268.2842721,Deep aquitard
5750275.0,2166295.3,-137.89675154,Salinas aquitard
5750275.0,2166295.3,-159.82675154,180ft aquifer
5750275.0,2166295.3,-229.02675154000002,Middle aquitard
5750275.0,2166295.3,-394.14675153999997,400ft aquifer
5750275.0,2166295.3,-570.02675154,Deep aquitard
5799846.1,2120079.2,12.793955920000002,Salinas aquitard
5799846.1,2120079.2,-137.84604407999998,180ft aquifer
5870845.3,2033742.1,112.81558539999999,180ft aquifer
5870845.3,2033742.1,75.4355854,Middle aquitard
5870845.3,2033742.1,-45.48441460000001,400ft aquifer
5811010.6,2113441.5,-69.58151877999998,Salinas aquitard
5811010.6,2113441.5,-145.78151878,180ft aquifer
5811010.6,2113441.5,-188.44151878,Middle aquitard
5811010.6,2113441.5,-239.64151877999998,400ft aquifer
5811010.6,2113441.5,-292.97151878,Deep aquitard
5811010.6,2113441.5,-461.49151878,Paso Robles
5768286.0,2166539.3,-68.69476247,Salinas aquitard
5768286.0,2166539.3,-148.73476247,180ft aquifer
5768286.0,2166539.3,-220.26476247,Middle aquitard
5768286.0,2166539.3,-309.48476247,400ft aquifer
5768286.0,2166539.3,-456.18476246999995,Deep aquitard
5811872.1,2097314.7,56.66940256,Salinas aquitard
5811872.1,2097314.7,-15.010597439999998,180ft aquifer
5811872.1,2097314.7,-90.02059744,Middle aquitard
5811872.1,2097314.7,-160.00059743999998,400ft aquifer
5811447.1,2109495.7,54.99629710000001,Shallow aquifer
5811447.1,2109495.7,25.006297100000005,Salinas aquitard
5811447.1,2109495.7,-70.01370289999998,180ft aquifer
5811447.1,2109495.7,-89.9937029,Middle aquitard
5811447.1,2109495.7,-150.0037029,400ft aquifer
5811447.1,2109495.7,-293.35370290000003,Deep aquitard
5787628.6,2118060.2,31.587880279999997,Salinas aquitard
5787628.6,2118060.2,-45.01211972,180ft aquifer
5787628.6,2118060.2,-158.96211971999998,Middle aquitard
5787628.6,2118060.2,-280.00211972,400ft aquifer
5787628.6,2118060.2,-400.02211972,Deep aquitard
5787628.6,2118060.2,-550.0221197200001,Paso Robles
5864805.2,2039991.1,90.6549404,180ft aquifer
5864805.2,2039991.1,53.91494039999999,Middle aquitard
5864805.2,2039991.1,23.574940400000003,400ft aquifer
5784575.6,2127790.8,12.931084090000006,Salinas aquitard
5784575.6,2127790.8,-78.16891591,180ft aquifer
5784575.6,2127790.8,-196.67891591,Middle aquitard
5833332.2,2077531.5,-49.949606900000006,400ft aquifer
5833332.2,2077531.5,-135.0596069,Deep aquitard
5778570.6,2142478.3,25.19305353,Salinas aquitard
5778570.6,2142478.3,-74.59694647,180ft aquifer
5778570.6,2142478.3,-144.35694647,Middle aquitard
5778570.6,2142478.3,-209.99694646999998,400ft aquifer
5778570.6,2142478.3,-397.80694646999996,Deep aquitard
5772063.1,2129882.8,41.99171528,Shallow aquifer
5772063.1,2129882.8,5.011715279999997,Salinas aquitard
5772063.1,2129882.8,-39.99828472000001,180ft aquifer
5772063.1,2129882.8,-129.99828472000002,Middle aquitard
5772063.1,2129882.8,-206.76828472,400ft aquifer
5772063.1,2129882.8,-365.86828472,Deep aquitard
5772063.1,2129882.8,-470.00828472000006,Paso Robles
5822574.7,2081360.0,21.332601100000005,Salinas aquitard
5822574.7,2081360.0,-43.677398899999986,180ft aquifer
5822574.7,2081360.0,-175.4073989,Middle aquitard
5839475.2,2074461.8,55.37074419999999,180ft aquifer
5839475.2,2074461.8,-46.71925580000001,Middle aquitard
5839475.2,2074461.8,-103.43925580000001,400ft aquifer
5839475.2,2074461.8,-191.9192558,Deep aquitard
5775087.1,2161866.3,-60.54132584999999,Salinas aquitard
5775087.1,2161866.3,-125.50132585,180ft aquifer
5775087.1,2161866.3,-164.76132585,Middle aquitard
5775087.1,2161866.3,-325.93132585,400ft aquifer
5775087.1,2161866.3,-441.64132585000004,Deep aquitard
5792219.1,2110417.2,5.008511569999996,180ft aquifer
5792219.1,2110417.2,-160.02148842999998,Middle aquitard
5792219.1,2110417.2,-280.01148843000004,400ft aquifer
5824827.7,2086086.6,54.0399151,Salinas aquitard
5824827.7,2086086.6,10.88991510000001,180ft aquifer
5824827.7,2086086.6,-85.8400849,Middle aquitard
5824827.7,2086086.6,-193.1600849,400ft aquifer
5824827.7,2086086.6,-371.51008490000004,Deep aquitard
5824827.7,2086086.6,-545.6200849,Paso Robles
5747520.9,2156857.3,-73.02243645,Salinas aquitard
5747520.9,2156857.3,-124.94243645,180ft aquifer
5747520.9,2156857.3,-197.54243645,Middle aquitard
5747520.9,2156857.3,-320.74243645,400ft aquifer
5773907.1,2162374.3,-23.465810230000002,Salinas aquitard
5773907.1,2162374.3,-106.15581023,180ft aquifer
5773907.1,2162374.3,-205.01581023,Middle aquitard
5773907.1,2162374.3,-450.03581023,400ft aquifer
5773907.1,2162374.3,-494.60581023000003,Deep aquitard
5851401.2,2068946.9,106.58070330000001,180ft aquifer
5851401.2,2068946.9,36.9507033,Middle aquitard
5815458.1,2117037.7,-81.2759716,180ft aquifer
5815458.1,2117037.7,-181.84597160000004,Middle aquitard
5815458.1,2117037.7,-228.4559716,400ft aquifer
5815458.1,2117037.7,-380.53597160000004,Deep aquitard
5815458.1,2117037.7,-503.1859716,Paso Robles
5791439.1,2162655.1,105.00534540000001,180ft aquifer
5791439.1,2162655.1,-145.0046546,Middle aquitard
5791439.1,2162655.1,-184.99465460000002,400ft aquifer
5791439.1,2162655.1,-446.05465460000005,Paso Robles
5756052.5,2156039.6,22.49717849,Salinas aquitard
5756052.5,2156039.6,-50.01282151000001,180ft aquifer
5756052.5,2156039.6,-190.01282150999998,Middle aquitard
5756052.5,2156039.6,-310.00282151,400ft aquifer
5756052.5,2156039.6,-494.87282151,Deep aquitard
5786577.1,2126652.8,-72.39671024999998,180ft aquifer
5768195.5,2170811.6,-133.43601782,Middle aquitard
5768195.5,2170811.6,-448.73601782000003,400ft aquifer
5750713.0,2166262.8,-114.93659658000001,Salinas aquitard
5750713.0,2166262.8,-150.56659658,180ft aquifer
5750713.0,2166262.8,-268.30659658,Middle aquitard
5750713.0,2166262.8,-352.53659658,400ft aquifer
5750713.0,2166262.8,-481.17659658,Deep aquitard
5794585.6,2158831.3,-110.69627500000001,Middle aquitard
5805242.6,2118088.5,-76.01780037000002,Salinas aquitard
5805242.6,2118088.5,-105.65780037,180ft aquifer
5805242.6,2118088.5,-189.93780037000005,Middle aquitard
5805242.6,2118088.5,-241.77780037000002,400ft aquifer
5869276.7,2035915.6,124.19107350000002,180ft aquifer
5869276.7,2035915.6,81.07107350000001,Middle aquitard
5869276.7,2035915.6,44.34107350000002,400ft aquifer
5756969.0,2157127.8,-7.389703659999999,Salinas aquitard
5756969.0,2157127.8,-182.79970366,180ft aquifer
5756969.0,2157127.8,-212.38970366,Middle aquitard
5756969.0,2157127.8,-407.71970366,400ft aquifer
5756969.0,2157127.8,-479.81970365999996,Deep aquitard
5770050.5,2139301.8,-6.944017600000002,Salinas aquitard
5770050.5,2139301.8,-90.0540176,180ft aquifer
5770050.5,2139301.8,-156.09401759999997,Middle aquitard
5770050.5,2139301.8,-296.03401759999997,400ft aquifer
5770050.5,2139301.8,-372.73401759999996,Deep aquitard
5775973.6,2138058.0,-26.652294479999995,Salinas aquitard
5775973.6,2138058.0,-113.00229448,180ft aquifer
5775973.6,2138058.0,-248.45229447999998,Middle aquitard
5775973.6,2138058.0,-383.38229448,400ft aquifer
5775973.6,2138058.0,-458.47229447999996,Deep aquitard
5833007.7,2088252.8,78.16038660000001,180ft aquifer
5833007.7,2088252.8,-109.1796134,Middle aquitard
5833007.7,2088252.8,-181.81961339999998,400ft aquifer
5795576.6,2119419.5,-80.00280859000001,180ft aquifer
5795576.6,2119419.5,-180.01280859000002,Middle aquitard
5795576.6,2119419.5,-350.00280859,400ft aquifer
5810059.1,2107609.5,21.205808110000007,Salinas aquitard
5772237.6,2147214.5,12.1591491,Salinas aquitard
5772237.6,2147214.5,-24.710850899999997,180ft aquifer
5772237.6,2147214.5,-142.8308509,Middle aquitard
5772237.6,2147214.5,-267.64085090000003,400ft aquifer
5772237.6,2147214.5,-397.73085089999995,Deep aquitard
5772237.6,2147214.5,-476.64085090000003,Paso Robles
5899618.3,2019641.7,186.81616839999998,180ft aquifer
5899618.3,2019641.7,125.00616839999999,Middle aquitard
5899618.3,2019641.7,70.21616839999999,400ft aquifer
5899618.3,2019641.7,5.596168399999982,Deep aquitard
5760287.0,2156537.6,-6.139980429999998,Salinas aquitard
5760287.0,2156537.6,-90.00998043,180ft aquifer
5760287.0,2156537.6,-266.02998043,Middle aquitard
5760287.0,2156537.6,-395.20998043000003,400ft aquifer
5760287.0,2156537.6,-448.20998043000003,Deep aquitard
5829989.2,2091404.9,-105.11643369999999,Middle aquitard
5829989.2,2091404.9,-159.6564337,400ft aquifer
5829989.2,2091404.9,-289.29643369999997,Deep aquitard
5829989.2,2091404.9,-354.8564337,180ft aquifer
5829989.2,2091404.9,-354.8564337,Paso Robles
5770299.5,2131521.5,-88.89241369999999,180ft aquifer
5770299.5,2131521.5,-161.1724137,Middle aquitard
5816575.1,2101657.2,31.641383340000004,Salinas aquitard
5816575.1,2101657.2,-2.3086166599999984,180ft aquifer
5816575.1,2101657.2,-69.99861666,Middle aquitard
5816575.1,2101657.2,-208.32861666000002,400ft aquifer
5816575.1,2101657.2,-270.00861666000003,Deep aquitard
5816575.1,2101657.2,-320.00861666000003,Paso Robles
5837832.7,2078964.4,43.9235443,180ft aquifer
5837832.7,2078964.4,-34.56645569999999,Middle aquitard
5837832.7,2078964.4,-57.426455700000005,400ft aquifer
5850329.2,2058019.7,69.2789409,180ft aquifer
5850329.2,2058019.7,-18.131059099999987,Middle aquitard
5850329.2,2058019.7,-131.4210591,400ft aquifer
5844236.7,2062260.0,61.8673236,180ft aquifer
5844236.7,2062260.0,-59.0626764,Middle aquitard
5801520.1,2141980.0,77.35230809999999,Salinas aquitard
5801520.1,2141980.0,-54.227691899999996,180ft aquifer
5801520.1,2141980.0,-116.2176919,Middle aquitard
5824325.7,2089474.2,57.593337000000005,Salinas aquitard
5824325.7,2089474.2,-23.886662999999984,180ft aquifer
5824325.7,2089474.2,-50.31666299999999,Middle aquitard
5824325.7,2089474.2,-158.756663,400ft aquifer
5824325.7,2089474.2,-294.716663,Deep aquitard
5792902.6,2116274.2,-39.99516639000001,180ft aquifer
5792902.6,2116274.2,-140.00516639,Middle aquitard
5792902.6,2116274.2,-225.01516639000002,400ft aquifer
5792902.6,2116274.2,-300.01516639,Deep aquitard
5792902.6,2116274.2,-375.02516639,Paso Robles
5852236.7,2065266.9,121.39495550000001,180ft aquifer
5852236.7,2065266.9,34.39495550000001,Middle aquitard
5852236.7,2065266.9,-65.54504449999999,400ft aquifer
5763252.0,2139333.3,-123.46739560999998,180ft aquifer
5763252.0,2139333.3,-194.69739561,Middle aquitard
5763252.0,2139333.3,-248.46739561,400ft aquifer
5763252.0,2139333.3,-376.18739561,Deep aquitard
5780201.1,2127287.0,3.5786358999999948,Salinas aquitard
5780201.1,2127287.0,-69.40136410000001,180ft aquifer
5780201.1,2127287.0,-170.70136409999998,Middle aquitard
5780201.1,2127287.0,-329.9413641,400ft aquifer
5764582.0,2149975.3,12.75874096,Salinas aquitard
5764582.0,2149975.3,-69.63125904,180ft aquifer
5764582.0,2149975.3,-167.54125904,Middle aquitard
5764582.0,2149975.3,-207.04125904,400ft aquifer
5781428.6,2134620.3,12.982643179999997,Shallow aquifer
5781428.6,2134620.3,-25.117356820000005,Salinas aquitard
5781428.6,2134620.3,-63.85735682,180ft aquifer
5781428.6,2134620.3,-200.97735682,Middle aquitard
5781428.6,2134620.3,-273.67735682,400ft aquifer
5781428.6,2134620.3,-461.51735682000003,Deep aquitard
5815904.6,2097862.4,-25.005452669999997,180ft aquifer
5815904.6,2097862.4,-100.00545267,Middle aquitard
5815904.6,2097862.4,-160.01545267,400ft aquifer
5815904.6,2097862.4,-260.02545267,Deep aquitard
5815904.6,2097862.4,-340.01545267,Paso Robles
5824903.2,2092812.2,60.61849839999999,Salinas aquitard
5824903.2,2092812.2,17.16849839999999,180ft aquifer
5824903.2,2092812.2,-57.691501599999995,Middle aquitard
5824903.2,2092812.2,-112.14150160000001,400ft aquifer
5824903.2,2092812.2,-218.77150159999997,Deep aquitard
5880605.8,2022808.2,253.99675739999998,180ft aquifer
5880605.8,2022808.2,192.5867574,Middle aquitard
5880605.8,2022808.2,170.24675739999998,400ft aquifer
5880605.8,2022808.2,54.86675739999998,Deep aquitard
5822583.7,2092054.6,-25.595833400000004,Salinas aquitard
5822583.7,2092054.6,-40.51583339999999,180ft aquifer
5822583.7,2092054.6,-128.3258334,Middle aquitard
5822583.7,2092054.6,-190.31583339999997,400ft aquifer
5822583.7,2092054.6,-229.05583339999998,Deep aquitard
5824475.7,2092267.1,15.939025099999995,180ft aquifer
5824475.7,2092267.1,-176.86097490000003,Middle aquitard
5824475.7,2092267.1,-245.2709749,400ft aquifer
5824475.7,2092267.1,-460.6209749,Deep aquitard
5826518.7,2089162.2,64.5239195,180ft aquifer
5826518.7,2089162.2,-29.336080499999994,Middle aquitard
5826518.7,2089162.2,-87.03608050000001,400ft aquifer
5826518.7,2089162.2,-191.39608050000004,Deep aquitard
5888462.3,2025274.4,205.77787030000002,180ft aquifer
5888462.3,2025274.4,122.96787030000002,Middle aquitard
5888462.3,2025274.4,11.927870300000023,400ft aquifer
5888462.3,2025274.4,-16.9221297,Deep aquitard
5822092.2,2089165.4,56.66856740000001,Salinas aquitard
5822092.2,2089165.4,11.568567400000006,180ft aquifer
5822092.2,2089165.4,-75.71143259999998,Middle aquitard
5822092.2,2089165.4,-194.0014326,400ft aquifer
5824942.2,2088128.6,38.415232,Salinas aquitard
5824942.2,2088128.6,28.475232000000005,180ft aquifer
5824942.2,2088128.6,-83.71476799999999,Middle aquitard
5824942.2,2088128.6,-204.204768,400ft aquifer
5824374.2,2087382.1,-2.544177999999988,180ft aquifer
5824374.2,2087382.1,-73.244178,Middle aquitard
5817787.6,2098807.0,88.84139671,Shallow aquifer
5817787.6,2098807.0,31.811396709999997,Salinas aquitard
5817787.6,2098807.0,-29.998603290000005,180ft aquifer
5817787.6,2098807.0,-100.00860329,Middle aquitard
5817787.6,2098807.0,-154.99860329,400ft aquifer
5822883.2,2093938.1,-11.584079899999992,Salinas aquitard
5822883.2,2093938.1,-58.304079900000005,180ft aquifer
5822883.2,2093938.1,-127.38407989999999,Middle aquitard
5822883.2,2093938.1,-231.35407990000002,400ft aquifer
5822883.2,2093938.1,-308.8340799,Deep aquitard
5747154.0,2162659.6,-12.242183240000001,Salinas aquitard
5747154.0,2162659.6,-120.02218324,180ft aquifer
5747154.0,2162659.6,-239.97218324,Middle aquitard
5747154.0,2162659.6,-310.02218324,400ft aquifer
5779551.6,2150362.1,-0.3256410399999936,Salinas aquitard
5779551.6,2150362.1,-172.32564104,180ft aquifer
5779551.6,2150362.1,-267.86564104,Middle aquitard
5779551.6,2150362.1,-285.56564103999995,400ft aquifer
5779551.6,2150362.1,-465.58564104000004,Deep aquitard
5805301.6,2126922.5,0.22330968000000695,Salinas aquitard
5805301.6,2126922.5,-64.95669032,180ft aquifer
5805301.6,2126922.5,-205.61669032,Middle aquitard
5805301.6,2126922.5,-253.64669031999998,400ft aquifer
5805301.6,2126922.5,-370.29669032,Deep aquitard
5806620.1,2116393.5,-71.00255821999998,Salinas aquitard
5806620.1,2116393.5,-98.51255822,180ft aquifer
5806620.1,2116393.5,-173.29255822,Middle aquitard
5806620.1,2116393.5,-228.48255822,400ft aquifer
5806620.1,2116393.5,-367.56255821999997,Deep aquitard
5803563.1,2130740.0,-18.700662890000004,Salinas aquitard
5803563.1,2130740.0,-91.36066289,180ft aquifer
5803563.1,2130740.0,-150.01066289,Middle aquitard
5803563.1,2130740.0,-357.72066289,400ft aquifer
5803563.1,2130740.0,-405.01066289,Deep aquitard
5803563.1,2130740.0,-600.0306628899999,Paso Robles
5795641.1,2111691.2,-19.87894328000001,Salinas aquitard
5795641.1,2111691.2,-46.21894328,180ft aquifer
5795641.1,2111691.2,-159.96894328,Middle aquitard
5795641.1,2111691.2,-255.01894328,400ft aquifer
5800442.0,2109713.8,19.983440469999998,Salinas aquitard
5800442.0,2109713.8,-54.426559530000006,180ft aquifer
5800442.0,2109713.8,-119.89655953000002,Middle aquitard
5800442.0,2109713.8,-243.61655953,400ft aquifer
5800442.0,2109713.8,-316.15655953,Deep aquitard
5794566.9,2112905.3,20.007705610000002,Salinas aquitard
5794566.9,2112905.3,-50.09229438999999,180ft aquifer
5794566.9,2112905.3,-180.00229438999997,Middle aquitard
5784097.1,2142501.5,-63.86058355,Salinas aquitard
5784097.1,2142501.5,-108.29058355,180ft aquifer
5784097.1,2142501.5,-242.12058355,Middle aquitard
5784097.1,2142501.5,-423.23058355,400ft aquifer
5784097.1,2142501.5,-528.10058355,Deep aquitard
5785661.1,2148135.1,56.44716097,Salinas aquitard
5785661.1,2148135.1,-113.33283903,180ft aquifer
5785661.1,2148135.1,-178.29283902999998,Middle aquitard
5785661.1,2148135.1,-400.03283903,400ft aquifer
5785661.1,2148135.1,-470.01283903,Deep aquitard
5845032.2,2084535.0,72.22945189999999,180ft aquifer
5845032.2,2084535.0,16.29945189999998,Middle aquitard
5845032.2,2084535.0,-80.43054810000001,400ft aquifer
5845032.2,2084535.0,-177.25054810000003,Deep aquitard
5804878.6,2110474.6,-34.11235481999999,180ft aquifer
5804878.6,2110474.6,-106.65235482,Middle aquitard
5767734.5,2146147.5,4.6642133299999955,Salinas aquitard
5767734.5,2146147.5,-116.72578667000002,180ft aquifer
5767734.5,2146147.5,-247.95578667000004,Middle aquitard
5767734.5,2146147.5,-330.02578667,400ft aquifer
5767734.5,2146147.5,-433.67578667,Deep aquitard
5777766.6,2153737.1,26.98890496,Salinas aquitard
5777766.6,2153737.1,-33.09109504,180ft aquifer
5777766.6,2153737.1,-206.66109504000002,Middle aquitard
5777766.6,2153737.1,-403.59109504,400ft aquifer
5824093.7,2110662.2,24.516580300000015,180ft aquifer
5824093.7,2110662.2,-14.723419699999994,Middle aquitard
5824093.7,2110662.2,-95.67341970000001,400ft aquifer
5824093.7,2110662.2,-220.77341969999998,Deep aquitard
5824093.7,2110662.2,-304.1734197,Paso Robles
5893519.8,2029992.3,163.26803639999997,180ft aquifer
5893519.8,2029992.3,112.3680364,Middle aquitard
5897508.3,2031385.3,149.02639910000002,180ft aquifer
5897508.3,2031385.3,106.51639910000002,Middle aquitard
5757865.0,2159392.1,-3.98160717,Salinas aquitard
5757865.0,2159392.1,-95.00160717,180ft aquifer
5757865.0,2159392.1,-280.01160717,Middle aquitard
5757865.0,2159392.1,-315.02160717,400ft aquifer
5757865.0,2159392.1,-431.86160717,Deep aquitard
5893573.3,2025987.6,215.0122391,Shallow aquifer
5893573.3,2025987.6,164.3422391,180ft aquifer
5893573.3,2025987.6,89.88223909999999,Middle aquitard
5893573.3,2025987.6,53.36223909999998,400ft aquifer
5893573.3,2025987.6,-16.8777609,Deep aquitard
5890589.3,2027530.6,184.0061815,180ft aquifer
5890589.3,2027530.6,91.2861815,Middle aquitard
5890589.3,2027530.6,42.1261815,400ft aquifer
5779555.6,2153725.3,23.411788059999992,Salinas aquitard
5779555.6,2153725.3,-99.40821194000002,180ft aquifer
5779555.6,2153725.3,-164.72821194,Middle aquitard
5779555.6,2153725.3,-396.49821194000003,400ft aquifer
5808279.6,2135253.0,69.83528190000001,Salinas aquitard
5774884.1,2151113.3,-29.637677759999995,Salinas aquitard
5774884.1,2151113.3,-70.29767776,180ft aquifer
5774884.1,2151113.3,-262.29767776,Middle aquitard
5765268.0,2145381.3,12.735317589999998,Salinas aquitard
5765268.0,2145381.3,-78.28468241,180ft aquifer
5765268.0,2145381.3,-165.72468241,Middle aquitard
5765268.0,2145381.3,-283.41468241,400ft aquifer
5765268.0,2145381.3,-385.40468241,Deep aquitard
5838068.2,2084676.9,7.854265099999992,180ft aquifer
5838068.2,2084676.9,-119.1657349,Middle aquitard
5838068.2,2084676.9,-213.1857349,400ft aquifer
5838068.2,2084676.9,-319.45573490000004,Deep aquitard
5833297.7,2106534.5,181.5163758,180ft aquifer
5833297.7,2106534.5,140.70637579999996,Middle aquitard
5833297.7,2106534.5,-41.39362420000003,400ft aquifer
5833297.7,2106534.5,-265.8636242,Deep aquitard
5758779.0,2153588.8,-59.55970366,Salinas aquitard
5758779.0,2153588.8,-119.76970366,180ft aquifer
5758779.0,2153588.8,-218.02970366,Middle aquitard
5758779.0,2153588.8,-289.61970365999997,400ft aquifer
5758779.0,2153588.8,-480.69970365999995,Deep aquitard
5781924.1,2161724.3,96.57944959999999,Salinas aquitard
5781924.1,2161724.3,51.09944959999999,180ft aquifer
5781924.1,2161724.3,-61.5105504,Middle aquitard
5781924.1,2161724.3,-401.77055040000005,400ft aquifer
5846876.2,2080262.5,-204.0701029,Middle aquitard
5846876.2,2080262.5,-267.4901029,400ft aquifer
5846876.2,2080262.5,-575.1001028999999,Paso Robles
5793553.1,2118824.7,23.817277400000002,Salinas aquitard
5793553.1,2118824.7,-43.08272259999999,180ft aquifer
5793553.1,2118824.7,-156.4827226,Middle aquitard
5793553.1,2118824.7,-232.6827226,400ft aquifer
5793553.1,2118824.7,-296.55272260000004,Deep aquitard
5793553.1,2118824.7,-445.8227226,Paso Robles
5835732.4,2095476.5,147.62652179999998,Salinas aquitard
5835732.4,2095476.5,53.92652179999999,180ft aquifer
5765176.0,2149386.3,3.808251279999997,Salinas aquitard
5765176.0,2149386.3,-80.27174872,180ft aquifer
5765176.0,2149386.3,-184.83174872,Middle aquitard
5765176.0,2149386.3,-235.33174872,400ft aquifer
5765176.0,2149386.3,-397.79174872,Deep aquitard
5760557.5,2164394.3,-26.13575109,Salinas aquitard
5760557.5,2164394.3,-140.00575109000002,180ft aquifer
5760557.5,2164394.3,-219.99575109,Middle aquitard
5760557.5,2164394.3,-380.01575109,400ft aquifer
5760557.5,2164394.3,-540.0257510900001,Deep aquitard
5768765.0,2146329.8,-86.46360257,180ft aquifer
5768765.0,2146329.8,-248.19360257,Middle aquitard
5768765.0,2146329.8,-274.35360257,400ft aquifer
5768765.0,2146329.8,-470.20360257,Deep aquitard
5768338.0,2150397.6,-109.39479856,Salinas aquitard
5768338.0,2150397.6,-152.75479856,180ft aquifer
5768338.0,2150397.6,-294.64479856,Middle aquitard
5768338.0,2150397.6,-320.02479856,400ft aquifer
5762636.5,2148492.5,-37.921580420000005,Salinas aquitard
5762636.5,2148492.5,-97.37158042000002,180ft aquifer
5762636.5,2148492.5,-169.01158042,Middle aquitard
5762636.5,2148492.5,-196.77158042,400ft aquifer
5776000.6,2150840.1,-14.286565230000008,Salinas aquitard
5776000.6,2150840.1,-85.14656523,180ft aquifer
5776000.6,2150840.1,-225.01656523000003,Middle aquitard
5776000.6,2150840.1,-330.00656523,400ft aquifer
5787939.6,2120828.5,48.81472327,Salinas aquitard
5787939.6,2120828.5,-45.00527673,180ft aquifer
5787939.6,2120828.5,-220.01527672999998,Middle aquitard
5787939.6,2120828.5,-276.45527673,400ft aquifer
5787939.6,2120828.5,-324.24527673,Deep aquitard
5787939.6,2120828.5,-421.98527673,Paso Robles
5797952.6,2122610.2,-23.227166300000007,Salinas aquitard
5797952.6,2122610.2,-156.2371663,180ft aquifer
5797952.6,2122610.2,-199.4871663,Middle aquitard
5852750.7,2062549.4,103.8216989,180ft aquifer
5852750.7,2062549.4,42.82169889999999,Middle aquitard
5852750.7,2062549.4,11.441698899999977,400ft aquifer
5847990.7,2077085.2,75.62849259999999,180ft aquifer
5847990.7,2077085.2,-55.52150740000002,Middle aquitard
5847990.7,2077085.2,-114.29150740000003,400ft aquifer
5847990.7,2077085.2,-220.0615074,Deep aquitard
5847990.7,2077085.2,-537.0715074,Paso Robles
5775968.6,2164159.8,-55.31062175000001,180ft aquifer
5775968.6,2164159.8,-138.72062175000002,Middle aquitard
5775968.6,2164159.8,-254.42062175,400ft aquifer
5778802.1,2124317.3,-64.67174176,180ft aquifer
5778802.1,2124317.3,-171.47174176000001,Middle aquitard
5778802.1,2124317.3,-247.50174176,400ft aquifer
5778802.1,2124317.3,-279.25174175999996,Deep aquitard
5797869.1,2112522.2,41.85838873,Salinas aquitard
5797869.1,2112522.2,13.588388729999998,180ft aquifer
5797869.1,2112522.2,-123.49161126999999,Middle aquitard
5797869.1,2112522.2,-254.22161127,400ft aquifer
5797869.1,2112522.2,-470.0316112699999,Deep aquitard
5797869.1,2112522.2,-495.0316112699999,Paso Robles
5753233.5,2168629.8,-10.137046730000002,Salinas aquitard
5753233.5,2168629.8,-109.99704673,180ft aquifer
5753233.5,2168629.8,-220.00704673,Middle aquitard
5753233.5,2168629.8,-270.97704673,400ft aquifer
5753233.5,2168629.8,-530.02704673,Deep aquitard
5753598.0,2166863.1,-14.336596579999998,Salinas aquitard
5753598.0,2166863.1,-168.41659658,180ft aquifer
5753598.0,2166863.1,-242.01659658,Middle aquitard
5753598.0,2166863.1,-288.69659658,400ft aquifer
5753598.0,2166863.1,-534.62659658,Deep aquitard
5750840.5,2165375.1,-103.34659658000001,Salinas aquitard
5750840.5,2165375.1,-155.04659658,180ft aquifer
5750840.5,2165375.1,-216.42659658,Middle aquitard
5750840.5,2165375.1,-309.16659658000003,400ft aquifer
5750840.5,2165375.1,-503.23659658,Deep aquitard
5772280.1,2137943.3,-18.506156860000004,Salinas aquitard
5772280.1,2137943.3,-67.07615686,180ft aquifer
5772280.1,2137943.3,-159.65615685999998,Middle aquitard
5772280.1,2137943.3,-314.54615686,400ft aquifer
5772280.1,2137943.3,-493.88615686,Deep aquitard
5848159.2,2079107.9,-21.732082700000007,180ft aquifer
5848159.2,2079107.9,-189.5520827,Middle aquitard
5848159.2,2079107.9,-223.4420827,400ft aquifer
5848159.2,2079107.9,-367.0520827,Deep aquitard
5877170.2,2027066.2,173.6945798,180ft aquifer
5877170.2,2027066.2,119.3945798,Middle aquitard
5877170.2,2027066.2,103.4245798,400ft aquifer
5796771.6,2122662.2,-28.69179966,Salinas aquitard
5796771.6,2122662.2,-135.89179966,180ft aquifer
5796771.6,2122662.2,-199.49179966,Middle aquitard
5796771.6,2122662.2,-230.38179965999998,400ft aquifer
5769905.0,2158223.8,-51.12240049999999,Salinas aquitard
5769905.0,2158223.8,-132.82240050000001,180ft aquifer
5767787.0,2144002.5,-73.40126777,180ft aquifer
5767787.0,2144002.5,-166.19126777000002,Middle aquitard
5767787.0,2144002.5,-205.86126776999998,400ft aquifer
5789066.6,2125868.0,-59.985073459999995,180ft aquifer
5789066.6,2125868.0,-159.99507346000001,Middle aquitard
5789066.6,2125868.0,-230.00507346,400ft aquifer
5792347.6,2124223.3,10.133624959999999,Salinas aquitard
5792347.6,2124223.3,-64.79637504,180ft aquifer
5792347.6,2124223.3,-170.32637504000002,Middle aquitard
5792347.6,2124223.3,-236.19637503999996,400ft aquifer
5808688.6,2107322.2,11.099511660000005,Salinas aquitard
5808688.6,2107322.2,-20.00048833999999,180ft aquifer
5808688.6,2107322.2,-45.00048833999999,Middle aquitard
5808688.6,2107322.2,-140.02048833999999,400ft aquifer
5808688.6,2107322.2,-260.00048833999995,Deep aquitard
5796335.1,2123068.0,-59.49287172999999,Salinas aquitard
5796335.1,2123068.0,-128.39287172999997,180ft aquifer
5790587.6,2121968.5,-47.8894111,Salinas aquitard
5790587.6,2121968.5,-86.3494111,180ft aquifer
5790587.6,2121968.5,-191.1494111,Middle aquitard
5790587.6,2121968.5,-354.7694111,400ft aquifer
5771196.1,2161618.3,-41.28141729,Salinas aquitard
5771196.1,2161618.3,-109.99141729000002,180ft aquifer
5771196.1,2161618.3,-215.02141729,Middle aquitard
5771196.1,2161618.3,-460.01141729000005,400ft aquifer
5771196.1,2161618.3,-524.86141729,Deep aquitard
5785355.6,2124986.0,-47.90925311,Salinas aquitard
5785355.6,2124986.0,-67.00925311,180ft aquifer
5785355.6,2124986.0,-199.52925311,Middle aquitard
5762406.0,2141102.0,-16.240113029999996,Salinas aquitard
5762406.0,2141102.0,-84.69011302999999,180ft aquifer
5762406.0,2141102.0,-191.64011303,Middle aquitard
5762406.0,2141102.0,-330.67011303,400ft aquifer
5762406.0,2141102.0,-494.69011303,Deep aquitard
5758266.0,2148448.0,-31.190342360000002,Salinas aquitard
5758266.0,2148448.0,-96.22034235999999,180ft aquifer
5797585.1,2111909.0,51.499006349999995,Salinas aquitard
5797585.1,2111909.0,19.249006349999995,180ft aquifer
5802243.9,2112255.0,61.50787034,Shallow aquifer
5802243.9,2112255.0,20.007870339999997,Salinas aquitard
5802243.9,2112255.0,-59.99212966,180ft aquifer
5802243.9,2112255.0,-105.00212966,Middle aquitard
5802243.9,2112255.0,-215.01212965999997,400ft aquifer
5804891.8,2114040.4,-23.274777189999995,Salinas aquitard
5804891.8,2114040.4,-130.35477719,180ft aquifer
5804891.8,2114040.4,-214.00477719,Middle aquitard
5794337.9,2125014.5,55.16917795999999,Shallow aquifer
5794337.9,2125014.5,19.27917795999999,Salinas aquitard
5794337.9,2125014.5,-8.380822040000012,180ft aquifer
5794337.9,2125014.5,-197.30082204,Middle aquitard
5794337.9,2125014.5,-237.24082204,400ft aquifer
5794337.9,2125014.5,-410.80082204,Deep aquitard
5794924.4,2124474.5,17.534846100000003,Salinas aquitard
5794924.4,2124474.5,-85.0151539,180ft aquifer
5794086.6,2122977.3,-31.060315589999995,Salinas aquitard
5794086.6,2122977.3,-64.35031559000001,180ft aquifer
5794086.6,2122977.3,-120.85031559000001,Middle aquitard
5798148.4,2120084.5,-25.02065048,Salinas aquitard
5798148.4,2120084.5,-45.000650480000004,180ft aquifer
5798148.4,2120084.5,-190.02065047999997,Middle aquitard
5798148.4,2120084.5,-305.02065048,400ft aquifer
5746666.5,2159412.6,-281.20765859,400ft aquifer
5746666.5,2159412.6,-423.78765859000004,Deep aquitard
5778784.1,2164191.8,-4.191405209999999,Salinas aquitard
5778784.1,2164191.8,-63.38140521,180ft aquifer
5778784.1,2164191.8,-90.29140521,Middle aquitard
5778784.1,2164191.8,-275.95140521,400ft aquifer
5778632.6,2135926.0,23.10802844,Shallow aquifer
5778632.6,2135926.0,-16.921971560000003,Salinas aquitard
5778632.6,2135926.0,-72.14197156,180ft aquifer
5778632.6,2135926.0,-180.02197156,Middle aquitard
5778632.6,2135926.0,-270.01197156,400ft aquifer
5778632.6,2135926.0,-444.37197156,Deep aquitard
5778632.6,2135926.0,-582.28197156,Paso Robles
5750315.0,2164896.3,-19.99675154,Salinas aquitard
5750315.0,2164896.3,-140.01675154,180ft aquifer
5750315.0,2164896.3,-191.20675154,Middle aquitard
5750315.0,2164896.3,-396.07675154,400ft aquifer
5748905.0,2167136.8,-62.78656849,Salinas aquitard
5748905.0,2167136.8,-119.41656849,180ft aquifer
5748905.0,2167136.8,-176.37656849,Middle aquitard
5748905.0,2167136.8,-274.99656849,400ft aquifer
5748905.0,2167136.8,-471.71656849,Deep aquitard
5778422.6,2161666.1,0.9384323399999914,Salinas aquitard
5778422.6,2161666.1,-69.99156766,180ft aquifer
5778422.6,2161666.1,-111.53156766,Middle aquitard
5749796.0,2166854.8,-114.15675154,Salinas aquitard
5749796.0,2166854.8,-150.48675154,180ft aquifer
5749796.0,2166854.8,-222.96675154000002,Middle aquitard
5749796.0,2166854.8,-383.46675153999996,400ft aquifer
5749796.0,2166854.8,-550.01675154,Deep aquitard
5844886.7,2074492.3,113.6264619,180ft aquifer
5844886.7,2074492.3,-18.843538100000018,Middle aquitard
5844886.7,2074492.3,-46.733538100000004,400ft aquifer
5844886.7,2074492.3,-207.09353810000002,Deep aquitard
5767668.0,2150062.3,-110.41586028,Salinas aquitard
5767668.0,2150062.3,-133.02586028,180ft aquifer
5767668.0,2150062.3,-332.32586028000003,Middle aquitard
5853907.2,2048138.0,35.89364610000001,400ft aquifer
5791882.1,2132401.8,44.34355318,Shallow aquifer
5791882.1,2132401.8,-17.47644682,Salinas aquitard
5791882.1,2132401.8,-136.45644682,180ft aquifer
5791882.1,2132401.8,-254.33644682,Middle aquitard
5791882.1,2132401.8,-303.38644682,400ft aquifer
5791882.1,2132401.8,-505.82644682,Deep aquitard
5762685.5,2149781.3,10.217604800000004,Salinas aquitard
5762685.5,2149781.3,-87.66239519999999,180ft aquifer
5870445.2,2040167.0,130.46531489999998,180ft aquifer
5870445.2,2040167.0,48.25531489999999,Middle aquitard
5870445.2,2040167.0,-20.56468510000002,400ft aquifer
5785744.1,2131176.3,17.138216890000002,Shallow aquifer
5785744.1,2131176.3,-0.021783110000001216,Salinas aquitard
5785744.1,2131176.3,-42.38178311000001,180ft aquifer
5785744.1,2131176.3,-127.72178311000002,Middle aquitard
5785744.1,2131176.3,-242.12178311000002,400ft aquifer
5791078.1,2126293.5,62.78233004,Shallow aquifer
5791078.1,2126293.5,-15.007669960000008,Salinas aquitard
5791078.1,2126293.5,-80.00766995999999,180ft aquifer
5791078.1,2126293.5,-119.99766996,Middle aquitard
5791078.1,2126293.5,-290.02766996,400ft aquifer
5749131.5,2163758.6,-110.9861627,180ft aquifer
5749131.5,2163758.6,-250.96616269999998,Middle aquitard
5749131.5,2163758.6,-386.61616269999996,400ft aquifer
5749131.5,2163758.6,-510.58616269999993,Deep aquitard
5781434.6,2155676.8,13.316102019999988,Salinas aquitard
5781434.6,2155676.8,-19.363897980000004,180ft aquifer
5781434.6,2155676.8,-219.55389798,Middle aquitard
5781434.6,2155676.8,-375.21389798,400ft aquifer
5781434.6,2155676.8,-626.33389798,Deep aquitard
5743796.0,2160384.8,-96.06420251,Salinas aquitard
5743796.0,2160384.8,-196.42420251,180ft aquifer
5743796.0,2160384.8,-310.02420251,400ft aquifer
5743796.0,2160384.8,-310.02420251,Middle aquitard
5743796.0,2160384.8,-600.02420251,Deep aquitard
5743791.5,2159332.3,-89.45905028,Salinas aquitard
5743791.5,2159332.3,-225.01905028000002,180ft aquifer
5743791.5,2159332.3,-239.05905028,Middle aquitard
5743791.5,2159332.3,-264.17905027999996,400ft aquifer
5743791.5,2159332.3,-437.19905028,Deep aquitard
5776427.1,2125256.0,-81.8919521,180ft aquifer
5776427.1,2125256.0,-119.37195209999999,Middle aquitard
5776427.1,2125256.0,-230.79195209999997,400ft aquifer
5776427.1,2125256.0,-348.9019521,Deep aquitard
5889443.8,2005644.9,255.33141110000003,180ft aquifer
5889443.8,2005644.9,158.9214111,Middle aquitard
5810355.6,2126220.8,47.814162380000006,180ft aquifer
5810355.6,2126220.8,-19.335837619999992,Middle aquitard
5769681.5,2146863.0,-72.91026915,180ft aquifer
5769681.5,2146863.0,-171.82026915,Middle aquitard
5769681.5,2146863.0,-195.09026914999998,400ft aquifer
5769681.5,2146863.0,-401.64026915,Deep aquitard
5834452.2,2075169.7,41.6324178,180ft aquifer
5834452.2,2075169.7,-39.047582199999994,Middle aquitard
5834452.2,2075169.7,-126.5375822,400ft aquifer
5805227.1,2128998.0,-125.66344077000001,180ft aquifer
5805227.1,2128998.0,-306.83344077000004,Middle aquitard
5792331.6,2127353.3,27.824586579999995,Salinas aquitard
5792331.6,2127353.3,-88.55541342000001,180ft aquifer
5792331.6,2127353.3,-156.39541342,Middle aquitard
5792331.6,2127353.3,-227.56541342,400ft aquifer
5783717.6,2120939.7,-70.68545926,180ft aquifer
5783717.6,2120939.7,-203.08545926,Middle aquitard
5783717.6,2120939.7,-262.31545926,400ft aquifer
5783717.6,2120939.7,-377.29545926000003,Deep aquitard
5783717.6,2120939.7,-422.58545926,Paso Robles
5873257.8,2027078.9,129.4066262,180ft aquifer
5873257.8,2027078.9,46.02662620000001,Middle aquitard
5873257.8,2027078.9,-43.893373800000006,400ft aquifer
5873257.8,2027078.9,-83.95337380000001,Deep aquitard
5818148.6,2091224.6,37.3652074,Salinas aquitard
5818148.6,2091224.6,-19.994792599999997,180ft aquifer
5818148.6,2091224.6,-80.00479259999999,Middle aquitard
5818148.6,2091224.6,-150.0247926,400ft aquifer
5818148.6,2091224.6,-270.00479260000003,Deep aquitard
5818148.6,2091224.6,-310.00479260000003,Paso Robles
5786930.6,2145253.8,-11.60181669,Salinas aquitard
5786930.6,2145253.8,-32.731816689999995,180ft aquifer
5786930.6,2145253.8,-78.52181669000001,Middle aquitard
5786930.6,2145253.8,-378.71181669,400ft aquifer
5785490.6,2146975.3,-195.03998636,180ft aquifer
5785490.6,2146975.3,-253.15998636,Middle aquitard
5785490.6,2146975.3,-364.25998636,400ft aquifer
5783245.1,2121392.5,8.501272620000002,Salinas aquitard
5783245.1,2121392.5,-74.99872738,180ft aquifer
5783245.1,2121392.5,-214.99872738,Middle aquitard
5783245.1,2121392.5,-290.00872738000004,400ft aquifer
5783245.1,2121392.5,-379.99872738,Deep aquitard
5783245.1,2121392.5,-480.00872738000004,Paso Robles
5780641.6,2122754.5,3.444491710000001,Salinas aquitard
5780641.6,2122754.5,-74.92550829000001,180ft aquifer
5768051.0,2145604.8,-104.26225603,Salinas aquitard
5768051.0,2145604.8,-184.33225603,180ft aquifer
5768051.0,2145604.8,-271.57225603,Middle aquitard
5768051.0,2145604.8,-340.01225603,400ft aquifer
5768051.0,2145604.8,-443.86225603,Deep aquitard
5805159.1,2131250.3,-85.27343636,Salinas aquitard
5805159.1,2131250.3,-125.64343636000001,180ft aquifer
5805159.1,2131250.3,-307.32343636,Middle aquitard
5805159.1,2131250.3,-378.79343636,400ft aquifer
5805159.1,2131250.3,-586.56343636,Deep aquitard
5811435.6,2097245.4,-39.99128619999999,180ft aquifer
5811435.6,2097245.4,-70.0112862,Middle aquitard
5811435.6,2097245.4,-160.01128619999997,400ft aquifer
5873929.8,2039204.0,142.2119527,180ft aquifer
5873929.8,2039204.0,46.751952700000004,Middle aquitard
5873929.8,2039204.0,-2.748047299999996,400ft aquifer
5764622.0,2154424.1,-118.40998042999999,180ft aquifer
5764622.0,2154424.1,-295.53998043,Middle aquitard
5764622.0,2154424.1,-358.38998043,400ft aquifer
5764622.0,2154424.1,-478.54998043,Deep aquitard
5753110.0,2162250.8,-68.58857836,Salinas aquitard
5753110.0,2162250.8,-129.67857836000002,180ft aquifer
5753110.0,2162250.8,-254.21857835999998,Middle aquitard
5753110.0,2162250.8,-372.90857836000004,400ft aquifer
5753110.0,2162250.8,-501.58857836,Deep aquitard
5750066.5,2162041.1,-64.83441853,Salinas aquitard
5750066.5,2162041.1,-129.99441853,180ft aquifer
5750066.5,2162041.1,-225.00441853,Middle aquitard
5750066.5,2162041.1,-354.13441852999995,400ft aquifer
5750066.5,2162041.1,-519.6444185299999,Deep aquitard
5778454.6,2122177.5,-53.85556602999999,Salinas aquitard
5778454.6,2122177.5,-85.60556602999999,180ft aquifer
5778454.6,2122177.5,-171.09556603,Middle aquitard
5795984.6,2113230.7,-56.96718101,180ft aquifer
5757214.5,2161609.8,-142.9742094,Salinas aquitard
5757214.5,2161609.8,-187.99420940000002,180ft aquifer
5757214.5,2161609.8,-233.0742094,Middle aquitard
5757214.5,2161609.8,-348.4842094,400ft aquifer
5776086.1,2124741.8,-75.66273263,180ft aquifer
5822968.2,2090073.2,2.962945199999993,180ft aquifer
5822968.2,2090073.2,-162.62705480000002,400ft aquifer
5822968.2,2090073.2,-281.15705479999997,Deep aquitard
5774557.1,2125048.0,-11.734685460000001,Salinas aquitard
5774557.1,2125048.0,-90.01468546000001,180ft aquifer
5752407.0,2163651.3,-74.38226560999999,Salinas aquitard
5752407.0,2163651.3,-160.14226561,180ft aquifer
5752407.0,2163651.3,-265.28226561,Middle aquitard
5752407.0,2163651.3,-348.01226561,400ft aquifer
5752407.0,2163651.3,-461.11226561,Deep aquitard
5794722.1,2122517.2,-14.999609020000001,Salinas aquitard
5794722.1,2122517.2,-120.01960901999999,180ft aquifer
5753376.5,2163117.1,-66.65348306,Salinas aquitard
5753376.5,2163117.1,-174.49348306,180ft aquifer
5753376.5,2163117.1,-240.92348306,Middle aquitard
5753376.5,2163117.1,-348.95348306,400ft aquifer
5753376.5,2163117.1,-511.88348306,Deep aquitard
5814958.6,2108943.5,-9.988800690000005,Salinas aquitard
5814958.6,2108943.5,-119.54880069000001,180ft aquifer
5814958.6,2108943.5,-183.53880069,Middle aquitard
5814958.6,2108943.5,-269.91880069,400ft aquifer
5814958.6,2108943.5,-298.71880068999997,Deep aquitard
5814958.6,2108943.5,-425.02880069,Paso Robles
5811482.6,2120964.5,14.7175637,Salinas aquitard
5811482.6,2120964.5,-30.612436300000013,180ft aquifer
5811482.6,2120964.5,-141.6724363,Middle aquitard
5811482.6,2120964.5,-258.4824363,400ft aquifer
5811482.6,2120964.5,-365.2124363,Deep aquitard
5828056.7,2093360.3,31.657049999999998,Salinas aquitard
5828056.7,2093360.3,-110.26294999999999,Middle aquitard
5828056.7,2093360.3,-175.73295,400ft aquifer
5828056.7,2093360.3,-279.70295,Deep aquitard
5828056.7,2093360.3,-390.53295,180ft aquifer
5828056.7,2093360.3,-390.53295,Paso Robles
5765589.0,2146969.0,-90.46546222,180ft aquifer
5765589.0,2146969.0,-170.58546222,Middle aquitard
5765589.0,2146969.0,-287.85546222,400ft aquifer
5765589.0,2146969.0,-427.81546222000003,Deep aquitard
5802702.6,2142041.3,-104.0085513,Middle aquitard
5767813.5,2148884.3,-15.47586028,Salinas aquitard
5767813.5,2148884.3,-59.98586028,180ft aquifer
5767813.5,2148884.3,-184.67586028,Middle aquitard
5767813.5,2148884.3,-268.31586028000004,400ft aquifer
5767813.5,2148884.3,-413.85586028,Deep aquitard
5855996.2,2065003.6,87.95972539999998,Middle aquitard
5855996.2,2065003.6,-0.1902746000000093,400ft aquifer
5855996.2,2065003.6,-100.09027459999999,Deep aquitard
5770446.0,2159819.8,-49.98597028,Salinas aquitard
5770446.0,2159819.8,-75.89597028,180ft aquifer
5770446.0,2159819.8,-224.99597028,Middle aquitard
5770446.0,2159819.8,-410.01597028000003,400ft aquifer
5770446.0,2159819.8,-560.01597028,Deep aquitard
5791465.6,2110876.7,97.032623,Salinas aquitard
5791465.6,2110876.7,-6.787377000000006,180ft aquifer
5791465.6,2110876.7,-264.797377,400ft aquifer
5791465.6,2110876.7,-398.767377,Deep aquitard
5781890.1,2162302.8,91.2447984,Salinas aquitard
5743838.0,2165443.1,-69.395699493,Salinas aquitard
5743838.0,2165443.1,-165.005699493,180ft aquifer
5743838.0,2165443.1,-270.02569949300005,Middle aquitard
5743838.0,2165443.1,-320.03569949300004,400ft aquifer
5743838.0,2165443.1,-610.035699493,Deep aquitard
5789768.1,2117103.2,27.19725675,Salinas aquitard
5789768.1,2117103.2,-80.01274325,180ft aquifer
5789768.1,2117103.2,-210.00274325,Middle aquitard
5777560.6,2159599.8,42.72320539,Salinas aquitard
5777560.6,2159599.8,-175.00679461,180ft aquifer
5777560.6,2159599.8,-225.00679461000001,Middle aquitard
5777560.6,2159599.8,-370.02679461,400ft aquifer
5777560.6,2159599.8,-458.35679461,Deep aquitard
5761503.5,2160766.1,-75.00742124,Salinas aquitard
5761503.5,2160766.1,-104.99742124,180ft aquifer
5761503.5,2160766.1,-258.30742124,Middle aquitard
5761503.5,2160766.1,-300.01742124000003,400ft aquifer
5761503.5,2160766.1,-533.5674212399999,Deep aquitard
5764460.0,2159271.1,-40.68769694,Salinas aquitard
5764460.0,2159271.1,-101.13769693999998,180ft aquifer
5764460.0,2159271.1,-275.31769694,Middle aquitard
5764460.0,2159271.1,-375.03769694,400ft aquifer
5764460.0,2159271.1,-558.76769694,Deep aquitard
5771548.6,2157093.1,-52.06507276000001,Salinas aquitard
5771548.6,2157093.1,-182.62507276000002,180ft aquifer
5771548.6,2157093.1,-296.22507276,Middle aquitard
5771548.6,2157093.1,-423.97507276,400ft aquifer
5747131.0,2164991.1,-178.08675154000002,180ft aquifer
5747131.0,2164991.1,-312.29675154,Middle aquitard
5747131.0,2164991.1,-362.59675153999996,400ft aquifer
5767818.5,2166892.3,18.94619155,Salinas aquitard
5772068.6,2168261.3,14.64954945,Salinas aquitard
5772068.6,2168261.3,-28.400450550000002,180ft aquifer
5772068.6,2168261.3,-125.27045054999999,Middle aquitard
5772068.6,2168261.3,-254.42045055000003,400ft aquifer
5842664.2,2092801.2,-143.37356180000003,400ft aquifer
5783966.1,2120751.2,-34.32365892,Salinas aquitard
5783966.1,2120751.2,-64.99365892,180ft aquifer
5783966.1,2120751.2,-189.99365891999997,Middle aquitard
5783966.1,2120751.2,-275.01365892,400ft aquifer
5783966.1,2120751.2,-380.03365892,Deep aquitard
5783966.1,2120751.2,-475.02365891999995,Paso Robles
5874767.8,2035976.0,134.14483460000002,180ft aquifer
5874767.8,2035976.0,54.59483460000001,Middle aquitard
5874767.8,2035976.0,22.77483460000002,400ft aquifer
5834781.2,2074554.9,100.65078410000001,Salinas aquitard
5834781.2,2074554.9,78.2507841,180ft aquifer
5834781.2,2074554.9,-43.0292159,Middle aquitard
5834781.2,2074554.9,-136.3192159,400ft aquifer
5840223.7,2077483.9,93.357559,180ft aquifer
5840223.7,2077483.9,-51.432441,Middle aquitard
5840223.7,2077483.9,-151.162441,400ft aquifer
5840223.7,2077483.9,-202.982441,Deep aquitard
5773994.6,2128802.0,-12.547696190000003,Salinas aquitard
5773994.6,2128802.0,-65.66769619000002,180ft aquifer
5773994.6,2128802.0,-146.20769619,Middle aquitard
5773994.6,2128802.0,-348.64769619,400ft aquifer
5773403.6,2135180.0,-124.45505823,180ft aquifer
5773403.6,2135180.0,-168.55505823,Middle aquitard
5773403.6,2135180.0,-228.07505822999997,400ft aquifer
5773403.6,2135180.0,-405.74505823,Deep aquitard
5787282.1,2113020.2,18.178012289999998,Salinas aquitard
5787282.1,2113020.2,-60.011987710000014,180ft aquifer
5787282.1,2113020.2,-160.02198771000002,Middle aquitard
5787282.1,2113020.2,-320.00198771000004,400ft aquifer
5787282.1,2113020.2,-590.0319877100001,Deep aquitard
5793192.1,2130517.8,-42.610307569999996,Salinas aquitard
5793192.1,2130517.8,-80.95030757,180ft aquifer
5793192.1,2130517.8,-193.90030757000002,Middle aquitard
5793192.1,2130517.8,-232.56030757,400ft aquifer
5793192.1,2130517.8,-383.37030756999997,Deep aquitard
5793192.1,2130517.8,-451.89030757,Paso Robles
5780646.6,2145544.5,-24.071997179999997,Salinas aquitard
5780646.6,2145544.5,-106.32199718,180ft aquifer
5780646.6,2145544.5,-279.57199718,Middle aquitard
5780646.6,2145544.5,-446.17199718,400ft aquifer
5794263.1,2157155.3,49.99271540000001,180ft aquifer
5794263.1,2157155.3,-169.99728459999997,Middle aquitard
5824390.7,2077956.3,55.3386594,Salinas aquitard
5824390.7,2077956.3,-11.84134060000001,180ft aquifer
5824390.7,2077956.3,-65.59134060000001,Middle aquitard
5790891.6,2135429.3,-46.63434361,Salinas aquitard
5790891.6,2135429.3,-170.55434361,180ft aquifer
5790891.6,2135429.3,-258.86434361,Middle aquitard
5790891.6,2135429.3,-327.22434361,400ft aquifer
5790891.6,2135429.3,-421.23434361,Deep aquitard
5782279.1,2154393.6,56.452457450000004,Salinas aquitard
5782279.1,2154393.6,-35.707542549999985,180ft aquifer
5782279.1,2154393.6,-307.20754255,Middle aquitard
5790194.6,2160326.3,47.071054399999994,Salinas aquitard
5790194.6,2160326.3,-26.808945600000015,180ft aquifer
5790194.6,2160326.3,-156.5989456,Middle aquitard
5790194.6,2160326.3,-258.3489456,400ft aquifer
5785357.6,2155113.6,20.558389500000004,Salinas aquitard
5785357.6,2155113.6,-35.7216105,180ft aquifer
5785357.6,2155113.6,-128.2216105,Middle aquitard
5785357.6,2155113.6,-353.92161050000004,400ft aquifer
5779497.6,2121065.2,41.98874276,Shallow aquifer
5779497.6,2121065.2,14.988742759999997,Salinas aquitard
5779497.6,2121065.2,-119.99125723999998,180ft aquifer
5770035.5,2114583.0,-316.0852907,400ft aquifer
5770035.5,2114583.0,-476.6952907,Deep aquitard
5787087.1,2113997.5,4.356658420000002,Salinas aquitard
5787087.1,2113997.5,-319.61334158,400ft aquifer
5787087.1,2113997.5,-406.64334157999997,Deep aquitard
5800043.1,2143518.0,-16.682539200000008,Salinas aquitard
5800043.1,2143518.0,-75.1525392,180ft aquifer
5800043.1,2143518.0,-159.8625392,Middle aquitard
5777316.6,2130636.5,5.802530000000004,Salinas aquitard
5777316.6,2130636.5,-105.01747,180ft aquifer
5777316.6,2130636.5,-182.77747,Middle aquitard
5777316.6,2130636.5,-350.00747,400ft aquifer
5756726.5,2165890.6,-58.92690780000001,Salinas aquitard
5756726.5,2165890.6,-150.0169078,180ft aquifer
5756726.5,2165890.6,-262.4369078,Middle aquitard
5756726.5,2165890.6,-359.9969078,400ft aquifer
5756726.5,2165890.6,-480.01690779999996,Deep aquitard
5758722.0,2164744.8,-30.4669078,Salinas aquitard
5758722.0,2164744.8,-136.9269078,180ft aquifer
5758722.0,2164744.8,-257.1769078,Middle aquitard
5758722.0,2164744.8,-380.01690779999996,400ft aquifer
5758722.0,2164744.8,-500.03690779999994,Deep aquitard
5786492.6,2123549.7,-26.473924599999997,Salinas aquitard
5786492.6,2123549.7,-64.4539246,180ft aquifer
5786492.6,2123549.7,-188.84392459999998,Middle aquitard
5786492.6,2123549.7,-283.7939246,400ft aquifer
5786492.6,2123549.7,-307.8039246,Deep aquitard
5786492.6,2123549.7,-394.77392460000004,Paso Robles
5780802.1,2128742.5,-62.967114900000006,Salinas aquitard
5780802.1,2128742.5,-104.2671149,180ft aquifer
5780802.1,2128742.5,-189.7471149,Middle aquitard
5780802.1,2128742.5,-332.06711490000004,400ft aquifer
5780802.1,2128742.5,-449.9571149,Deep aquitard
5756554.0,2143206.3,-115.71698616999998,180ft aquifer
5756554.0,2143206.3,-273.02698617000004,Middle aquitard
5756554.0,2143206.3,-341.58698617000005,400ft aquifer
5756554.0,2143206.3,-427.92698617,Deep aquitard
5784943.6,2122848.5,-139.04210036,180ft aquifer
5784943.6,2122848.5,-215.32210035999998,Middle aquitard
5784943.6,2122848.5,-276.57210036,400ft aquifer
5784943.6,2122848.5,-315.39210036,Deep aquitard
5784943.6,2122848.5,-423.92210036,Paso Robles
5781287.6,2123885.5,-525.02280817,Paso Robles
5754303.0,2160254.6,-9.53981879,Salinas aquitard
5754303.0,2160254.6,-112.62981879000002,180ft aquifer
5754303.0,2160254.6,-229.99981878999998,Middle aquitard
5754303.0,2160254.6,-352.12981879,400ft aquifer
5829597.7,2080345.9,63.9741116,Salinas aquitard
5829597.7,2080345.9,31.704111600000005,180ft aquifer
5829597.7,2080345.9,-29.555888399999986,Middle aquitard
5829597.7,2080345.9,-140.71588839999998,400ft aquifer
5829597.7,2080345.9,-263.2258884,Deep aquitard
5888121.3,2028764.7,185.413674,180ft aquifer
5888121.3,2028764.7,127.81367399999999,Middle aquitard
5888121.3,2028764.7,44.933673999999996,400ft aquifer
5888121.3,2028764.7,-55.946326,Deep aquitard
5781851.1,2165841.6,60.008699899999996,180ft aquifer
5781851.1,2165841.6,-367.8413001,400ft aquifer
5781865.1,2164717.3,58.6214774,Salinas aquitard
5781865.1,2164717.3,-4.998522599999987,180ft aquifer
5795698.1,2108929.5,-2.881860099999983,Salinas aquitard
5795698.1,2108929.5,-93.63186009999998,180ft aquifer
5794169.6,2109717.5,-4.508965919999994,Salinas aquitard
5794169.6,2109717.5,-90.34896591999998,180ft aquifer
5794169.6,2109717.5,-180.92896592000002,Middle aquitard
5794169.6,2109717.5,-275.76896592,400ft aquifer
5796663.1,2108252.2,89.48769870000001,Salinas aquitard
5796663.1,2108252.2,-54.74230129999998,180ft aquifer
5814890.1,2106009.5,93.46992797,Shallow aquifer
5814890.1,2106009.5,-10.010072030000003,Salinas aquitard
5814890.1,2106009.5,-25.010072030000003,180ft aquifer
5814890.1,2106009.5,-80.00007203,Middle aquitard
5814890.1,2106009.5,-160.02007203,400ft aquifer
5814890.1,2106009.5,-280.01007203,Deep aquitard
5814890.1,2106009.5,-400.03007203,Paso Robles
5785352.1,2127742.3,-71.30910222,180ft aquifer
5785352.1,2127742.3,-196.67910221999998,Middle aquitard
5878079.3,2030712.9,169.82204360000003,180ft aquifer
5878079.3,2030712.9,92.04204360000001,Middle aquitard
5770449.5,2152225.1,7.693259759999997,Salinas aquitard
5770449.5,2152225.1,-125.02674024000001,180ft aquifer
5770449.5,2152225.1,-234.55674023999998,Middle aquitard
5770449.5,2152225.1,-325.03674024,400ft aquifer
5755920.5,2167503.3,-91.51451889,Salinas aquitard
5755920.5,2167503.3,-146.73451889,180ft aquifer
5755920.5,2167503.3,-230.88451889,Middle aquitard
5755920.5,2167503.3,-283.38451889000004,400ft aquifer
5755920.5,2167503.3,-480.00451889000004,Deep aquitard
5822333.7,2078450.9,66.0421375,Salinas aquitard
5822333.7,2078450.9,17.86213749999999,180ft aquifer
5822333.7,2078450.9,-57.0878625,Middle aquitard
5822333.7,2078450.9,-193.60786249999998,400ft aquifer
5822333.7,2078450.9,-271.2378625,Deep aquitard
5876637.3,2034165.1,145.5785203,180ft aquifer
5876637.3,2034165.1,58.9585203,Middle aquitard
5876637.3,2034165.1,20.058520299999998,400ft aquifer
5803962.6,2147938.8,-51.839289699999995,400ft aquifer
5803962.6,2147938.8,-120.53928969999998,Deep aquitard
5790233.1,2112159.0,29.52257604999999,Salinas aquitard
5790233.1,2112159.0,-25.567423950000006,180ft aquifer
5817005.1,2086713.8,76.7664585,Salinas aquitard
5817005.1,2086713.8,-10.183541500000004,180ft aquifer
5786212.2,2144968.3,-220.02301954,Middle aquitard
5786212.2,2144968.3,-374.82301954,400ft aquifer
5786212.2,2144968.3,-460.03301954,Deep aquitard
5807922.6,2117309.7,-31.768956130000007,Salinas aquitard
5807922.6,2117309.7,-37.858956129999996,180ft aquifer
5807922.6,2117309.7,-157.60895613,Middle aquitard
5807922.6,2117309.7,-277.45895613000005,400ft aquifer
5807922.6,2117309.7,-372.20895613000005,Deep aquitard
5807922.6,2117309.7,-613.72895613,Paso Robles
5863402.7,2064243.6,243.4847881,180ft aquifer
5863402.7,2064243.6,206.8247881,Middle aquitard
5811455.6,2119753.0,-39.69851398,Salinas aquitard
5811455.6,2119753.0,-55.248513979999984,180ft aquifer
5811455.6,2119753.0,-78.71851397999998,Middle aquitard
5811455.6,2119753.0,-195.81851398,400ft aquifer
5811455.6,2119753.0,-324.00851398,Deep aquitard
5814644.1,2109962.2,-39.77557372000001,Salinas aquitard
5814644.1,2109962.2,-82.42557372000002,180ft aquifer
5814644.1,2109962.2,-140.68557372,Middle aquitard
5814644.1,2109962.2,-339.47557372,400ft aquifer
5814644.1,2109962.2,-490.27557371999995,Deep aquitard
5814644.1,2109962.2,-617.08557372,Paso Robles
5760997.5,2152129.1,-106.75541286999999,180ft aquifer
5760997.5,2152129.1,-234.18541287000002,Middle aquitard
5760997.5,2152129.1,-325.53541286999996,400ft aquifer
5760997.5,2152129.1,-553.49541287,Deep aquitard
5776974.2,2155531.6,-0.9316498100000032,Salinas aquitard
5776974.2,2155531.6,-129.77164981,180ft aquifer
5776974.2,2155531.6,-252.99164981,Middle aquitard
5776974.2,2155531.6,-407.50164981,400ft aquifer
5776974.2,2155531.6,-538.0216498100001,Deep aquitard
5774373.6,2155641.8,-56.4077248,Salinas aquitard
5774373.6,2155641.8,-136.4577248,180ft aquifer
5770276.0,2131575.0,4.049097659999994,Shallow aquifer
5770276.0,2131575.0,-14.98090234,Salinas aquitard
5770276.0,2131575.0,-86.84090234,180ft aquifer
5770276.0,2131575.0,-233.27090233999996,Middle aquitard
5770276.0,2131575.0,-309.52090233999996,400ft aquifer
5781044.1,2121450.2,10.102149349999998,Salinas aquitard
5781044.1,2121450.2,-72.40785065,180ft aquifer
5781044.1,2121450.2,-122.30785064999999,Middle aquitard
5803670.1,2118042.7,-63.42769541,Salinas aquitard
5803670.1,2118042.7,-157.11769541,180ft aquifer
5803670.1,2118042.7,-217.34769541000003,Middle aquitard
5803670.1,2118042.7,-334.08769541000004,400ft aquifer
5803670.1,2118042.7,-526.35769541,Deep aquitard
5789294.6,2112209.0,51.54045879,Salinas aquitard
5789294.6,2112209.0,-24.009541209999995,180ft aquifer
5789294.6,2112209.0,-294.42954120999997,400ft aquifer
5789294.6,2112209.0,-403.57954121,Deep aquitard
5822336.2,2105329.7,-7.213951100000003,Salinas aquitard
5822336.2,2105329.7,-37.29395109999999,180ft aquifer
5822336.2,2105329.7,-171.5839511,Middle aquitard
5822336.2,2105329.7,-302.5939511,400ft aquifer
5822336.2,2105329.7,-556.6139511,Deep aquitard
5822336.2,2105329.7,-694.2539511,Paso Robles
5856160.6,2071050.4,123.50565799999998,180ft aquifer
5856160.6,2071050.4,-19.534342000000038,Middle aquitard
5856160.6,2071050.4,-143.18434200000002,400ft aquifer
5856160.6,2071050.4,-257.134342,Deep aquitard
5856160.6,2071050.4,-334.71434200000004,Paso Robles
5752909.0,2158613.8,-19.864429169999998,Salinas aquitard
5752909.0,2158613.8,-109.71442917,180ft aquifer
5752909.0,2158613.8,-233.53442917,Middle aquitard
5752909.0,2158613.8,-391.90442916999996,400ft aquifer
5752909.0,2158613.8,-527.7644291700001,Deep aquitard
5854855.2,2065100.5,125.55831140000001,180ft aquifer
5854855.2,2065100.5,49.0183114,Middle aquitard
5854855.2,2065100.5,-443.3116886,Paso Robles
5766457.5,2162329.6,-44.849252310000004,Salinas aquitard
5766457.5,2162329.6,-94.99925231,180ft aquifer
5766457.5,2162329.6,-180.00925231,Middle aquitard
5766457.5,2162329.6,-341.45925230999995,400ft aquifer
5766457.5,2162329.6,-507.46925230999994,Deep aquitard
5849993.7,2071739.9,117.9564733,180ft aquifer
5849993.7,2071739.9,46.3464733,Middle aquitard
5861177.7,2066021.6,228.9083852,180ft aquifer
5861177.7,2066021.6,176.43838519999997,Middle aquitard
5861177.7,2066021.6,103.95838519999998,400ft aquifer
5861177.7,2066021.6,-109.55161480000004,Deep aquitard
5861177.7,2066021.6,-337.37161480000003,Paso Robles
5862743.2,2066267.4,261.5012309,180ft aquifer
5862743.2,2066267.4,199.5712309,Middle aquitard
5862743.2,2066267.4,-467.83876910000004,Paso Robles
5862581.9,2050968.5,79.1127887,180ft aquifer
5862581.9,2050968.5,4.552788699999979,Middle aquitard
5862581.9,2050968.5,-58.537211299999996,400ft aquifer
5895406.8,2026915.7,170.516041,180ft aquifer
5895406.8,2026915.7,-7.203958999999998,Middle aquitard
5893418.3,2009886.1,235.10960079999995,180ft aquifer
5893418.3,2009886.1,183.86960079999997,Middle aquitard
5893418.3,2009886.1,169.03960079999996,400ft aquifer
5762394.5,2141034.3,-109.30436057,180ft aquifer
5762394.5,2141034.3,-175.97436057,Middle aquitard
5762394.5,2141034.3,-284.31436056999996,400ft aquifer
5753028.0,2162823.1,-28.022405900000003,Salinas aquitard
5753028.0,2162823.1,-140.0224059,180ft aquifer
5753028.0,2162823.1,-210.0024059,Middle aquitard
5753028.0,2162823.1,-411.83240589999997,400ft aquifer
5753028.0,2162823.1,-580.0324059000001,Deep aquitard
5766196.0,2156620.6,-98.86650849,Salinas aquitard
5766196.0,2156620.6,-139.37650849,180ft aquifer
5766196.0,2156620.6,-296.19650849,Middle aquitard
5766196.0,2156620.6,-430.65650848999996,400ft aquifer
5766196.0,2156620.6,-558.2865084900001,Deep aquitard
5750444.0,2180618.1,-74.18104613999999,Salinas aquitard
5750444.0,2180618.1,-141.71104614,180ft aquifer
5750444.0,2180618.1,-279.06104614,Middle aquitard
5750444.0,2180618.1,-400.80104614,400ft aquifer
5750444.0,2180618.1,-507.70104614,Deep aquitard
5750444.0,2180618.1,-650.23104614,Paso Robles
5756273.5,2166408.1,-145.27749049,Salinas aquitard
5756273.5,2166408.1,-157.95749049,180ft aquifer
5756273.5,2166408.1,-248.05749049,Middle aquitard
5756273.5,2166408.1,-440.25749049,400ft aquifer
5756273.5,2166408.1,-506.29749049,Deep aquitard
5755968.5,2156003.8,-85.19765219,180ft aquifer
5755968.5,2156003.8,-279.03765219,Middle aquitard
5755968.5,2156003.8,-419.03765219,400ft aquifer
5750272.0,2156722.3,-106.13308684,Salinas aquitard
5750272.0,2156722.3,-137.50308684,180ft aquifer
5750272.0,2156722.3,-227.43308684000002,Middle aquitard
5750272.0,2156722.3,-326.17308684,400ft aquifer
5750272.0,2156722.3,-596.46308684,Deep aquitard
5831608.6,2079248.8,60.3356151,Salinas aquitard
5831608.6,2079248.8,48.885615099999995,180ft aquifer
5831608.6,2079248.8,-16.90438490000001,Middle aquitard
5831608.6,2079248.8,-66.7843849,400ft aquifer
5831608.6,2079248.8,-147.15438489999997,Deep aquitard
5831608.6,2079248.8,-335.2943849,Paso Robles
5755461.5,2159950.6,-150.55307439,180ft aquifer
5755461.5,2159950.6,-222.75307439000002,Middle aquitard
5755461.5,2159950.6,-357.06307439,400ft aquifer
5755461.5,2159950.6,-450.35307439,Deep aquitard
5820511.1,2113411.1,-6.952083600000009,180ft aquifer
5820511.1,2113411.1,-41.292083599999984,Middle aquitard
5820511.1,2113411.1,-85.44208359999999,400ft aquifer
5820511.1,2113411.1,-232.62208360000002,Deep aquitard
5820511.1,2113411.1,-394.5120836,Paso Robles
5819659.0,2090342.3,71.7723613,180ft aquifer
5819659.0,2090342.3,-106.9076387,Middle aquitard
5819659.0,2090342.3,-139.9976387,400ft aquifer
5819659.0,2090342.3,-287.48763870000005,Deep aquitard
5830171.4,2068024.0,-57.34050119999998,400ft aquifer
5830171.4,2068024.0,-254.15050119999998,Deep aquitard
5825370.1,2096391.0,25.819275599999997,Salinas aquitard
5825370.1,2096391.0,14.539275599999996,180ft aquifer
5825370.1,2096391.0,-174.74072440000003,Middle aquitard
5825370.1,2096391.0,-218.4107244,400ft aquifer
5825370.1,2096391.0,-399.3907244,Deep aquitard
5768566.4,2143455.7,1.8030140999999986,Salinas aquitard
5768566.4,2143455.7,-68.19698589999999,180ft aquifer
5768566.4,2143455.7,-158.6269859,Middle aquitard
5768566.4,2143455.7,-227.52698589999997,400ft aquifer
5768566.4,2143455.7,-480.89698590000006,Deep aquitard
5753572.5,2150105.8,10.708093399999996,Salinas aquitard
5753572.5,2150105.8,-125.27190660000002,180ft aquifer
5753572.5,2150105.8,-251.7319066,Middle aquitard
5753572.5,2150105.8,-327.0719066,400ft aquifer
5754181.0,2151255.8,-132.30482458,180ft aquifer
5784067.3,2162971.2,91.29901159999999,Salinas aquitard
5784067.3,2162971.2,52.31901159999998,180ft aquifer
5784067.3,2162971.2,-32.140988400000026,Middle aquitard
5752558.5,2147858.8,49.624765900000014,Salinas aquitard
5752558.5,2147858.8,-76.83523409999998,180ft aquifer
5752558.5,2147858.8,-211.3752341,Middle aquitard
5752558.5,2147858.8,-300.16523409999996,400ft aquifer
5764564.6,2149920.9,-61.863821699999995,180ft aquifer
5764564.6,2149920.9,-297.6038217,Middle aquitard
5764564.6,2149920.9,-399.0638217,400ft aquifer
5807842.9,2124759.7,-330.87941246,400ft aquifer
5831533.8,2076575.7,30.684159099999988,180ft aquifer
5831533.8,2076575.7,-81.4458409,Middle aquitard
5831533.8,2076575.7,-180.3858409,400ft aquifer
5763300.0,2150309.4,-83.98787791,180ft aquifer
5763300.0,2150309.4,-262.48787791,Middle aquitard
5763300.0,2150309.4,-333.43787791,400ft aquifer
5763300.0,2150309.4,-522.11787791,Deep aquitard
5895510.7,1999582.4,326.6370812,180ft aquifer
5895510.7,1999582.4,259.6370812,Middle aquitard
5895510.7,1999582.4,233.5770812,400ft aquifer
5895510.7,1999582.4,-17.67291879999999,Paso Robles
5753574.6,2166899.8,-24.36659658,Salinas aquitard
5753574.6,2166899.8,-74.23659658,180ft aquifer
5753574.6,2166899.8,-182.26659658,Middle aquitard
5753574.6,2166899.8,-252.57659658,400ft aquifer
5849535.6,2070086.9,108.6397212,180ft aquifer
5849535.6,2070086.9,5.9797212,Middle aquitard
5849535.6,2070086.9,-486.35027879999996,Paso Robles
5845007.0,2066688.5,86.54576559999998,180ft aquifer
5845007.0,2066688.5,-13.274234400000012,Middle aquitard
5845007.0,2066688.5,-63.1942344,400ft aquifer
5845007.0,2066688.5,-210.65423440000004,Deep aquitard
5900299.1,2003958.4,206.5203419,400ft aquifer
5788299.8,2129099.0,17.61496178,Salinas aquitard
5788299.8,2129099.0,-29.125038220000008,180ft aquifer
5788299.8,2129099.0,-143.60503821999998,Middle aquitard
5788299.8,2129099.0,-261.21503822,400ft aquifer
5803363.3,2107475.9,-38.43576966999999,Salinas aquitard
5803363.3,2107475.9,-114.86576966999999,180ft aquifer
5803363.3,2107475.9,-249.96576967000001,Middle aquitard
5803363.3,2107475.9,-291.99576967,400ft aquifer
5803363.3,2107475.9,-522.16576967,Deep aquitard
5823358.0,2100476.3,-10.804944399999997,Salinas aquitard
5823358.0,2100476.3,-82.5749444,180ft aquifer
5823358.0,2100476.3,-284.1349444,400ft aquifer
5823358.0,2100476.3,-533.2149444,Deep aquitard
5823358.0,2100476.3,-690.8749444,Paso Robles
5797592.8,2138560.4,27.635408600000005,180ft aquifer
5797592.8,2138560.4,-27.774591400000006,Middle aquitard
5797592.8,2138560.4,-125.15459140000002,400ft aquifer
5797592.8,2138560.4,-213.5345914,Deep aquitard
5797592.8,2138560.4,-629.0545913999999,Paso Robles
5773404.6,2160690.1,-2.4493240000000043,Salinas aquitard
5773404.6,2160690.1,-72.19932399999999,180ft aquifer
5773404.6,2160690.1,-180.929324,Middle aquitard
5773404.6,2160690.1,-400.629324,400ft aquifer
5773404.6,2160690.1,-489.599324,Deep aquitard
5853861.7,2049044.5,84.25901390000001,180ft aquifer
5853861.7,2049044.5,10.799013900000006,Middle aquitard
5853861.7,2049044.5,-72.24098609999999,400ft aquifer
5746795.5,2179888.6,-89.86879439,Salinas aquitard
5746795.5,2179888.6,-131.99879439,180ft aquifer
5746795.5,2179888.6,-344.65879439,Middle aquitard
5748890.0,2182098.6,-87.58518962,Salinas aquitard
5748163.0,2179753.4,-35.359525659999996,Salinas aquitard
5748163.0,2179753.4,-53.93952566,180ft aquifer
5745414.0,2171755.3,-46.72895103,Salinas aquitard
5745414.0,2171755.3,-118.23895103000001,180ft aquifer
5745414.0,2171755.3,-287.53895103,Middle aquitard
5745414.0,2171755.3,-452.25895103,400ft aquifer
5748393.0,2171789.8,-38.60055674,Salinas aquitard
5748393.0,2171789.8,-90.01055674,180ft aquifer
5748393.0,2171789.8,-199.33055674,Middle aquitard
5748393.0,2171789.8,-268.11055674,400ft aquifer
5748393.0,2171789.8,-595.02055674,Deep aquitard
5748683.0,2171142.3,-28.435275924999996,Salinas aquitard
5748683.0,2171142.3,-95.015275925,180ft aquifer
5748683.0,2171142.3,-170.015275925,Middle aquitard
5748683.0,2171142.3,-220.025275925,400ft aquifer
5748683.0,2171142.3,-585.035275925,Deep aquitard
5749390.5,2170008.8,-94.9981736,180ft aquifer
5749390.5,2170008.8,-170.0081736,Middle aquitard
5749390.5,2170008.8,-256.7281736,400ft aquifer
5749390.5,2170008.8,-537.4181736,Deep aquitard
5755373.5,2172501.6,-16.86245035,Salinas aquitard
5755373.5,2172501.6,-56.69245035,180ft aquifer
5746864.0,2163233.8,-280.39329403,180ft aquifer
5746864.0,2163233.8,-382.69329403,400ft aquifer
5746864.0,2163233.8,-526.49329403,Deep aquitard
5795690.6,2151793.6,29.626224300000004,Salinas aquitard
5792547.6,2152865.8,-64.43438400000001,Salinas aquitard
5792547.6,2152865.8,-138.394384,180ft aquifer
5792547.6,2152865.8,-225.024384,Middle aquitard
5792547.6,2152865.8,-370.85438400000004,400ft aquifer
5796749.6,2122660.7,-64.98748949000002,Salinas aquitard
5796749.6,2122660.7,-129.88748949,180ft aquifer
5812829.1,2117356.5,-47.487935489999984,Salinas aquitard
5812829.1,2117356.5,-105.87793549,180ft aquifer
5812829.1,2117356.5,-150.17793548999998,Middle aquitard
5812829.1,2117356.5,-194.46793549,400ft aquifer
5812829.1,2117356.5,-264.93793549,Deep aquitard
5814572.6,2110566.5,-46.0115064,Salinas aquitard
5814572.6,2110566.5,-99.5515064,180ft aquifer
5814572.6,2110566.5,-175.13150639999998,Middle aquitard
5823315.2,2100913.5,41.829793499999994,Salinas aquitard
5823315.2,2100913.5,33.9497935,180ft aquifer
5823315.2,2100913.5,-62.890206500000005,Middle aquitard
5822079.7,2096779.4,12.936737399999998,Salinas aquitard
5822079.7,2096779.4,-11.683262599999992,180ft aquifer
5822079.7,2096779.4,-68.31326259999999,Middle aquitard
5822079.7,2096779.4,-144.63326260000002,400ft aquifer
5833243.7,2096423.6,72.29853560000001,180ft aquifer
5833243.7,2096423.6,-22.311464400000006,Middle aquitard
5833243.7,2096423.6,-46.511464399999994,400ft aquifer
5833243.7,2096423.6,-293.60146439999994,Deep aquitard
5820927.2,2091033.2,26.6864312,180ft aquifer
5820927.2,2091033.2,-79.26356879999999,Middle aquitard
5820927.2,2091033.2,-192.8035688,400ft aquifer
5815015.6,2088432.9,44.43176690000001,Salinas aquitard
5815015.6,2088432.9,-25.6482331,180ft aquifer
5842589.7,2097010.2,-27.45211979999999,400ft aquifer
5847215.6,2053738.9,111.0481969,180ft aquifer
5847215.6,2053738.9,40.6681969,Middle aquitard
5868464.7,2056412.1,158.85895920000002,180ft aquifer
5868464.7,2056412.1,74.06895920000001,Middle aquitard
5868464.7,2056412.1,-300.0710408,Paso Robles
5872822.3,2029043.1,140.84891679999998,180ft aquifer
5872822.3,2029043.1,115.50891680000001,Middle aquitard
5896435.8,2030097.9,177.63432219999999,180ft aquifer
5896435.8,2030097.9,56.654322199999996,Middle aquitard
5794419.8,2119789.8,-50.9563918,180ft aquifer
5794419.8,2119789.8,-145.38639179999998,Middle aquitard
5794419.8,2119789.8,-233.91639179999999,400ft aquifer
5794419.8,2119789.8,-312.8963918,Deep aquitard
5793103.9,2121196.0,-120.61732906,180ft aquifer
5793103.9,2121196.0,-171.07732906,Middle aquitard
5793103.9,2121196.0,-236.83732906,400ft aquifer
5793103.9,2121196.0,-308.15732906,Deep aquitard
5793103.9,2121196.0,-359.59732906,Paso Robles
5749641.6,2176843.4,-58.9,Salinas aquitard
5749641.6,2176843.4,-93.59,180ft aquifer
5749641.6,2176843.4,-431.35,400ft aquifer
5749641.6,2176843.4,-567.09,Deep aquitard
5744498.6,2172106.4,-60.96514242,Salinas aquitard
5744498.6,2172106.4,-140.77514242,180ft aquifer
5744498.6,2172106.4,-240.01514242000002,Middle aquitard
5744498.6,2172106.4,-270.00514242,400ft aquifer
5744498.6,2172106.4,-510.01514242,Deep aquitard
5748878.5,2173585.7,-6.856601500000002,Salinas aquitard
5748878.5,2173585.7,-106.92660149999999,180ft aquifer
5748878.5,2173585.7,-198.2366015,Middle aquitard
5748878.5,2173585.7,-398.7666015,400ft aquifer
5751002.6,2171029.5,-2.86499377,Salinas aquitard
5751002.6,2171029.5,-90.60499377,180ft aquifer
5751002.6,2171029.5,-207.60499377000002,Middle aquitard
5751002.6,2171029.5,-317.53499376999997,400ft aquifer
5751002.6,2171029.5,-559.14499377,Deep aquitard
5754017.6,2170910.0,-8.116894080000002,Salinas aquitard
5754017.6,2170910.0,-101.62689408,180ft aquifer
5754017.6,2170910.0,-225.62689408,Middle aquitard
5754017.6,2170910.0,-265.06689408,400ft aquifer
5754017.6,2170910.0,-533.53689408,Deep aquitard
5772857.3,2164648.0,-46.29894479000001,Salinas aquitard
5772857.3,2164648.0,-138.64894479000003,180ft aquifer
5772857.3,2164648.0,-246.56894479000005,Middle aquitard
5764000.5,2166288.3,0.0020580599999995286,Salinas aquitard
5764000.5,2166288.3,-110.00794194,180ft aquifer
5764000.5,2166288.3,-179.98794194,Middle aquitard
5764000.5,2166288.3,-375.01794194,400ft aquifer
5748948.0,2166794.1,-136.07659658,180ft aquifer
5748948.0,2166794.1,-244.08659658,Middle aquitard
5748948.0,2166794.1,-410.08659658,400ft aquifer
5771833.0,2156675.5,-75.46105346,Salinas aquitard
5771833.0,2156675.5,-179.76105346,180ft aquifer
5771833.0,2156675.5,-327.52105345999996,Middle aquitard
5771833.0,2156675.5,-430.08105346,400ft aquifer
5767676.9,2153359.5,-131.60544559,Salinas aquitard
5767676.9,2153359.5,-146.44544559,180ft aquifer
5767676.9,2153359.5,-319.15544559,Middle aquitard
5767676.9,2153359.5,-390.02544559,400ft aquifer
5767676.9,2153359.5,-507.58544558999995,Deep aquitard
5762035.5,2150921.1,-188.18015909000002,180ft aquifer
5762035.5,2150921.1,-414.49015909,Middle aquitard
5762035.5,2150921.1,-442.76015909,400ft aquifer
5762035.5,2150921.1,-601.37015909,Deep aquitard
5762035.5,2150921.1,-920.97015909,Paso Robles
5772968.1,2148634.1,-29.99131043,Salinas aquitard
5772968.1,2148634.1,-60.02131043000001,180ft aquifer
5777956.6,2162306.6,19.446392189999997,Salinas aquitard
5777956.6,2162306.6,0.026392189999995708,180ft aquifer
5777956.6,2162306.6,-58.80360781,Middle aquitard
5777956.6,2162306.6,-205.89360781,400ft aquifer
5777956.6,2162306.6,-345.24360781,Deep aquitard
5775648.6,2159482.3,-30.005339090000007,Salinas aquitard
5775648.6,2159482.3,-55.00533909000001,180ft aquifer
5775648.6,2159482.3,-181.94533909,Middle aquitard
5775648.6,2159482.3,-365.02533909000005,400ft aquifer
5775648.6,2159482.3,-496.38533909000006,Deep aquitard
5790185.2,2158291.1,52.362427499999995,180ft aquifer
5772833.3,2149935.6,-10.71046761000001,Salinas aquitard
5772833.3,2149935.6,-64.67046761,180ft aquifer
5772833.3,2149935.6,-266.14046761,Middle aquitard
5772833.3,2149935.6,-300.51046761,400ft aquifer
5772833.3,2149935.6,-395.57046761,Deep aquitard
5791382.8,2152773.4,87.5594858,Salinas aquitard
5791382.8,2152773.4,-10.260514199999989,180ft aquifer
5791382.8,2152773.4,-39.988309900000004,180ft aquifer
5791382.8,2152773.4,-250.00830990000003,Middle aquitard
5791382.8,2152773.4,-375.00830990000003,400ft aquifer
5791382.8,2152773.4,-420.02830990000007,Deep aquitard
5785064.8,2154924.3,-130.0096901,180ft aquifer
5785064.8,2154924.3,-175.01969010000002,Middle aquitard
5785064.8,2154924.3,-259.99969009999995,400ft aquifer
5789066.8,2155673.1,14.821595470000005,Salinas aquitard
5789066.8,2155673.1,-57.65840453000001,180ft aquifer
5789066.8,2155673.1,-172.35840453,Middle aquitard
5789066.8,2155673.1,-392.11840453,400ft aquifer
5789066.8,2155673.1,-531.95840453,Deep aquitard
5789066.8,2155673.1,-690.36840453,Paso Robles
5785224.6,2153022.3,12.731344449999995,Salinas aquitard
5785224.6,2153022.3,-138.59865555,180ft aquifer
5785224.6,2153022.3,-220.09865555,Middle aquitard
5785224.6,2153022.3,-444.43865554999996,400ft aquifer
5787323.2,2150167.9,63.57852888000001,Salinas aquitard
5787323.2,2150167.9,-38.85147112,180ft aquifer
5787323.2,2150167.9,-204.35147111999999,Middle aquitard
5787323.2,2150167.9,-364.19147112,400ft aquifer
5789951.9,2148711.8,54.12492907000001,Salinas aquitard
5789951.9,2148711.8,-108.07507092999998,180ft aquifer
5789951.9,2148711.8,-122.54507093000001,Middle aquitard
5789951.9,2148711.8,-350.65507093,400ft aquifer
5785791.0,2142456.4,-11.956913229999998,Shallow aquifer
5785791.0,2142456.4,-32.726913229999994,Salinas aquitard
5785791.0,2142456.4,-120.96691322999999,180ft aquifer
5785791.0,2142456.4,-188.87691322999999,Middle aquitard
5806085.6,2139034.5,22.809162599999993,Salinas aquitard
5806085.6,2139034.5,-295.0208374,400ft aquifer
5806085.6,2139034.5,-410.0208374,Deep aquitard
5806085.6,2139034.5,-560.0308374,Paso Robles
5768307.8,2133081.1,-46.984186830000006,Salinas aquitard
5768307.8,2133081.1,-90.06418683000001,180ft aquifer
5768307.8,2133081.1,-217.92418683,Middle aquitard
5768307.8,2133081.1,-266.45418682999997,400ft aquifer
5801537.0,2134633.7,14.420587269999999,180ft aquifer
5801537.0,2134633.7,-47.949412730000006,Middle aquitard
5801537.0,2134633.7,-308.09941273000004,400ft aquifer
5801988.8,2135065.8,47.42848481,180ft aquifer
5801988.8,2135065.8,-30.151515189999998,Middle aquitard
5792623.6,2132712.4,-41.952827819999996,Salinas aquitard
5792623.6,2132712.4,-90.00282782,180ft aquifer
5792623.6,2132712.4,-200.01282781999998,Middle aquitard
5792623.6,2132712.4,-210.02282781999997,400ft aquifer
5785583.0,2133845.2,15.023004030000003,Shallow aquifer
5785583.0,2133845.2,-11.646995969999999,Salinas aquitard
5785583.0,2133845.2,-35.17699597,180ft aquifer
5785583.0,2133845.2,-165.29699596999998,Middle aquitard
5785583.0,2133845.2,-202.89699596999998,400ft aquifer
5785583.0,2133845.2,-431.09699596999997,Deep aquitard
5781937.3,2130405.9,-50.99234509,Salinas aquitard
5781937.3,2130405.9,-99.56234509000001,180ft aquifer
5781937.3,2130405.9,-145.20234509,Middle aquitard
5784087.0,2128547.4,5.43902216,Salinas aquitard
5784087.0,2128547.4,-77.89097784,180ft aquifer
5784087.0,2128547.4,-192.72097784,Middle aquitard
5783659.5,2129007.1,-72.03739766,180ft aquifer
5797058.6,2128534.3,-28.50246853,Salinas aquitard
5797058.6,2128534.3,-164.89246853,180ft aquifer
5797058.6,2128534.3,-268.66246852999996,Middle aquitard
5797058.6,2128534.3,-336.86246853,400ft aquifer
5803828.2,2121643.3,-42.37105781000001,Salinas aquitard
5803828.2,2121643.3,-88.27105781,180ft aquifer
5787097.0,2124880.8,-39.13237535999999,Salinas aquitard
5787097.0,2124880.8,-61.782375359999996,180ft aquifer
5787097.0,2124880.8,-186.91237536,Middle aquitard
5779877.1,2120673.5,-27.1770437,Salinas aquitard
5779877.1,2120673.5,-105.4370437,180ft aquifer
5779877.1,2120673.5,-120.92704369999998,Middle aquitard
5774949.1,2122547.0,3.629272290000003,Salinas aquitard
5774949.1,2122547.0,-92.63072771,180ft aquifer
5774949.1,2122547.0,-165.96072771000001,Middle aquitard
5774949.1,2122547.0,-229.30072771,400ft aquifer
5773692.6,2121415.7,-61.65247011,Salinas aquitard
5773692.6,2121415.7,-84.81247010999999,180ft aquifer
5773692.6,2121415.7,-133.06247011,Middle aquitard
5800852.4,2109271.9,-21.669774500000003,180ft aquifer
5797314.2,2109833.8,-4.724311050000011,Salinas aquitard
5797314.2,2109833.8,-32.58431105000001,180ft aquifer
5802100.7,2106557.8,50.00957557,Salinas aquitard
5802100.7,2106557.8,-14.37042443,180ft aquifer
5809578.5,2134180.7,-571.53,Paso Robles
5807258.8,2133551.1,42.3870665,180ft aquifer
5807258.8,2133551.1,-6.692933499999995,Middle aquitard
5807258.8,2133551.1,-213.3129335,400ft aquifer
5807258.8,2133551.1,-314.0429335,Deep aquitard
5807258.8,2133551.1,-513.9629335,Paso Robles
5809469.7,2117453.2,-29.755515559999992,Salinas aquitard
5809469.7,2117453.2,-48.13551556,180ft aquifer
5809469.7,2117453.2,-90.86551555999999,Middle aquitard
5813343.6,2107880.7,81.4927352,Shallow aquifer
5813343.6,2107880.7,-10.017264800000007,Salinas aquitard
5813343.6,2107880.7,-25.0072648,180ft aquifer
5813343.6,2107880.7,-79.99726480000001,Middle aquitard
5813343.6,2107880.7,-160.0172648,400ft aquifer
5813343.6,2107880.7,-361.1772648,Deep aquitard
5809584.6,2105529.0,20.40161162999999,Salinas aquitard
5809584.6,2105529.0,1.5916116299999885,180ft aquifer
5809584.6,2105529.0,-54.99838837,Middle aquitard
5809584.6,2105529.0,-138.22838837,400ft aquifer
5809584.6,2105529.0,-250.01838836999997,Deep aquitard
5831985.2,2098511.0,24.396869400000014,180ft aquifer
5831985.2,2098511.0,-20.883130599999987,Middle aquitard
5831985.2,2098511.0,-50.8031306,400ft aquifer
5831985.2,2098511.0,-275.3631306,Deep aquitard
5814550.9,2087615.5,30.2850921,Salinas aquitard
5835915.9,2088743.8,78.6910105,180ft aquifer
5835915.9,2088743.8,-21.868989499999998,Middle aquitard
5835915.9,2088743.8,-175.78898949999999,400ft aquifer
5835915.9,2088743.8,-253.53898949999999,Deep aquitard
5837849.3,2081632.8,15.383802200000005,Salinas aquitard
5843257.7,2082783.7,56.6538348,180ft aquifer
5843257.7,2082783.7,-15.0361652,Middle aquitard
5843257.7,2082783.7,-146.82616520000002,400ft aquifer
5843257.7,2082783.7,-217.30616519999998,Deep aquitard
5844227.2,2073516.5,121.1833751,180ft aquifer
5844227.2,2073516.5,-9.406624899999997,Middle aquitard
5844227.2,2073516.5,-39.01662490000001,400ft aquifer
5844227.2,2073516.5,-183.38662490000002,Deep aquitard
5844670.2,2073028.4,75.31154520000001,180ft aquifer
5844670.2,2073028.4,24.831545200000008,Middle aquitard
5829792.1,2069040.1,7.602697500000005,180ft aquifer
5829792.1,2069040.1,-46.84730250000001,Middle aquitard
5831890.0,2067150.4,-9.091186800000003,180ft aquifer
5857269.9,2069517.2,253.8132374,Salinas aquitard
5857269.9,2069517.2,113.50323739999999,180ft aquifer
5857269.9,2069517.2,50.47323739999999,Middle aquitard
5857269.9,2069517.2,9.253237399999989,400ft aquifer
5857269.9,2069517.2,-124.08676259999999,Deep aquitard
5864693.2,2060519.2,-29.8,180ft aquifer
5864693.2,2060519.2,-121.76,Middle aquitard
5864693.2,2060519.2,-180.79,400ft aquifer
5864693.2,2060519.2,-317.02,Deep aquitard
5862037.2,2059250.1,-65.02,400ft aquifer
5862037.2,2059250.1,-132.53,Deep aquitard
5860782.6,2057873.7,128.6140871,180ft aquifer
5860782.6,2057873.7,45.1240871,Middle aquitard
5860782.6,2057873.7,-181.6859129,Deep aquitard
5860782.6,2057873.7,-1233.8259129,Paso Robles
5847444.9,2053103.6,-165.7850375,400ft aquifer
5847444.9,2053103.6,-297.7250375,Deep aquitard
5866611.7,2060789.8,76.9712552,400ft aquifer
5866611.7,2060789.8,-34.2787448,Deep aquitard
5870272.5,2055332.2,110.31248430000001,Middle aquitard
5880348.7,2048627.2,168.1405984,180ft aquifer
5880348.7,2048627.2,111.9005984,Middle aquitard
5880348.7,2048627.2,80.20059839999999,400ft aquifer
5881695.7,2047130.9,171.214289,180ft aquifer
5881695.7,2047130.9,101.67428900000002,Middle aquitard
5881695.7,2047130.9,66.914289,400ft aquifer
5881695.7,2047130.9,-80.32571100000001,Deep aquitard
5882544.7,2029802.4,171.9038457,180ft aquifer
5882544.7,2029802.4,60.863845699999985,Middle aquitard
5882544.7,2029802.4,19.453845699999988,400ft aquifer
5885173.0,2028894.6,179.0116886,180ft aquifer
5885173.0,2028894.6,110.38168860000002,Middle aquitard
5885173.0,2028894.6,34.821688600000016,400ft aquifer
5880134.9,2026339.1,203.23530409999998,180ft aquifer
5880134.9,2026339.1,150.1953041,Middle aquitard
5880134.9,2026339.1,109.53530409999999,400ft aquifer
5885830.3,2026828.7,192.6044913,180ft aquifer
5885830.3,2026828.7,113.5644913,Middle aquitard
5885830.3,2026828.7,-24.995508699999988,400ft aquifer
5897448.3,2023479.2,171.3569642,180ft aquifer
5897448.3,2023479.2,108.1469642,Middle aquitard
5897448.3,2023479.2,53.35696419999999,400ft aquifer
5897448.3,2023479.2,2.7869642,Deep aquitard
5896735.9,2012211.9,218.25468190000004,180ft aquifer
5896735.9,2012211.9,109.03468190000001,400ft aquifer
5897568.4,2013787.3,212.1850551,180ft aquifer
5897568.4,2013787.3,161.6250551,Middle aquitard
5897568.4,2013787.3,85.4350551,400ft aquifer
5902880.1,2007836.8,190.0841565,400ft aquifer
5902880.1,2007836.8,92.69415650000002,Deep aquitard
5782432.2,2169449.0,91.24006510000001,Salinas aquitard
5782432.2,2169449.0,58.510065100000006,180ft aquifer
5782432.2,2169449.0,-4.969934899999998,Middle aquitard
5762873.1,2143210.3,-93.12837285,180ft aquifer
5762873.1,2143210.3,-143.76837285000002,Middle aquitard
5762873.1,2143210.3,-268.90837285000003,400ft aquifer
5762873.1,2143210.3,-433.96837285,Deep aquitard
5774363.5,2167011.4,-25.717351679999993,180ft aquifer
5774363.5,2167011.4,-122.57735167999999,Middle aquitard
5774363.5,2167011.4,-259.80735168,400ft aquifer
5780398.1,2139447.9,-85.48200551999999,180ft aquifer
5780398.1,2139447.9,-154.58200552,Middle aquitard
5780398.1,2139447.9,-255.93200552000002,400ft aquifer
5780398.1,2139447.9,-255.93200552000002,Salinas aquitard
5871228.8,2054196.5,130.30759030000002,180ft aquifer
5871228.8,2054196.5,-30.222409699999986,Middle aquitard
5871228.8,2054196.5,-53.742409699999996,400ft aquifer
5871228.8,2054196.5,-82.37240969999996,Deep aquitard
5871228.8,2054196.5,-318.9224097,Paso Robles
5865464.7,2035724.0,111.05836450000001,180ft aquifer
5865464.7,2035724.0,49.49836450000001,Middle aquitard
5892643.3,2025526.2,181.8487496,180ft aquifer
5892643.3,2025526.2,88.13874959999998,Middle aquitard
5814814.2,2094225.6,50.06523111,Salinas aquitard
5814814.2,2094225.6,-7.194768889999992,180ft aquifer
5821359.5,2083888.9,37.86274039999999,Salinas aquitard
5821359.5,2083888.9,-33.75725960000001,180ft aquifer
5821359.5,2083888.9,-123.74725959999999,Middle aquitard
5783517.5,2139798.6,-14.503764050000001,Salinas aquitard
5783517.5,2139798.6,-70.01376405,180ft aquifer
5783517.5,2139798.6,-154.99376404999998,Middle aquitard
5783517.5,2139798.6,-220.02376405,400ft aquifer
5783517.5,2139798.6,-356.14376404999996,Deep aquitard
5854466.6,2059736.7,142.7875451,180ft aquifer
5854466.6,2059736.7,65.6575451,Middle aquitard
5854466.6,2059736.7,38.437545099999994,400ft aquifer
5854466.6,2059736.7,-90.8824549,Deep aquitard
5775843.6,2157903.3,-164.85799394000003,180ft aquifer
5895642.9,2026932.4,178.9820057,180ft aquifer
5895642.9,2026932.4,-49.517994300000026,Middle aquitard
5895642.9,2026932.4,-311.86799429999996,400ft aquifer
5756763.4,2155547.7,-63.52384663000001,180ft aquifer
5756763.4,2155547.7,-203.52384662999998,Middle aquitard
5756763.4,2155547.7,-313.46384663,400ft aquifer
5756763.4,2155547.7,-489.09384663,Deep aquitard
5768799.0,2148773.8,-101.21513199999998,Salinas aquitard
5768799.0,2148773.8,-145.255132,180ft aquifer
5768799.0,2148773.8,-220.51513199999997,Middle aquitard
5768799.0,2148773.8,-286.695132,400ft aquifer
5768799.0,2148773.8,-308.925132,Deep aquitard
5782568.0,2159018.9,74.52474819999999,Salinas aquitard
5782568.0,2159018.9,-5.605251800000005,180ft aquifer
5782568.0,2159018.9,-418.1152518,400ft aquifer
5786623.3,2126881.1,-17.724339140000005,180ft aquifer
5785270.8,2126925.0,-14.734417299999997,Salinas aquitard
5785270.8,2126925.0,-28.164417300000004,180ft aquifer
5785270.8,2126925.0,-147.0344173,Middle aquitard
5794571.8,2126579.4,17.029498610000005,Salinas aquitard
5794571.8,2126579.4,-55.77050138999999,180ft aquifer
5794571.8,2126579.4,-200.65050139,Middle aquitard
5794571.8,2126579.4,-299.43050138999996,400ft aquifer
5794571.8,2126579.4,-410.52050139,Deep aquitard
5802479.6,2120911.4,-5.856363050000013,Salinas aquitard
5802479.6,2120911.4,-168.52636305,180ft aquifer
5802479.6,2120911.4,-288.93636305,Middle aquitard
5802479.6,2120911.4,-318.90636305000004,400ft aquifer
5802479.6,2120911.4,-465.21636305,Deep aquitard
5797229.0,2123806.1,-54.56615572,Salinas aquitard
5797229.0,2123806.1,-149.65615572000002,180ft aquifer
5797229.0,2123806.1,-191.92615572,Middle aquitard
5797229.0,2123806.1,-223.62615572000004,400ft aquifer
5797229.0,2123806.1,-399.48615572,Deep aquitard
5795840.4,2122480.0,-18.96924568,Salinas aquitard
5795840.4,2122480.0,-51.89924568000001,180ft aquifer
5795840.4,2122480.0,-197.10924568000001,Middle aquitard
5798500.4,2119658.1,-36.07189767999999,Salinas aquitard
5798500.4,2119658.1,-121.27189768,180ft aquifer
5798500.4,2119658.1,-211.77189768,Middle aquitard
5798500.4,2119658.1,-323.09189768,400ft aquifer
5798500.4,2119658.1,-395.09189768,Deep aquitard
5791848.4,2123968.3,40.76975828,Salinas aquitard
5785118.4,2122882.3,-139.99777661,180ft aquifer
5785118.4,2122882.3,-210.00777661,Middle aquitard
5785118.4,2122882.3,-280.02777661,400ft aquifer
5785118.4,2122882.3,-316.33777661,Deep aquitard
5785118.4,2122882.3,-424.93777661,Paso Robles
5787779.5,2121377.5,49.67448917,Salinas aquitard
5787779.5,2121377.5,-38.44551083,180ft aquifer
5787779.5,2121377.5,-210.23551083,Middle aquitard
5787779.5,2121377.5,-270.48551083,400ft aquifer
5787779.5,2121377.5,-323.42551083,Deep aquitard
5787779.5,2121377.5,-433.03551083,Paso Robles
5783714.1,2121656.2,-74.69848842,180ft aquifer
5783714.1,2121656.2,-208.82848841999999,Middle aquitard
5783714.1,2121656.2,-273.06848842,400ft aquifer
5783714.1,2121656.2,-342.97848841999996,Deep aquitard
5783714.1,2121656.2,-426.06848842,Paso Robles
5783664.7,2120361.3,-63.472726669999986,180ft aquifer
5783664.7,2120361.3,-210.55272667,Middle aquitard
5783664.7,2120361.3,-284.09272667000005,400ft aquifer
5783664.7,2120361.3,-376.70272666999995,Deep aquitard
5783664.7,2120361.3,-450.2327266699999,Paso Robles
5785019.3,2120281.4,-69.99223866,180ft aquifer
5785019.3,2120281.4,-204.56223866000002,Middle aquitard
5785019.3,2120281.4,-280.01223866,400ft aquifer
5785019.3,2120281.4,-321.88223866,Deep aquitard
5785019.3,2120281.4,-425.03223865999996,Paso Robles
5782445.0,2123020.1,18.081937779999997,Salinas aquitard
5782445.0,2123020.1,-104.98806221999999,180ft aquifer
5782445.0,2123020.1,-202.32806222000002,Middle aquitard
5782445.0,2123020.1,-275.00806222,400ft aquifer
5782445.0,2123020.1,-375.01806222000005,Deep aquitard
5782445.0,2123020.1,-455.00806222,Paso Robles
5781112.4,2121790.9,53.01824752,Salinas aquitard
5781112.4,2121790.9,-90.00175248,180ft aquifer
5781112.4,2121790.9,-220.02175247999998,Middle aquitard
5781112.4,2121790.9,-345.03175247999997,400ft aquifer
5778501.4,2120653.2,-40.26586575,Salinas aquitard
5778501.4,2120653.2,-72.02586575,180ft aquifer
5778501.4,2120653.2,-162.39586574999998,Middle aquitard
5777291.5,2124484.0,-21.168029960000005,180ft aquifer
5777291.5,2124484.0,-126.71802996,Middle aquitard
5777291.5,2124484.0,-233.70802995999998,400ft aquifer
5777291.5,2124484.0,-310.66802996,Deep aquitard
5777246.2,2123231.4,2.120115339999998,Salinas aquitard
5777246.2,2123231.4,-311.26988466,Deep aquitard
5777201.0,2121979.0,-23.406718599999998,Salinas aquitard
5777201.0,2121979.0,-66.6967186,180ft aquifer
5777201.0,2121979.0,-136.18671859999998,Middle aquitard
5777201.0,2121979.0,-175.40671859999998,400ft aquifer
5777201.0,2121979.0,-343.5267186,Deep aquitard
5784844.4,2114946.7,23.58462343,Salinas aquitard
5784844.4,2114946.7,-20.395376569999996,180ft aquifer
5784844.4,2114946.7,-163.00537657,Middle aquitard
5784844.4,2114946.7,-318.47537657,400ft aquifer
5784844.4,2114946.7,-374.09537657,Deep aquitard
5790218.9,2118539.9,12.441469859999998,Salinas aquitard
5788872.4,2117211.7,29.28049696,Salinas aquitard
5788872.4,2117211.7,-11.119503039999998,180ft aquifer
5788872.4,2117211.7,-200.73950304,Middle aquitard
5790193.1,2117180.5,48.13852097,Salinas aquitard
5790193.1,2117180.5,-62.02147903,180ft aquifer
5791513.5,2117148.0,51.846258459999994,Salinas aquitard
5791513.5,2117148.0,-62.193741540000005,180ft aquifer
5803577.6,2116810.6,-10.669049739999998,Salinas aquitard
5803577.6,2116810.6,-65.72904974,180ft aquifer
5803577.6,2116810.6,-111.96904974,Middle aquitard
5803577.6,2116810.6,-167.02904974,400ft aquifer
5800874.1,2114189.3,-35.98206108,180ft aquifer
5800874.1,2114189.3,-119.42206107999999,Middle aquitard
5800874.1,2114189.3,-232.15206108,400ft aquifer
5802162.2,2112815.7,-29.315287690000005,Salinas aquitard
5802162.2,2112815.7,-57.075287689999996,180ft aquifer
5802162.2,2112815.7,-159.41528769,Middle aquitard
5802162.2,2112815.7,-208.82528769000004,400ft aquifer
5798179.3,2112916.7,41.08307806,Salinas aquitard
5798179.3,2112916.7,-0.3869219400000006,180ft aquifer
5798179.3,2112916.7,-142.10692194,Middle aquitard
5798179.3,2112916.7,-359.15692193999996,400ft aquifer
5794081.3,2113021.7,16.436851490000002,Salinas aquitard
5794081.3,2113021.7,-109.90314851000001,180ft aquifer
5794081.3,2113021.7,-231.50314851000002,Middle aquitard
5798114.6,2110250.1,-16.21173336000001,180ft aquifer
5796750.1,2110286.7,-45.986972910000006,180ft aquifer
5788799.6,2113168.5,-105.88092204,180ft aquifer
5788799.6,2113168.5,-131.48092204,Middle aquitard
5788799.6,2113168.5,-344.80092204000005,400ft aquifer
5788799.6,2113168.5,-428.36092204000005,Deep aquitard
5788774.3,2111838.0,63.5547251,Salinas aquitard
5796688.2,2107660.1,105.94034450000001,Salinas aquitard
5796688.2,2107660.1,14.240344499999992,180ft aquifer
5796688.2,2107660.1,-39.27965549999999,Middle aquitard
5799363.4,2106319.9,10.678523330000004,180ft aquifer
5802010.3,2106241.0,29.26785828,Salinas aquitard
5802010.3,2106241.0,-4.192141719999995,180ft aquifer
5806208.5,2114051.2,-130.81466846,Salinas aquitard
5806208.5,2114051.2,-148.67466846,180ft aquifer
5811650.0,2113907.2,-75.92603901000001,Salinas aquitard
5811650.0,2113907.2,-151.02603901,180ft aquifer
5811650.0,2113907.2,-191.94603901000002,Middle aquitard
5811650.0,2113907.2,-243.14603901,400ft aquifer
5811650.0,2113907.2,-296.47603901,Deep aquitard
5811650.0,2113907.2,-471.40603901,Paso Robles
5897980.9,2015282.1,206.11414700000003,180ft aquifer
5897980.9,2015282.1,160.27414700000003,Middle aquitard
5897980.9,2015282.1,91.50414700000002,400ft aquifer
5772069.1,2126207.5,-12.308229499999996,Salinas aquitard
5772069.1,2126207.5,-74.3982295,180ft aquifer
5772069.1,2126207.5,-125.96822949999999,Middle aquitard
5772069.1,2126207.5,-393.2082295,400ft aquifer
5882902.8,2043230.7,118.901945,180ft aquifer
5882902.8,2043230.7,72.941945,Middle aquitard
5882902.8,2043230.7,43.461945000000014,400ft aquifer
5882902.8,2043230.7,-121.29805499999998,Deep aquitard
5836363.2,2070511.0,44.7742193,180ft aquifer
5836363.2,2070511.0,-38.5057807,Middle aquitard
5836363.2,2070511.0,-109.0357807,400ft aquifer
5836370.2,2070513.6,112.3469044,Salinas aquitard
5836370.2,2070513.6,38.38690439999999,180ft aquifer
5836370.2,2070513.6,-92.21309560000002,Middle aquitard
5826340.6,2074070.9,52.1312051,Salinas aquitard
5826340.6,2074070.9,-7.518794899999989,180ft aquifer
5826340.6,2074070.9,-124.79879489999999,Middle aquitard
5826340.6,2074070.9,-190.76879490000002,400ft aquifer
5826340.6,2074070.9,-281.93879489999995,Deep aquitard
5883521.3,2020925.0,222.9023967,180ft aquifer
5883521.3,2020925.0,194.6223967,Middle aquitard
5883521.3,2020925.0,185.7823967,400ft aquifer
5915760.1,1981893.0,277.6869027,400ft aquifer
5915760.1,1981893.0,255.35690269999998,Deep aquitard
5915760.1,1981893.0,167.88690269999998,Paso Robles
5768176.4,2165965.9,-58.267607670000004,Salinas aquitard
5768176.4,2165965.9,-177.68760767,180ft aquifer
5768176.4,2165965.9,-198.12760766999997,Middle aquitard
5768176.4,2165965.9,-365.65760767,400ft aquifer
5768176.4,2165965.9,-496.48760767000005,Deep aquitard
5765348.4,2167280.5,3.720067069999999,Salinas aquitard
5765348.4,2167280.5,-91.43993293000001,180ft aquifer
5765348.4,2167280.5,-214.56993293,Middle aquitard
5765348.4,2167280.5,-385.02993293,400ft aquifer
5871140.1,2051602.5,168.5353663,180ft aquifer
5871140.1,2051602.5,130.23536629999998,Middle aquitard
5871140.1,2051602.5,-169.4146337,400ft aquifer
5871140.1,2051602.5,-240.68463370000003,Deep aquitard
5810647.2,2118645.0,-45.18751866999999,Salinas aquitard
5810647.2,2118645.0,-61.857518670000005,180ft aquifer
5810647.2,2118645.0,-119.66751867,Middle aquitard
5810647.2,2118645.0,-167.41751867,400ft aquifer
5810647.2,2118645.0,-417.75751867,Deep aquitard
5808129.7,2131530.5,69.90897204999999,180ft aquifer
5808129.7,2131530.5,-15.331027950000006,Middle aquitard
5808129.7,2131530.5,-288.19102795000003,400ft aquifer
5808129.7,2131530.5,-438.91102795000006,Deep aquitard
5866150.6,2064976.7,281.4726748,180ft aquifer
5866150.6,2064976.7,247.4126748,Middle aquitard
5866150.6,2064976.7,169.0826748,400ft aquifer
5866150.6,2064976.7,47.61267480000001,Deep aquitard
5866150.6,2064976.7,-248.6573252,Paso Robles
5795414.8,2159854.0,99.99888669999999,180ft aquifer
5795414.8,2159854.0,-150.01111330000003,Middle aquitard
5795414.8,2159854.0,-195.0011133,400ft aquifer
5748224.5,2157688.3,22.762813320000006,Salinas aquitard
5748224.5,2157688.3,-29.797186679999996,180ft aquifer
5802766.7,2133049.4,23.303863370000002,180ft aquifer
5802766.7,2133049.4,-34.79613662999999,Middle aquitard
5802766.7,2133049.4,-135.04613662999998,400ft aquifer
5802766.7,2133049.4,-377.69613663,Deep aquitard
5753995.0,2146957.8,-79.46081862,Salinas aquitard
5753995.0,2146957.8,-107.97081861999999,180ft aquifer
5753995.0,2146957.8,-339.63081862,Middle aquitard
5753995.0,2146957.8,-414.39081862,400ft aquifer
5851437.7,2067921.2,144.6595643,180ft aquifer
5851437.7,2067921.2,34.49956429999999,Middle aquitard
5851437.7,2067921.2,-12.970435699999996,400ft aquifer
5851437.7,2067921.2,-519.2504357,Paso Robles
5746830.4,2170339.5,-40.62704673,Salinas aquitard
5754404.0,2160954.0,-111.14933972,Salinas aquitard
5754404.0,2160954.0,-195.19933971999998,180ft aquifer
5851545.7,2081425.6,183.53565199999997,Salinas aquitard
5851545.7,2081425.6,121.07565199999999,180ft aquifer
5755627.8,2159568.6,-26.729196620000003,Salinas aquitard
5755627.8,2159568.6,-104.51919662,180ft aquifer
5755627.8,2159568.6,-200.59919662,Middle aquitard
5759417.9,2155770.9,-121.14998043,Salinas aquitard
5759417.9,2155770.9,-167.96998043,180ft aquifer
5759417.9,2155770.9,-220.28998043,Middle aquitard
5756845.3,2158180.1,-132.69946042,180ft aquifer
5756845.3,2158180.1,-184.55946042,Middle aquitard
5751779.5,2156990.6,-22.52400981,Salinas aquitard
5751779.5,2156990.6,-116.55400981000001,180ft aquifer
5751916.1,2163685.6,-77.05709763,Salinas aquitard
5751916.1,2163685.6,-148.71709763,180ft aquifer
5905613.8,2003320.3,160.2555609,400ft aquifer
5905613.8,2003320.3,52.525560900000016,Deep aquitard
5821627.5,2097890.2,10.299451399999995,Salinas aquitard
5821627.5,2097890.2,-34.17054860000002,180ft aquifer
5821627.5,2097890.2,-68.67054860000002,Middle aquitard
5821627.5,2097890.2,-142.7205486,400ft aquifer
5821627.5,2097890.2,-221.81054860000003,Deep aquitard
5764643.7,2148922.1,-66.58109916000001,180ft aquifer
5764643.7,2148922.1,-376.37109915999997,400ft aquifer
5764643.7,2148922.1,-592.41109916,Deep aquitard
5784792.1,2132309.9,23.015201509999997,Shallow aquifer
5784792.1,2132309.9,-5.594798490000002,Salinas aquitard
5784792.1,2132309.9,-48.41479849000001,180ft aquifer
5784792.1,2132309.9,-179.88479848999998,Middle aquitard
5784792.1,2132309.9,-281.10479849,400ft aquifer
5784792.1,2132309.9,-556.15479849,Deep aquitard
5778828.5,2129865.1,-103.55617077999999,180ft aquifer
5778828.5,2129865.1,-191.78617078000002,Middle aquitard
5778828.5,2129865.1,-328.66617078,400ft aquifer
5778828.5,2129865.1,-440.00617078,Deep aquitard
5820343.4,2099029.0,114.0557298,Shallow aquifer
5820343.4,2099029.0,10.015729799999988,Salinas aquitard
5820343.4,2099029.0,-20.004270200000008,180ft aquifer
5820343.4,2099029.0,-64.9842702,Middle aquitard
5820343.4,2099029.0,-189.99427020000002,400ft aquifer
5820343.4,2099029.0,-250.0042702,Deep aquitard
5820343.4,2099029.0,-320.0242702,Paso Robles
5812452.8,2092977.4,81.37778349999999,Salinas aquitard
5812452.8,2092977.4,26.997783499999997,180ft aquifer
5812452.8,2092977.4,-131.76221650000002,Middle aquitard
5812452.8,2092977.4,-215.0422165,400ft aquifer
5772066.3,2130226.7,-39.98540388,180ft aquifer
5772066.3,2130226.7,-152.64540388,Middle aquitard
5772066.3,2130226.7,-208.29540387999998,400ft aquifer
5772066.3,2130226.7,-322.46540388,Deep aquitard
5851331.7,2060937.1,131.3296243,180ft aquifer
5851331.7,2060937.1,65.8896243,Middle aquitard
5851331.7,2060937.1,34.18962429999999,400ft aquifer
5851331.7,2060937.1,-41.470375700000005,Deep aquitard
5806839.3,2138389.0,54.7889813,Salinas aquitard
5882661.8,2033733.8,137.64536650000002,180ft aquifer
5882661.8,2033733.8,78.64536650000001,Middle aquitard
5882661.8,2033733.8,56.165366500000005,400ft aquifer
5882661.8,2033733.8,-89.9246335,Deep aquitard
5779166.4,2139132.6,-43.92539882,Salinas aquitard
5779166.4,2139132.6,-93.00539882,180ft aquifer
5779166.4,2139132.6,-151.80539882,Middle aquitard
5779166.4,2139132.6,-226.70539882000003,400ft aquifer
5804741.6,2121500.5,-29.00053145999999,Salinas aquitard
5804741.6,2121500.5,-97.08053146,180ft aquifer
5804741.6,2121500.5,-226.98053146,Middle aquitard
5804741.6,2121500.5,-301.39053146,400ft aquifer
5804741.6,2121500.5,-393.36053146,Deep aquitard
5807402.4,2125536.6,-113.54842085,180ft aquifer
5807402.4,2125536.6,-286.39842085000004,Middle aquitard
5807402.4,2125536.6,-400.87842085,400ft aquifer
5767815.0,2145093.8,-25.301383790000003,Salinas aquitard
5767815.0,2145093.8,-93.85138379,180ft aquifer
5767815.0,2145093.8,-204.54138379,400ft aquifer
5809426.7,2128800.8,76.32570817,180ft aquifer
5809426.7,2128800.8,-34.744291829999995,Middle aquitard
5809426.7,2128800.8,-200.03429183000003,400ft aquifer
5809426.7,2128800.8,-401.49429183,Deep aquitard
5775888.2,2157880.9,10.300167779999995,Salinas aquitard
5775888.2,2157880.9,-76.47983222,180ft aquifer
5775888.2,2157880.9,-146.57983222000001,Middle aquitard
5775888.2,2157880.9,-301.45983222,400ft aquifer
5775888.2,2157880.9,-399.85983222,Deep aquitard
5789458.8,2130885.0,-55.39249452999999,180ft aquifer
5789458.8,2130885.0,-158.01249453000003,Middle aquitard
5789458.8,2130885.0,-300.32249453000003,400ft aquifer
5789458.8,2130885.0,-435.59249453,Deep aquitard
5789458.8,2130885.0,-544.16249453,Paso Robles
5793845.9,2147823.4,10.236431920000001,Salinas aquitard
5793845.9,2147823.4,-61.85356808,180ft aquifer
5793845.9,2147823.4,-218.89356808000002,Middle aquitard
5825177.3,2076734.9,5.933850800000002,Salinas aquitard
5825177.3,2076734.9,-44.6761492,180ft aquifer
5825177.3,2076734.9,-186.1261492,Middle aquitard
5825177.3,2076734.9,-238.2361492,400ft aquifer
5825177.3,2076734.9,-398.2961492,Deep aquitard
5774940.2,2135286.9,-43.50967910999999,Shallow aquifer
5774940.2,2135286.9,-53.029679110000004,Salinas aquitard
5774940.2,2135286.9,-87.11967910999999,180ft aquifer
5774940.2,2135286.9,-180.42967911,Middle aquitard
5774940.2,2135286.9,-243.00967911,400ft aquifer
5774940.2,2135286.9,-417.75967911,Deep aquitard
5741271.2,2171106.7,-66.76419449,Salinas aquitard
5741271.2,2171106.7,-131.08419449,180ft aquifer
5741271.2,2171106.7,-286.18419449,Middle aquitard
5741271.2,2171106.7,-388.80419449,400ft aquifer
5741271.2,2171106.7,-635.07419449,Deep aquitard
5793975.2,2132565.1,-5.529828010000003,180ft aquifer
5793975.2,2132565.1,-94.81982801,Middle aquitard
5793975.2,2132565.1,-169.89982801000002,400ft aquifer
5793975.2,2132565.1,-297.72982801,Deep aquitard
5782203.2,2115074.5,-14.934382000000028,180ft aquifer
5782203.2,2115074.5,-183.32438199999996,Middle aquitard
5784507.4,2171373.7,35.282575349999995,Salinas aquitard
5771220.3,2174590.7,83.9251195,Salinas aquitard
5771220.3,2174590.7,-239.7148805,400ft aquifer
5771220.3,2174590.7,-365.17488050000003,Deep aquitard
5882203.3,2023755.4,205.1297367,180ft aquifer
5882203.3,2023755.4,169.7697367,Middle aquitard
5882203.3,2023755.4,143.2497367,400ft aquifer
5847829.3,2078987.7,18.66667000000001,180ft aquifer
5847829.3,2078987.7,-172.86333,Middle aquitard
5847829.3,2078987.7,-194.68332999999998,400ft aquifer
5847829.3,2078987.7,-231.05333,Deep aquitard
5847829.3,2078987.7,-478.34333000000004,Paso Robles
5746488.4,2159739.4,1.6984303000000018,Salinas aquitard
5746488.4,2159739.4,-37.6015697,180ft aquifer
5746488.4,2159739.4,-244.04156969999997,Middle aquitard
5746488.4,2159739.4,-276.35156969999997,400ft aquifer
5746488.4,2159739.4,-489.98156969999997,Deep aquitard
5834599.1,2089487.5,38.34050190000001,180ft aquifer
5834599.1,2089487.5,-49.689498099999994,Middle aquitard
5834599.1,2089487.5,-127.82949810000001,400ft aquifer
5834599.1,2089487.5,-233.4694981,Deep aquitard
5858141.1,2062098.1,145.730619,180ft aquifer
5858141.1,2062098.1,30.46061899999998,Middle aquitard
5858141.1,2062098.1,12.770618999999982,400ft aquifer
5858141.1,2062098.1,-90.83938100000003,Deep aquitard
5787528.7,2116150.8,-10.531813980000003,Salinas aquitard
5787528.7,2116150.8,-40.38181398,180ft aquifer
5787528.7,2116150.8,-238.49181398,Middle aquitard
5787528.7,2116150.8,-304.38181398,400ft aquifer
5787528.7,2116150.8,-412.60181398,Deep aquitard
5787528.7,2116150.8,-450.73181397999997,Paso Robles
5815678.0,2111133.2,-26.826540800000004,180ft aquifer
5815678.0,2111133.2,-48.5165408,Middle aquitard
5815678.0,2111133.2,-381.08654079999997,400ft aquifer
5815678.0,2111133.2,-437.9165408,Deep aquitard
5815678.0,2111133.2,-622.0765408,Paso Robles
5787657.9,2165221.8,104.46968379999998,Salinas aquitard
5848984.7,2078949.8,-0.7576884000000064,180ft aquifer
5848984.7,2078949.8,-92.73768840000002,Middle aquitard
5848984.7,2078949.8,-199.23768840000002,400ft aquifer
5848984.7,2078949.8,-363.82768840000006,Deep aquitard
5880895.3,2036935.9,140.46104150000002,180ft aquifer
5880895.3,2036935.9,56.1710415,Middle aquitard
5880895.3,2036935.9,19.3910415,400ft aquifer
5880895.3,2036935.9,-98.3589585,Deep aquitard
5768133.3,2170868.9,-31.22402084,Salinas aquitard
5768133.3,2170868.9,-153.84402084,180ft aquifer
5768133.3,2170868.9,-206.64402084,Middle aquitard
5768133.3,2170868.9,-302.79402084000003,400ft aquifer
5768133.3,2170868.9,-423.53402084000004,Deep aquitard
5775438.6,2147193.2,-6.135274590000002,Salinas aquitard
5775438.6,2147193.2,-82.68527459,180ft aquifer
5775438.6,2147193.2,-283.28527459000003,Middle aquitard
5775438.6,2147193.2,-388.46527459000004,Deep aquitard
5775438.6,2147193.2,-436.32527459,400ft aquifer
5770666.4,2155056.2,-27.788481610000005,Salinas aquitard
5770666.4,2155056.2,-59.538481610000005,180ft aquifer
5770666.4,2155056.2,-249.21848161000003,Middle aquitard
5770666.4,2155056.2,-420.44848161,400ft aquifer
5770666.4,2155056.2,-550.79848161,Deep aquitard
5800107.8,2131781.1,35.02475331,180ft aquifer
5800107.8,2131781.1,-33.32524669,Middle aquitard
5800107.8,2131781.1,-211.04524669,400ft aquifer
5800107.8,2131781.1,-485.59524669,Deep aquitard
5800107.8,2131781.1,-577.93524669,Paso Robles
5890783.0,2024589.2,196.53306030000002,180ft aquifer
5890783.0,2024589.2,153.18306030000002,Middle aquitard
5890783.0,2024589.2,128.43306030000002,400ft aquifer
5890783.0,2024589.2,-9.336939699999988,Deep aquitard
5890783.0,2024589.2,-337.89693969999996,Paso Robles
5775159.5,2140587.9,-10.188921449999995,Shallow aquifer
5775159.5,2140587.9,-38.79892145,Salinas aquitard
5775159.5,2140587.9,-118.85892145,180ft aquifer
5775159.5,2140587.9,-150.28892145,Middle aquitard
5775159.5,2140587.9,-443.44892145,400ft aquifer
5775159.5,2140587.9,-542.13892145,Deep aquitard
5811915.0,2120638.5,86.2510896,180ft aquifer
5811915.0,2120638.5,16.521089599999996,Middle aquitard
5811915.0,2120638.5,-276.3489104,400ft aquifer
5811915.0,2120638.5,-455.4589104,Deep aquitard
5811915.0,2120638.5,-569.7189103999999,Paso Robles
5834904.4,2098972.3,127.6004945,180ft aquifer
5834904.4,2098972.3,82.3204945,Middle aquitard
5834904.4,2098972.3,20.2204945,400ft aquifer
5834904.4,2098972.3,-57.39950550000003,Deep aquitard
5834904.4,2098972.3,-347.17950550000006,Paso Robles
5867058.2,2049090.8,115.2915802,180ft aquifer
5867058.2,2049090.8,33.62158020000001,Middle aquitard
5867058.2,2049090.8,4.131580200000002,400ft aquifer
5867058.2,2049090.8,-107.5184198,Deep aquitard
5793990.9,2109029.3,44.114708500000006,Salinas aquitard
5793990.9,2109029.3,-30.435291500000005,180ft aquifer
5782755.9,2131089.3,-29.016341000000004,180ft aquifer
5782755.9,2131089.3,-125.29634100000001,Middle aquitard
5782755.9,2131089.3,-267.87634099999997,400ft aquifer
5782755.9,2131089.3,-482.786341,Deep aquitard
5782755.9,2131089.3,-565.2263409999999,Paso Robles
5875175.2,2051507.5,117.0174051,180ft aquifer
5875175.2,2051507.5,42.36740510000001,Middle aquitard
5875175.2,2051507.5,20.897405100000014,400ft aquifer
5875175.2,2051507.5,-39.4325949,Deep aquitard
5875082.3,2048882.6,87.7785091,180ft aquifer
5875082.3,2048882.6,-52.76149090000001,Middle aquitard
5875082.3,2048882.6,-85.3414909,400ft aquifer
5875082.3,2048882.6,-126.0814909,Deep aquitard
5806459.0,2119432.5,2.4556220300000007,Salinas aquitard
5806459.0,2119432.5,-67.23437797,180ft aquifer
5806459.0,2119432.5,-166.61437797000002,Middle aquitard
5806459.0,2119432.5,-283.50437797,400ft aquifer
5806459.0,2119432.5,-359.07437797,Deep aquitard
5806459.0,2119432.5,-470.63437797,Paso Robles
5826744.4,2082972.0,62.846710200000004,Salinas aquitard
5826744.4,2082972.0,41.0567102,180ft aquifer
5819535.1,2104409.0,-34.9992051,Salinas aquitard
5819535.1,2104409.0,-55.7792051,180ft aquifer
5819535.1,2104409.0,-203.1692051,Middle aquitard
5819535.1,2104409.0,-327.6292051,400ft aquifer
5819535.1,2104409.0,-585.0892051000001,Deep aquitard
5819535.1,2104409.0,-725.6092051,Paso Robles
5841107.4,2060716.2,-371.88389290000003,Paso Robles
5843431.0,2058478.6,19.371197800000004,180ft aquifer
5843431.0,2058478.6,-56.368802200000005,Middle aquitard
5806033.0,2106121.0,51.693525199999996,Salinas aquitard
5806033.0,2106121.0,-11.746474800000001,180ft aquifer
5847338.1,2059672.5,68.5609253,180ft aquifer
5847338.1,2059672.5,-23.779074700000024,Middle aquitard
5847338.1,2059672.5,-36.35907470000001,400ft aquifer
5881031.0,2026169.8,185.5652502,180ft aquifer
5881031.0,2026169.8,138.8852502,Middle aquitard
5881031.0,2026169.8,114.8452502,400ft aquifer
5795993.0,2129214.3,-81.86925527,Salinas aquitard
5795993.0,2129214.3,-164.88925527,180ft aquifer
5795993.0,2129214.3,-292.38925527,Middle aquitard
5795993.0,2129214.3,-351.68925527,400ft aquifer
5797727.1,2143820.9,-16.681481399999996,Salinas aquitard
5797727.1,2143820.9,-131.0014814,180ft aquifer
5797727.1,2143820.9,-188.85148139999998,Middle aquitard
5797727.1,2143820.9,-261.17148139999995,400ft aquifer
5797727.1,2143820.9,-331.56148140000005,Deep aquitard
5828148.9,2095193.9,50.805438300000006,Salinas aquitard
5828148.9,2095193.9,31.2654383,180ft aquifer
5828148.9,2095193.9,-90.2145617,Middle aquitard
5828148.9,2095193.9,-191.23456170000003,400ft aquifer
5828148.9,2095193.9,-359.3845617,Deep aquitard
5828148.9,2095193.9,-746.1145617,Paso Robles
5787348.5,2145451.5,-46.717275050000005,Salinas aquitard
5787348.5,2145451.5,-109.83727505000002,180ft aquifer
5787348.5,2145451.5,-138.20727505000002,Middle aquitard
5772833.3,2149935.6,-33.54571703,180ft aquifer
5772833.3,2149935.6,-279.35571703,Middle aquitard
5772833.3,2149935.6,-403.80571703000004,400ft aquifer
5772833.3,2149935.6,-535.76571703,Deep aquitard
5763851.4,2173883.1,-18.131613969999997,180ft aquifer
5763851.4,2173883.1,-196.18161397,Middle aquitard
5794816.3,2135978.8,36.79563726,Salinas aquitard
5794816.3,2135978.8,3.675637260000002,180ft aquifer
5794816.3,2135978.8,-46.844362739999994,Middle aquitard
5794816.3,2135978.8,-136.46436274,400ft aquifer
5794816.3,2135978.8,-239.12436273999998,Deep aquitard
5794816.3,2135978.8,-522.7243627400001,Paso Robles
5786009.0,2145496.7,-150.10340997,180ft aquifer
5786009.0,2145496.7,-199.12340996999998,Middle aquitard
5786009.0,2145496.7,-345.73340997,400ft aquifer
5794539.6,2125241.6,-208.21136953,Middle aquitard
5794539.6,2125241.6,-290.50136953000003,400ft aquifer
5794539.6,2125241.6,-415.29136953,Deep aquitard
5891905.1,2013082.9,278.9175806,180ft aquifer
5891905.1,2013082.9,256.9675806,Middle aquitard
5891905.1,2013082.9,226.2375806,400ft aquifer
5842580.3,2081642.0,33.12643250000001,Salinas aquitard
5842580.3,2081642.0,10.386432500000012,180ft aquifer
5842580.3,2081642.0,-167.9135675,Middle aquitard
5842580.3,2081642.0,-211.1535675,400ft aquifer
5842580.3,2081642.0,-269.9135675,Deep aquitard
5849006.4,2077814.4,42.81572650000001,180ft aquifer
5849006.4,2077814.4,-95.96427349999999,Middle aquitard
5849006.4,2077814.4,-200.84427349999999,400ft aquifer
5849006.4,2077814.4,-405.77427350000005,Deep aquitard
5837112.1,2083075.7,18.6018775,Salinas aquitard
5837112.1,2083075.7,-154.04812249999998,Middle aquitard
5837112.1,2083075.7,-162.11812249999997,400ft aquifer
5837112.1,2083075.7,-260.5481225,Deep aquitard
5837112.1,2083075.7,-352.4781225,180ft aquifer
5837112.1,2083075.7,-352.4781225,Paso Robles
5770197.9,2150067.1,-69.05475069,180ft aquifer
5770197.9,2150067.1,-171.51475069,Middle aquitard
5770197.9,2150067.1,-265.85475068999995,400ft aquifer
5770197.9,2150067.1,-384.46475068999996,Deep aquitard
5783571.4,2150960.5,-3.89468162,Salinas aquitard
5783571.4,2150960.5,-113.44468162000001,180ft aquifer
5783571.4,2150960.5,-303.99468162,Middle aquitard
5783571.4,2150960.5,-464.94468162,400ft aquifer
5770374.2,2154068.1,-47.76161295,Salinas aquitard
5770374.2,2154068.1,-67.84161295,180ft aquifer
5770374.2,2154068.1,-263.71161295,Middle aquitard
5770374.2,2154068.1,-431.18161295,400ft aquifer
5790446.7,2121270.3,12.704646910000001,Salinas aquitard
5790446.7,2121270.3,-15.285353090000008,180ft aquifer
5790446.7,2121270.3,-197.41535308999997,Middle aquitard
5790446.7,2121270.3,-346.21535309,400ft aquifer
5790446.7,2121270.3,-533.9453530899999,Deep aquitard
5782976.0,2136348.4,-44.90721267000001,Salinas aquitard
5782976.0,2136348.4,-128.10721267,180ft aquifer
5782976.0,2136348.4,-271.80721267,Middle aquitard
5782976.0,2136348.4,-375.16721267,400ft aquifer
5782976.0,2136348.4,-530.40721267,Deep aquitard
5782976.0,2136348.4,-704.56721267,Paso Robles
5778682.8,2125755.5,-64.95980075,180ft aquifer
5778682.8,2125755.5,-132.93980075000002,Middle aquitard
5778682.8,2125755.5,-210.83980075,400ft aquifer
5778682.8,2125755.5,-375.88980075,Deep aquitard
5778682.8,2125755.5,-478.92980074999997,Paso Robles
5852922.7,2050295.6,147.3586221,180ft aquifer
5852922.7,2050295.6,100.5286221,Middle aquitard
5852922.7,2050295.6,-14.801377900000006,400ft aquifer
5835018.9,2084826.5,57.1406625,Salinas aquitard
5835018.9,2084826.5,-144.42933750000003,Middle aquitard
5835018.9,2084826.5,-175.72933750000004,400ft aquifer
5835018.9,2084826.5,-290.47933750000004,Deep aquitard
5835018.9,2084826.5,-366.7493375,180ft aquifer
5835018.9,2084826.5,-366.7493375,Paso Robles
5768616.6,2166480.5,-147.40115174,180ft aquifer
5768616.6,2166480.5,-283.60115174000003,Middle aquitard
5768616.6,2166480.5,-379.75115174,400ft aquifer
5802005.0,2126832.5,-44.37212112,Salinas aquitard
5802005.0,2126832.5,-106.13212112000001,180ft aquifer
5802005.0,2126832.5,-250.22212112,Middle aquitard
5802005.0,2126832.5,-305.11212112,400ft aquifer
5802005.0,2126832.5,-480.08212112,Deep aquitard
5869711.8,2030352.2,158.372883,180ft aquifer
5869711.8,2030352.2,87.652883,Middle aquitard
5869711.8,2030352.2,11.35288300000002,400ft aquifer
5869711.8,2030352.2,-37.03711699999997,Deep aquitard
5773741.4,2139305.0,33.44294692,Salinas aquitard
5773741.4,2139305.0,-37.85705308000001,180ft aquifer
5773741.4,2139305.0,-150.42705308,Middle aquitard
5773741.4,2139305.0,-263.32705308,400ft aquifer
5845835.4,2108832.8,371.06967069999996,400ft aquifer
5815145.4,2097223.5,48.99198457000001,Salinas aquitard
5815145.4,2097223.5,10.63198457,180ft aquifer
5880238.8,2043257.6,182.96595870000002,180ft aquifer
5880238.8,2043257.6,65.03595870000001,Middle aquitard
5880238.8,2043257.6,20.80595870000002,400ft aquifer
5880238.8,2043257.6,-100.59404129999999,Deep aquitard
5878400.0,2028759.4,147.6945355,180ft aquifer
5878400.0,2028759.4,113.59453549999999,Middle aquitard
5878400.0,2028759.4,67.6345355,400ft aquifer
5878400.0,2028759.4,-132.1354645,Deep aquitard
5855451.5,2070119.1,141.3969093,Middle aquitard
5855451.5,2070119.1,-80.99309069999998,400ft aquifer
5855451.5,2070119.1,-192.63309070000003,Deep aquitard
5863346.3,2059212.3,88.7248159,Middle aquitard
5863346.3,2059212.3,-38.6051841,400ft aquifer
5863346.3,2059212.3,-128.7051841,Deep aquitard
5863346.3,2059212.3,-375.6851841,Paso Robles
5835301.5,2071237.3,78.650396,180ft aquifer
5835301.5,2071237.3,-32.10960399999999,Middle aquitard
5835301.5,2071237.3,-79.70960400000001,400ft aquifer
5835301.5,2071237.3,-228.909604,Deep aquitard
5767605.2,2152834.7,-69.90794736000001,Salinas aquitard
5767605.2,2152834.7,-155.90794735999998,180ft aquifer
5767605.2,2152834.7,-286.10794735999997,Middle aquitard
5767605.2,2152834.7,-407.41794735999997,400ft aquifer
5767605.2,2152834.7,-567.76794736,Deep aquitard
5813971.9,2097998.5,52.83379246999999,Salinas aquitard
5813971.9,2097998.5,2.9537924699999962,180ft aquifer
5797258.5,2125158.9,-67.12499423999999,Salinas aquitard
5797258.5,2125158.9,-161.98499424,180ft aquifer
5797258.5,2125158.9,-274.62499424000004,Middle aquitard
5797258.5,2125158.9,-327.98499424,400ft aquifer
5797258.5,2125158.9,-396.16499424,Deep aquitard
5838081.0,2084698.6,93.3442651,180ft aquifer
5838081.0,2084698.6,-14.205734899999996,Middle aquitard
5838081.0,2084698.6,-266.52573490000003,400ft aquifer
5838081.0,2084698.6,-325.4257349,Deep aquitard
5838081.0,2084698.6,-587.5157349,Paso Robles
5764287.6,2139619.2,-5.869514129999999,Salinas aquitard
5764287.6,2139619.2,-125.21951413,180ft aquifer
5764287.6,2139619.2,-206.93951413,Middle aquitard
5764287.6,2139619.2,-326.72951413,400ft aquifer
5764287.6,2139619.2,-485.34951413000005,Deep aquitard
5760351.6,2143744.4,-91.41663186,180ft aquifer
5760351.6,2143744.4,-162.49663186,Middle aquitard
5760351.6,2143744.4,-295.39663185999996,400ft aquifer
5760351.6,2143744.4,-441.75663185999997,Deep aquitard
5903950.3,1991243.5,338.9350541,400ft aquifer
5903950.3,1991243.5,301.7150541,Deep aquitard
5903950.3,1991243.5,139.8050541,Paso Robles
5775169.9,2150916.3,-28.841897809999992,Salinas aquitard
5775169.9,2150916.3,-72.44189781,180ft aquifer
5775169.9,2150916.3,-277.64189781,Middle aquitard
5775169.9,2150916.3,-409.83189781,400ft aquifer
5895043.6,2006193.0,237.39711140000003,400ft aquifer
5895043.6,2006193.0,83.48711140000003,Deep aquitard
5871057.8,2048988.3,99.7145017,180ft aquifer
5871057.8,2048988.3,33.69450169999999,Middle aquitard
5871057.8,2048988.3,24.25450169999999,400ft aquifer
5773975.0,2144591.3,-274.59718641,400ft aquifer
5773975.0,2144591.3,-447.36718641000004,Deep aquitard
5786174.7,2114882.0,32.793183479999996,Salinas aquitard
5786174.7,2114882.0,-64.68681652000001,180ft aquifer
5786174.7,2114882.0,-145.57681652,Middle aquitard
5786174.7,2114882.0,-325.25681652000003,400ft aquifer
5786174.7,2114882.0,-426.90681652,Deep aquitard
5841116.0,2079204.8,118.2343393,180ft aquifer
5841116.0,2079204.8,-97.3056607,Middle aquitard
5841116.0,2079204.8,-137.3956607,400ft aquifer
5841116.0,2079204.8,-362.2556607,Deep aquitard
5756334.7,2142260.7,-20.072286870000003,Salinas aquitard
5756334.7,2142260.7,-99.97228686999999,180ft aquifer
5756334.7,2142260.7,-245.38228687,Middle aquitard
5756334.7,2142260.7,-267.87228687000004,400ft aquifer
5756334.7,2142260.7,-363.41228687,Deep aquitard
5813662.2,2088997.4,62.904265300000006,Salinas aquitard
5813662.2,2088997.4,53.8942653,180ft aquifer
5813662.2,2088997.4,-34.595734699999994,Middle aquitard
5813662.2,2088997.4,-112.6757347,400ft aquifer
5813662.2,2088997.4,-279.2357347,Deep aquitard
5813662.2,2088997.4,-527.4057347,Paso Robles
5845905.2,2054699.3,148.5530232,180ft aquifer
5845905.2,2054699.3,19.053023200000013,Middle aquitard
5845905.2,2054699.3,-139.75697680000002,400ft aquifer
5767818.3,2175088.4,-142.6295849,180ft aquifer
5767818.3,2175088.4,-255.39958489999998,Middle aquitard
5767818.3,2175088.4,-299.90958489999997,400ft aquifer
5767818.3,2175088.4,-442.3595849,Deep aquitard
5901010.8,2029511.7,156.3833622,180ft aquifer
5901010.8,2029511.7,128.5833622,Middle aquitard
5840529.1,2107913.5,348.3724894,180ft aquifer
5840529.1,2107913.5,316.29248939999997,Middle aquitard
5840529.1,2107913.5,283.3224894,400ft aquifer
5840529.1,2107913.5,-54.65751060000002,Paso Robles
5798114.6,2110250.1,20.008266639999995,Salinas aquitard
5798114.6,2110250.1,-19.981733360000007,180ft aquifer
5798114.6,2110250.1,-225.01173336000002,Middle aquitard
5769174.2,2127416.5,-58.01645849,Salinas aquitard
5769174.2,2127416.5,-75.61645849000001,180ft aquifer
5769174.2,2127416.5,-164.42645849000002,Middle aquitard
5769174.2,2127416.5,-265.57645849,400ft aquifer
5769174.2,2127416.5,-340.17645848999996,Deep aquitard
5790821.0,2124425.7,9.072911849999997,Salinas aquitard
5790821.0,2124425.7,-70.00708815,180ft aquifer
5790821.0,2124425.7,-130.01708815,Middle aquitard
5790821.0,2124425.7,-264.57708815,400ft aquifer
5790821.0,2124425.7,-528.19708815,Deep aquitard
5873839.6,2044107.5,107.1761916,180ft aquifer
5873839.6,2044107.5,27.236191599999984,Middle aquitard
5873839.6,2044107.5,-57.693808399999995,400ft aquifer
5873839.6,2044107.5,-139.3038084,Deep aquitard
5873839.6,2044107.5,-339.1438084,Paso Robles
5761479.6,2185746.8,-8.865986910000004,Salinas aquitard
5761479.6,2185746.8,-239.29598690999998,180ft aquifer
5761479.6,2185746.8,-347.92598691,Middle aquitard
5761479.6,2185746.8,-417.05598691,400ft aquifer
5790138.9,2149393.5,-7.261427920000003,180ft aquifer
5790138.9,2149393.5,-56.69142792000001,Middle aquitard
5880161.6,2040635.1,98.31703980000002,180ft aquifer
5880161.6,2040635.1,16.837039800000014,Middle aquitard
5880161.6,2040635.1,-60.42296019999998,400ft aquifer
5880161.6,2040635.1,-303.2729602,Deep aquitard
5880161.6,2040635.1,-598.6029602,Paso Robles
5873784.8,2050228.4,89.81688210000002,180ft aquifer
5873784.8,2050228.4,-67.0131179,Middle aquitard
5873784.8,2050228.4,-85.34311790000001,400ft aquifer
5873784.8,2050228.4,-191.25311789999998,Deep aquitard
5873784.8,2050228.4,-606.7531179,Paso Robles
5847249.1,2110460.0,409.5682993,400ft aquifer
5804631.7,2124181.5,9.016066499999994,Salinas aquitard
5804631.7,2124181.5,-53.66393350000001,180ft aquifer
5804631.7,2124181.5,-207.59393350000002,Middle aquitard
5804631.7,2124181.5,-280.61393350000003,400ft aquifer
5804631.7,2124181.5,-361.5339335,Deep aquitard
5804631.7,2124181.5,-472.0539335000001,Paso Robles
5780091.7,2172146.2,26.007463859999994,Salinas aquitard
5780091.7,2172146.2,-44.98253614000001,180ft aquifer
5783571.4,2150960.5,-304.82468162,400ft aquifer
5805093.5,2119470.0,-65.92360269999999,180ft aquifer
5805093.5,2119470.0,-292.3936027,400ft aquifer
5805093.5,2119470.0,-415.21360269999997,Deep aquitard
5851158.9,2050516.7,100.233927,180ft aquifer
5851158.9,2050516.7,45.93392699999998,Middle aquitard
5809870.8,2096775.2,76.6084065,Salinas aquitard
5794479.2,2122522.3,-6.888410129999997,Salinas aquitard
5794479.2,2122522.3,-57.76841013000001,180ft aquifer
5794479.2,2122522.3,-177.68841013,Middle aquitard
5794479.2,2122522.3,-208.57841012999998,400ft aquifer
5766738.5,2166006.2,11.17953215,Salinas aquitard
5766738.5,2166006.2,-106.36046784999999,180ft aquifer
5766738.5,2166006.2,-145.54046785,Middle aquitard
5766738.5,2166006.2,-405.55046785,400ft aquifer
5766738.5,2166006.2,-521.8804678500001,Deep aquitard
5762757.6,2184398.2,-25.325280829999997,Salinas aquitard
5762757.6,2184398.2,-153.70528083,180ft aquifer
5762757.6,2184398.2,-328.17528083,Middle aquitard
5762757.6,2184398.2,-384.13528082999994,400ft aquifer
5766746.0,2144121.1,-78.57656472000001,180ft aquifer
5766746.0,2144121.1,-160.79656472,Middle aquitard
5766746.0,2144121.1,-270.41656472,400ft aquifer
5766746.0,2144121.1,-394.93656472,Deep aquitard
5846538.9,2082444.0,118.1349198,180ft aquifer
5846538.9,2082444.0,42.56491980000001,Middle aquitard
5846538.9,2082444.0,-194.1050802,400ft aquifer
5846538.9,2082444.0,-246.13508019999998,Deep aquitard
5884381.5,2015950.2,176.9956206,Middle aquitard
5884381.5,2015950.2,167.6856206,400ft aquifer
5884381.5,2015950.2,40.66562059999998,Deep aquitard
5818419.8,2115057.7,-45.01957139999999,180ft aquifer
5818419.8,2115057.7,-69.54957139999999,Middle aquitard
5818419.8,2115057.7,-148.0495714,400ft aquifer
5818419.8,2115057.7,-324.6595714,Deep aquitard
5818419.8,2115057.7,-398.2495714,Paso Robles
5805928.1,2111067.0,58.016972849999995,Shallow aquifer
5805928.1,2111067.0,19.99697285,Salinas aquitard
5805928.1,2111067.0,-47.94302715,180ft aquifer
5805928.1,2111067.0,-97.28302715000001,Middle aquitard
5805928.1,2111067.0,-226.87302714999998,400ft aquifer
5805928.1,2111067.0,-317.34302715,Deep aquitard
5805928.1,2111067.0,-593.70302715,Paso Robles
5861376.7,2042143.5,99.2444251,180ft aquifer
5861376.7,2042143.5,27.394425100000007,400ft aquifer
5852875.0,2076252.8,99.75515709999999,180ft aquifer
5852875.0,2076252.8,46.41515709999999,Middle aquitard
5852875.0,2076252.8,-154.81484290000003,400ft aquifer
5836313.7,2064264.3,5.2001610000000085,180ft aquifer
5836313.7,2064264.3,-112.07983899999999,Middle aquitard
5836313.7,2064264.3,-143.83983899999998,400ft aquifer
5837977.5,2086951.2,62.4676511,180ft aquifer
5837977.5,2086951.2,-11.122348899999992,Middle aquitard
5837977.5,2086951.2,-202.18234890000002,400ft aquifer
5837977.5,2086951.2,-289.3623489,Deep aquitard
5778425.7,2155133.2,-122.38960395,Salinas aquitard
5778425.7,2155133.2,-165.92960395,180ft aquifer
5778425.7,2155133.2,-248.63960394999998,Middle aquitard
5778425.7,2155133.2,-340.05960395,400ft aquifer
5778425.7,2155133.2,-518.08960395,Deep aquitard
5778877.6,2131207.9,12.704917909999999,Salinas aquitard
5778877.6,2131207.9,-100.40508209000001,180ft aquifer
5778877.6,2131207.9,-232.45508209,Middle aquitard
5778877.6,2131207.9,-324.67508209000005,400ft aquifer
5802510.3,2122278.7,-62.897389360000005,Salinas aquitard
5802510.3,2122278.7,-102.80738936,180ft aquifer
5802510.3,2122278.7,-193.39738936000003,Middle aquitard
5802510.3,2122278.7,-315.87738936,400ft aquifer
5802510.3,2122278.7,-427.15738936,Deep aquitard
5796718.4,2108954.4,41.08407489999999,Salinas aquitard
5796718.4,2108954.4,-3.565925100000001,180ft aquifer
5774733.2,2174910.1,129.9144562,Salinas aquitard
5762469.7,2166125.2,-122.19360997000001,180ft aquifer
5762469.7,2166125.2,-149.22360997,Middle aquitard
5762469.7,2166125.2,-301.68360997,400ft aquifer
5768918.9,2151454.2,-136.48113375,Salinas aquitard
5768918.9,2151454.2,-183.60113375,180ft aquifer
5768918.9,2151454.2,-295.09113375000004,Middle aquitard
5768918.9,2151454.2,-435.43113374999996,400ft aquifer
5840437.2,2105330.1,331.1829838,180ft aquifer
5840437.2,2105330.1,294.64298379999997,Middle aquitard
5840437.2,2105330.1,258.9929838,400ft aquifer
5818046.8,2099232.9,71.33390157000001,Salinas aquitard
5818046.8,2099232.9,10.543901570000003,180ft aquifer
5818046.8,2099232.9,-96.79609843,Middle aquitard
5818046.8,2099232.9,-223.67609843,400ft aquifer
5826023.4,2104356.6,84.8825015,Salinas aquitard
5826023.4,2104356.6,-8.057498500000008,180ft aquifer
5826023.4,2104356.6,-251.5074985,400ft aquifer
5826023.4,2104356.6,-495.0174985,Deep aquitard
5826023.4,2104356.6,-576.1874985,Paso Robles
5757321.9,2174052.1,-97.62949025,Salinas aquitard
5761075.6,2164941.6,-21.183418070000002,180ft aquifer
5761075.6,2164941.6,-141.10341807,Middle aquitard
5749676.3,2178149.7,-4.380633959999999,Salinas aquitard
5749676.3,2178149.7,-29.16063396,180ft aquifer
5762113.6,2155677.9,-17.579980430000003,Salinas aquitard
5762113.6,2155677.9,-96.15998043,180ft aquifer
5765058.5,2168566.7,-15.02896045,Salinas aquitard
5765058.5,2168566.7,-86.24896045,180ft aquifer
5765058.5,2168566.7,-115.92896045,Middle aquitard
5745548.6,2173016.5,-17.195142420000003,Salinas aquitard
5745548.6,2173016.5,-109.28514242,180ft aquifer
5772076.1,2162042.7,-17.361954849999996,Salinas aquitard
5772076.1,2162042.7,-67.47195485,180ft aquifer
5763491.2,2155630.8,-54.18020037000001,Salinas aquitard
5763491.2,2155630.8,-120.23020036999999,180ft aquifer
5765154.1,2162287.7,-29.52554559,Salinas aquitard
5765154.1,2162287.7,-116.79554558999999,180ft aquifer
5765154.1,2162287.7,-222.34554559,Middle aquitard
5784567.1,2142922.9,15.597156739999996,Shallow aquifer
5784567.1,2142922.9,1.747156739999994,Salinas aquitard
5784461.7,2140295.6,9.086993820000004,Shallow aquifer
5784461.7,2140295.6,-1.7330061799999967,Salinas aquitard
5846759.8,2090772.3,-17.228936000000004,400ft aquifer
5846759.8,2090772.3,-222.818936,Deep aquitard
5868861.4,2064901.6,185.10247769999998,400ft aquifer
5868861.4,2064901.6,137.0624777,Deep aquitard
5868861.4,2064901.6,-202.9575223,Paso Robles
5840062.0,2086855.2,110.3517889,180ft aquifer
5840062.0,2086855.2,-7.248211099999992,Middle aquitard
5840062.0,2086855.2,-145.08821109999997,400ft aquifer
5840062.0,2086855.2,-317.39821109999997,Deep aquitard
5756384.5,2188514.7,-61.502314082999995,180ft aquifer
5756353.7,2187194.8,14.487784510000004,180ft aquifer
5765296.8,2180391.9,-77.9961213,180ft aquifer
5765296.8,2180391.9,-259.0461213,Middle aquitard
5873591.6,2044741.8,116.5790026,180ft aquifer
5873591.6,2044741.8,73.25900259999999,Middle aquitard
5873591.6,2044741.8,36.95900259999999,400ft aquifer
5873591.6,2044741.8,-137.7309974,Deep aquitard
5873591.6,2044741.8,-214.8009974,Paso Robles
5793348.4,2130769.6,0.9104611699999978,Salinas aquitard
5796607.7,2153234.7,112.501987,Salinas aquitard
5796607.7,2153234.7,-43.748012999999986,180ft aquifer
5775992.1,2127207.5,-4.283714029999999,Salinas aquitard
5775992.1,2127207.5,-40.50371403,180ft aquifer
5775992.1,2127207.5,-158.90371403,Middle aquitard
5775992.1,2127207.5,-209.97371403,400ft aquifer
5775992.1,2127207.5,-332.17371403,Deep aquitard
5817574.4,2084894.8,49.0441907,Salinas aquitard
5817574.4,2084894.8,-22.085809299999994,180ft aquifer
5817574.4,2084894.8,-143.94580929999998,Middle aquitard
5817574.4,2084894.8,-184.3458093,400ft aquifer
5818839.1,2082207.7,60.58073539999998,Salinas aquitard
5818839.1,2082207.7,-45.46926460000003,180ft aquifer
5818839.1,2082207.7,-154.04926460000001,Middle aquitard
5818839.1,2082207.7,-239.89926459999998,400ft aquifer
5888224.8,2045807.5,193.7086408,180ft aquifer
5888224.8,2045807.5,163.0286408,Middle aquitard
5888224.8,2045807.5,120.08864080000001,400ft aquifer
5888224.8,2045807.5,44.41864080000002,Deep aquitard
5801507.0,2127338.2,-126.70907997,Salinas aquitard
5801507.0,2127338.2,-143.86907997,180ft aquifer
5801507.0,2127338.2,-342.84907997,Middle aquitard
5801507.0,2127338.2,-359.99907997,400ft aquifer
5801507.0,2127338.2,-490.36907997,Deep aquitard
5801507.0,2127338.2,-590.3090799700001,Paso Robles
5800543.4,2123971.2,-71.82462935000001,Salinas aquitard
5800543.4,2123971.2,-177.38462935,180ft aquifer
5800543.4,2123971.2,-350.70462935,Middle aquitard
5800543.4,2123971.2,-418.32462935,400ft aquifer
5800543.4,2123971.2,-585.3546293500001,Deep aquitard
5800543.4,2123971.2,-635.73462935,Paso Robles
5821509.1,2083473.8,42.913239,Salinas aquitard
5821509.1,2083473.8,13.593238999999997,180ft aquifer
5821509.1,2083473.8,-102.796761,Middle aquitard
5821509.1,2083473.8,-188.94676099999998,400ft aquifer
5821509.1,2083473.8,-444.386761,Deep aquitard
5812411.1,2091688.0,75.4859037,Salinas aquitard
5812411.1,2091688.0,51.9359037,180ft aquifer
5758964.3,2142459.6,13.82470979,Salinas aquitard
5758964.3,2142459.6,-107.59529021,180ft aquifer
5758964.3,2142459.6,-265.05529021,Middle aquitard
5758964.3,2142459.6,-415.57529021,400ft aquifer
5758964.3,2142459.6,-633.21529021,Deep aquitard
5761831.6,2147684.9,-57.700966720000004,180ft aquifer
5761831.6,2147684.9,-151.23096672,Middle aquitard
5761831.6,2147684.9,-246.56096671999998,400ft aquifer
5761831.6,2147684.9,-410.72096672,Deep aquitard
5804583.3,2102279.0,-79.82,Salinas aquitard
5804583.3,2102279.0,-103.63,180ft aquifer
5804583.3,2102279.0,-216.44,Middle aquitard
5804583.3,2102279.0,-257.25,400ft aquifer
5804583.3,2102279.0,-413.11,Deep aquitard
5789162.5,2157474.1,87.41571929999999,Salinas aquitard
5789162.5,2157474.1,13.025719299999992,180ft aquifer
5789162.5,2157474.1,-75.78428070000001,Middle aquitard
5789162.5,2157474.1,-264.8742807,400ft aquifer
5816948.3,2108433.4,-33.141516300000006,Salinas aquitard
5816948.3,2108433.4,-88.23151630000001,180ft aquifer
5816948.3,2108433.4,-143.0515163,Middle aquitard
5816948.3,2108433.4,-199.2015163,400ft aquifer
5816948.3,2108433.4,-360.63151630000004,Deep aquitard
5816948.3,2108433.4,-539.6015163000001,Paso Robles
5861322.1,2044736.6,95.79598170000001,180ft aquifer
5861322.1,2044736.6,-31.724018299999983,Middle aquitard
5861322.1,2044736.6,-97.68401829999999,Deep aquitard
5835031.2,2102909.8,249.3856946,180ft aquifer
5835031.2,2102909.8,174.69569459999997,Middle aquitard
5835031.2,2102909.8,119.70569459999999,400ft aquifer
5835031.2,2102909.8,25.30569459999998,Deep aquitard
5835031.2,2102909.8,-409.2343054,Paso Robles
5760063.7,2180522.5,-41.70920039,Salinas aquitard
5760063.7,2180522.5,-68.51920039000001,180ft aquifer
5760063.7,2180522.5,-249.93920039,Middle aquitard
5760063.7,2180522.5,-417.91920039,400ft aquifer
5804293.5,2141009.9,79.23556039999998,Salinas aquitard
5804293.5,2141009.9,2.8055603999999903,180ft aquifer
5828403.5,2105606.8,106.8626906,180ft aquifer
5828403.5,2105606.8,-7.727309399999996,Middle aquitard
5791484.7,2115791.4,-56.01951154,180ft aquifer
5791484.7,2115791.4,-235.62951154,Middle aquitard
5791484.7,2115791.4,-350.12951154,400ft aquifer
5791484.7,2115791.4,-505.44951154,Deep aquitard
5790710.2,2129504.3,-5.765029169999998,180ft aquifer
5790710.2,2129504.3,-157.99502917,Middle aquitard
5790710.2,2129504.3,-211.82502917000002,400ft aquifer
5757584.5,2185843.8,57.144392339999996,Salinas aquitard
5757584.5,2185843.8,7.814392339999998,180ft aquifer
5755634.5,2177913.4,-60.01288801,180ft aquifer
5755634.5,2177913.4,-250.02288800999997,400ft aquifer
5755634.5,2177913.4,-250.02288800999997,Middle aquitard
5752995.5,2176439.4,-244.99871636,Middle aquitard
5752995.5,2176439.4,-270.00871636,400ft aquifer
5752995.5,2176439.4,-800.04871636,Deep aquitard
5753458.5,2176002.4,-4.98961347,180ft aquifer
5753458.5,2176002.4,-245.02961347000002,Middle aquitard
5753458.5,2176002.4,-270.02961347,400ft aquifer
5751483.5,2175789.4,-19.99879439,180ft aquifer
5751483.5,2175789.4,-205.00879439,400ft aquifer
5751483.5,2175789.4,-205.00879439,Middle aquitard
5752350.5,2171086.3,-69.99689408,180ft aquifer
5752350.5,2171086.3,-169.99689408,Middle aquitard
5752350.5,2171086.3,-350.02689408,400ft aquifer
5748684.5,2170969.3,-94.99297047,180ft aquifer
5748684.5,2170969.3,-170.00297047,Middle aquitard
5748684.5,2170969.3,-220.00297047,400ft aquifer
5748684.5,2170969.3,-585.0129704699999,Deep aquitard
5747296.5,2169137.3,-96.99717754,180ft aquifer
5747296.5,2169137.3,-230.00717754,400ft aquifer
5782452.6,2168312.3,75.60775666,Salinas aquitard
5782452.6,2168312.3,69.99775666000001,180ft aquifer
5782452.6,2168312.3,-70.00224334,Middle aquitard
5782452.6,2168312.3,-475.01224334,Paso Robles
5755523.953,2156217.554,-74.99671443,180ft aquifer
5755523.953,2156217.554,-239.99671443000003,Middle aquitard
5755523.953,2156217.554,-339.99671443,400ft aquifer
5755523.953,2156217.554,-439.99671443,Deep aquitard
5755523.953,2156217.554,-439.99671443,Paso Robles
5749725.342,2154474.932,-0.004170999999999481,Salinas aquitard
5749725.342,2154474.932,-30.004170999999985,180ft aquifer
5749725.342,2154474.932,-260.004171,Middle aquitard
5749725.342,2154474.932,-330.004171,400ft aquifer
5749725.342,2154474.932,-450.004171,Deep aquitard
5749725.342,2154474.932,-450.004171,Paso Robles
5749985.759,2151371.634,9.996166799999997,Salinas aquitard
5749985.759,2151371.634,-40.0038332,180ft aquifer
5749985.759,2151371.634,-260.00383320000003,Middle aquitard
5749985.759,2151371.634,-360.00383320000003,400ft aquifer
5749985.759,2151371.634,-450.0038331999999,Deep aquitard
5749985.759,2151371.634,-450.0038331999999,Paso Robles
5753219.266,2149698.457,4.999642600000016,Salinas aquitard
5753219.266,2149698.457,-25.000357399999984,180ft aquifer
5753219.266,2149698.457,-255.00035739999998,Middle aquitard
5753219.266,2149698.457,-340.0003574,400ft aquifer
5753219.266,2149698.457,-450.00035740000004,Deep aquitard
5753219.266,2149698.457,-450.00035740000004,Paso Robles
5752199.3,2147463.213,10.000603099999992,Salinas aquitard
5752199.3,2147463.213,-39.99939690000002,180ft aquifer
5752199.3,2147463.213,-299.9993969,Middle aquitard
5752199.3,2147463.213,-309.9993969,400ft aquifer
5752199.3,2147463.213,-449.9993969,Deep aquitard
5752199.3,2147463.213,-449.9993969,Paso Robles
5753262.669,2145293.075,-5.003597599999999,180ft aquifer
5753262.669,2145293.075,-310.00359760000003,Middle aquitard
5753262.669,2145293.075,-340.00359760000003,400ft aquifer
5753262.669,2145293.075,-460.00359760000003,Deep aquitard
5753262.669,2145293.075,-460.00359760000003,Paso Robles
5758149.821,2159494.463,10.00439635,Salinas aquitard
5758149.821,2159494.463,-74.99560365,180ft aquifer
5758149.821,2159494.463,-239.99560365,Middle aquitard
5758149.821,2159494.463,-349.99560365,400ft aquifer
5758149.821,2159494.463,-449.99560365,Deep aquitard
5760177.042,2149745.747,0.003249720000003009,Salinas aquitard
5760177.042,2149745.747,-149.99675028000001,180ft aquifer
5760177.042,2149745.747,-289.99675028,Middle aquitard
5760177.042,2149745.747,-304.99675028,400ft aquifer
5760177.042,2149745.747,-499.99675028,Deep aquitard
5757338.5,2142011.372,-19.999116909999998,Salinas aquitard
5757338.5,2142011.372,-119.99911691,180ft aquifer
5757338.5,2142011.372,-215.15911691,Middle aquitard
5757338.5,2142011.372,-314.99911691,400ft aquifer
5757338.5,2142011.372,-459.99911691,Deep aquitard
5756947.875,2145370.747,-40.00034895,Salinas aquitard
5756947.875,2145370.747,-100.00034895,180ft aquifer
5756947.875,2145370.747,-300.00034895,Middle aquitard
5756947.875,2145370.747,-320.00034895,400ft aquifer
5756947.875,2145370.747,-490.00034895,Deep aquitard
5754994.75,2137297.831,14.995557899999994,Salinas aquitard
5754994.75,2137297.831,-125.0044421,180ft aquifer
5754994.75,2137297.831,-275.0044421,Middle aquitard
5754994.75,2137297.831,-300.0044421,400ft aquifer
5754994.75,2137297.831,-425.00444209999995,Deep aquitard
5741228.5,2154083.3,-175.01835168999997,180ft aquifer
5741228.5,2154083.3,-305.01835169,Middle aquitard
5741228.5,2154083.3,-380.01835169,400ft aquifer
5738673.5,2149683.3,-225.00729092,180ft aquifer
5738673.5,2149683.3,-280.02729092,Middle aquitard
5738673.5,2149683.3,-330.02729092,400ft aquifer
5738673.5,2149683.3,-650.02729092,Deep aquitard
5747136.5,2161697.3,-110.01667673,180ft aquifer
5747136.5,2161697.3,-310.02667672999996,400ft aquifer
5747136.5,2161697.3,-310.02667672999996,Middle aquitard
5743507.5,2160719.3,-165.012123583,180ft aquifer
5743507.5,2160719.3,-310.032123583,400ft aquifer
5743507.5,2160719.3,-310.032123583,Middle aquitard
5743507.5,2160719.3,-600.0321235829999,Deep aquitard
5772591.6,2145649.3,-100.00441597000001,180ft aquifer
5772591.6,2145649.3,-230.00441596999997,400ft aquifer
5772591.6,2145649.3,-230.00441596999997,Middle aquitard
5772591.6,2145649.3,-565.02441597,Deep aquitard
5770993.6,2154738.3,-69.99779415,180ft aquifer
5770993.6,2154738.3,-265.01779415,400ft aquifer
5770993.6,2154738.3,-265.01779415,Middle aquitard
5772070.6,2155498.3,-29.996769309999998,180ft aquifer
5772070.6,2155498.3,-275.02676930999996,Middle aquitard
5772070.6,2155498.3,-370.01676931,400ft aquifer
5772070.6,2155498.3,-535.0167693100001,Deep aquitard
5762062.5,2156984.3,-100.01227786999999,180ft aquifer
5762062.5,2156984.3,-295.00227787,Middle aquitard
5762062.5,2156984.3,-360.03227787,400ft aquifer
5762062.5,2156984.3,-555.0222778699999,Deep aquitard
5742798.5,2156373.3,-145.00036928999998,180ft aquifer
5742798.5,2156373.3,-320.01036929,400ft aquifer
5742798.5,2156373.3,-320.01036929,Middle aquitard
5742798.5,2156373.3,-645.0203692900001,Deep aquitard
5767278.5,2145932.3,-184.66546222,180ft aquifer
5767278.5,2145932.3,-325.02546222,Middle aquitard
5767278.5,2145932.3,-340.01546222,400ft aquifer
5794835.6,2159296.3,100.00195640000001,180ft aquifer
5794835.6,2159296.3,-150.01804359999997,Middle aquitard
5794835.6,2159296.3,-194.9980436,400ft aquifer
5790082.6,2152145.3,-39.98488400000001,180ft aquifer
5790082.6,2152145.3,-250.004884,Middle aquitard
5790082.6,2152145.3,-375.014884,400ft aquifer
5790082.6,2152145.3,-420.024884,Deep aquitard
5790088.6,2149263.3,5.003100119999999,180ft aquifer
5790088.6,2149263.3,-265.02689988000003,Middle aquitard
5790088.6,2149263.3,-360.00689988000005,400ft aquifer
5790088.6,2149263.3,-470.01689988000004,Deep aquitard
5783806.6,2140841.3,-80.00170046,180ft aquifer
5783806.6,2140841.3,-195.00170046,Middle aquitard
5783806.6,2140841.3,-220.00170046,400ft aquifer
5787786.094,2113059.224,-1019.9966118899999,Purisima
5772104.125,2129901.997,19.996717620000002,Salinas aquitard
5772104.125,2129901.997,-60.003282379999995,180ft aquifer
5772104.125,2129901.997,-250.00328238,Middle aquitard
5772104.125,2129901.997,-310.00328238,400ft aquifer
5772104.125,2129901.997,-425.00328238,Deep aquitard
5764447.875,2132766.58,-14.997163190000002,Salinas aquitard
5764447.875,2132766.58,-99.99716318999998,180ft aquifer
5764447.875,2132766.58,-309.99716319000004,Middle aquitard
5764447.875,2132766.58,-349.99716319000004,400ft aquifer
5764447.875,2132766.58,-414.99716319000004,Deep aquitard
5755984.333,2135943.664,-0.002744599999999764,Salinas aquitard
5755984.333,2135943.664,-130.0027446,180ft aquifer
5755984.333,2135943.664,-310.0027446,Middle aquitard
5755984.333,2135943.664,-340.0027446,400ft aquifer
5755984.333,2135943.664,-430.0027446,Deep aquitard
5753598.917,2135839.497,29.996875199999977,Salinas aquitard
5753598.917,2135839.497,-60.00312480000002,180ft aquifer
5753598.917,2135839.497,-250.0031248,Middle aquitard
5753598.917,2135839.497,-270.0031248,400ft aquifer
5753598.917,2135839.497,-370.0031248,Deep aquitard
5794419.8,2119789.8,0.0036081799999934105,Salinas aquitard
5794419.8,2119789.8,-124.99639182000001,180ft aquifer
5794419.8,2119789.8,-149.99639182,Middle aquitard
5794419.8,2119789.8,-360.01639182,400ft aquifer
5794419.8,2119789.8,-550.01639182,Deep aquitard
5793103.9,2121196.0,20.002670050000006,Salinas aquitard
5793103.9,2121196.0,-125.01732995,180ft aquifer
5793103.9,2121196.0,-150.01732995,Middle aquitard
5793103.9,2121196.0,-359.99732995,400ft aquifer
5793103.9,2121196.0,-550.0373299500001,Deep aquitard
5782445.0,2123020.1,20.01193799,Salinas aquitard
5782445.0,2123020.1,-100.00806201,180ft aquifer
5782445.0,2123020.1,-204.99806200999998,Middle aquitard
5782445.0,2123020.1,-275.00806201,400ft aquifer
5782445.0,2123020.1,-370.02806201,Deep aquitard
5782445.0,2123020.1,-530.00806201,Paso Robles
5790218.9,2118539.9,-30.00853147,Salinas aquitard
5790218.9,2118539.9,-80.01853147,180ft aquifer
5790218.9,2118539.9,-84.99853146999999,Middle aquitard
5790218.9,2118539.9,-330.02853147,400ft aquifer
5790218.9,2118539.9,-330.02853147,Deep aquitard
5796750.1,2110286.7,30.00302847999999,Salinas aquitard
5796750.1,2110286.7,-49.99697152,180ft aquifer
5796750.1,2110286.7,-239.99697152,Middle aquitard
5788799.6,2113168.5,-0.0009209599999948637,Salinas aquitard
5788799.6,2113168.5,-29.990920960000004,180ft aquifer
5788799.6,2113168.5,-120.02092095999998,Middle aquitard
5788799.6,2113168.5,-330.00092096000003,400ft aquifer
5788799.6,2113168.5,-450.02092096,Deep aquitard
5804529.3,2101082.6,25.0034031,Salinas aquitard
5804529.3,2101082.6,-39.996596900000014,180ft aquifer
5804529.3,2101082.6,-154.9965969,Middle aquitard
5776943.494,2137904.075,-336.69902267,400ft aquifer
5776943.494,2137904.075,-499.99902267000004,Deep aquitard
5776943.494,2137904.075,-599.99902267,Paso Robles
5766842.5,2153973.3,-94.99234747,180ft aquifer
5766842.5,2153973.3,-300.02234747,Middle aquitard
5766842.5,2153973.3,-425.03234747,400ft aquifer
5766842.5,2153973.3,-650.04234747,Deep aquitard
5766480.5,2145236.3,-80.00009277999999,180ft aquifer
5766480.5,2145236.3,-320.00009278,Middle aquitard
5766480.5,2145236.3,-345.00009278,400ft aquifer
5742910.0,2156312.0,-399.99598893,400ft aquifer
5742910.0,2156312.0,-479.99598893000007,Deep aquitard
5742910.0,2156312.0,-599.9959889300001,Paso Robles
5739746.553,2185420.419,-650.0001056,Paso Robles
5739746.553,2185420.419,-1770.0001056,Purisima
5779852.122,2120993.195,-449.99571906999995,Paso Robles
5779852.122,2120993.195,-999.9957190700001,Purisima
5757907.455,2169711.772,-349.99895612,400ft aquifer
5757907.455,2169711.772,-549.99895612,Deep aquitard
5757907.455,2169711.772,-699.99895612,Paso Robles
5757907.455,2169711.772,-1379.99895612,Purisima
5761048.494,2148464.075,-275.00173422,400ft aquifer
5761048.494,2148464.075,-425.00173422,Deep aquitard
5761048.494,2148464.075,-625.00173422,Paso Robles
5757637.001,2135009.878,-124.99647200000001,180ft aquifer
5757637.001,2135009.878,-339.9964719999999,Middle aquitard
5757637.001,2135009.878,-359.9964719999999,400ft aquifer
5757637.001,2135009.878,-429.9964719999999,Deep aquitard
5757637.001,2135009.878,-649.9964719999999,Paso Robles
5757637.001,2135009.878,-1289.996472,Purisima
5758385.316,2184046.766,-375.0029833,400ft aquifer
5758385.316,2184046.766,-625.0029833000001,Paso Robles
5812039.171,2113109.555,-1429.99538405,Purisima
5868724.915,2021350.951,-1500.0004797000001,Purisima
5773697.816,2178421.766,-424.9982757,Paso Robles
5726751.132,2125076.853,-299.99624027,Purisima
5747058.373,2141621.522,-120.00317269999996,180ft aquifer
5747058.373,2141621.522,-290.00317269999994,Middle aquitard
5747058.373,2141621.522,-310.00317269999994,400ft aquifer
5747058.373,2141621.522,-410.00317269999994,Deep aquitard
5747058.373,2141621.522,-550.0031726999999,Paso Robles
5747058.373,2141621.522,-1220.0031727,Purisima
5744413.715,2146646.37,-600.0047505,Paso Robles
5744413.715,2146646.37,-1160.0047505,Purisima
5746313.0,2145201.0,-300.0018496,400ft aquifer
5746313.0,2145201.0,-500.00184959999996,Deep aquitard
5746313.0,2145201.0,-600.0018496,Paso Robles
5710033.171,2163836.642,-620.0032665,Purisima
5744466.295,2165392.773,-450.00178183,400ft aquifer
5744466.295,2165392.773,-500.00178183,Deep aquitard
5744466.295,2165392.773,-625.0017818299999,Paso Robles
5744466.295,2165392.773,-1550.00178183,Purisima
5732121.539,2127444.079,-25.004982299999995,Paso Robles
5732121.539,2127444.079,-590.0049823,Purisima
5738065.31,2130644.572,-49.99991019999999,Paso Robles
5738065.31,2130644.572,-799.9999102,Purisima
5741723.016,2170879.331,-399.99738197,Paso Robles
5741723.016,2170879.331,-1399.99738197,Purisima
5739964.057,2154561.738,-69.99865227,180ft aquifer
5739964.057,2154561.738,-194.99865226999998,Middle aquitard
5739964.057,2154561.738,-249.99865227000004,400ft aquifer
5739964.057,2154561.738,-529.99865227,Deep aquitard
5739964.057,2154561.738,-529.99865227,Paso Robles
5741396.349,2154171.113,-60.00463020000001,180ft aquifer
5741396.349,2154171.113,-215.0046302,Middle aquitard
5741396.349,2154171.113,-255.0046302,400ft aquifer
5741396.349,2154171.113,-525.0046302,Deep aquitard
5741396.349,2154171.113,-525.0046302,Paso Robles
5748553.467,2156189.342,24.997339710000006,Salinas aquitard
5748553.467,2156189.342,-10.002660289999994,180ft aquifer
5748553.467,2156189.342,-240.00266029,Middle aquitard
5748553.467,2156189.342,-320.00266029,400ft aquifer
5748553.467,2156189.342,-460.00266029,Deep aquitard
5748553.467,2156189.342,-460.00266029,Paso Robles
5756148.953,2141126.408,-25.003817249999997,Salinas aquitard
5756148.953,2141126.408,-120.00381725,180ft aquifer
5756148.953,2141126.408,-310.00381725,Middle aquitard
5756148.953,2141126.408,-360.00381725,400ft aquifer
5756148.953,2141126.408,-500.00381725,Deep aquitard
5756148.953,2141126.408,-500.00381725,Paso Robles
5744130.724,2152109.481,-50.00144063999999,180ft aquifer
5744130.724,2152109.481,-240.00144064,Middle aquitard
5744130.724,2152109.481,-275.00144064,400ft aquifer
5744130.724,2152109.481,-500.00144064000006,Deep aquitard
5744130.724,2152109.481,-500.00144064000006,Paso Robles
5744846.87,2159401.148,-60.002174180000004,Salinas aquitard
5744846.87,2159401.148,-80.00217418,180ft aquifer
5744846.87,2159401.148,-205.00217418,Middle aquitard
5744846.87,2159401.148,-270.00217418,400ft aquifer
5747338.189,2161940.21,-24.9999526,Salinas aquitard
5747338.189,2161940.21,-64.9999526,180ft aquifer
5747338.189,2161940.21,-214.9999526,Middle aquitard
5747338.189,2161940.21,-329.9999526,400ft aquifer
5747338.189,2161940.21,-449.9999526,Deep aquitard
5747338.189,2161940.21,-449.9999526,Paso Robles
5778278.951,2187931.563,-880.0040518999999,Purisima
5788933.494,2130974.075,-44.11796154,180ft aquifer
5788933.494,2130974.075,-133.96796153999998,Middle aquitard
5788933.494,2130974.075,-298.44796154,400ft aquifer
5788933.494,2130974.075,-424.99796154,Deep aquitard
5788933.494,2130974.075,-549.99796154,Paso Robles
5788933.494,2130974.075,-1299.99796154,Purisima
5751774.466,2187879.395,-700.00482306,Paso Robles
5751774.466,2187879.395,-1550.00482306,Purisima
5734146.966,2115649.77,-599.9982676,Purisima
5766666.567,2180557.183,-449.99919771000003,Paso Robles
5770364.483,2180609.267,-449.99968909999996,Paso Robles
5744928.216,2149087.27,-300.00218836,400ft aquifer
5744928.216,2149087.27,-500.00218836,Deep aquitard
5744928.216,2149087.27,-700.00218836,Paso Robles
5746660.0,2140479.0,-350.0026907,400ft aquifer
5746660.0,2140479.0,-450.00269069999996,Deep aquitard
5746660.0,2140479.0,-625.0026906999999,Paso Robles
5741855.299,2137837.27,-509.99956299999997,Paso Robles
5813243.493,2114914.075,-599.9985604899999,Paso Robles
5744928.216,2131899.77,-449.99703829999993,Paso Robles
5738261.549,2133618.52,-450.0038604,Paso Robles
5744876.132,2134816.437,-499.9998505,Paso Robles
5744928.216,2138931.02,-399.99683630000004,400ft aquifer
5744928.216,2138931.02,-449.99683630000004,Deep aquitard
5744928.216,2138931.02,-549.9968363,Paso Robles
5929102.538,1976586.904,-529.9954237000001,Purisima
5738331.004,2149819.959,23.01113313,Salinas aquitard
5738331.004,2149819.959,-56.988866869999995,180ft aquifer
5738331.004,2149819.959,-156.98886687,Middle aquitard
5738331.004,2149819.959,-226.98886687,400ft aquifer
5738331.004,2149819.959,-646.98886687,Paso Robles
5738331.004,2149819.959,-931.98886687,Purisima
5827498.92,2079728.805,-1650.0048576,Purisima
