BoreholeID,Easting,Northing,Elevation,TotalDepth,AlternateID,Top_Shallow,Top_Salinas,Top_180AQ,Top_MidAT,Top_400AQ,Top_DeepAT,Top_PasoRobles,Top_Purisima,Top_Bedrock,THK_Shallow,THK_Salinas,THK_180AQ,THK_MidAT,THK_400AQ,THK_DeepAT,THK_PasoRobles,THK_Purisima,THK_Bedrock,Base_Bedrock
1,5927870.4,1965737.1,293.0,180.0,20S08E07E01,293.0,253.0,252.0,250.0,249.0,248.0,247.0,147.0,-968.5,40.0,1.0,2.0,1.0,1.0,1.0,100.0,1115.4,500.0,-1468.5
10006,5916069.8,2002267.3,255.3,220.0,19S07E03H02,257.1,207.1,206.1,205.1,204.1,203.1,202.1,2.1,-781.2,50.0,1.0,1.0,1.0,1.0,1.0,200.0,783.3,500.0,-1281.2
10010,5903934.3,2005132.0,261.9,420.0,19S07E05B02,263.3,213.3,212.3,193.4,160.4,60.4,-39.6,-389.6,-1332.3,50.0,1.0,18.9,32.9,100.0,100.0,350.0,942.7,500.0,-1832.3
10011,5913906.3,1994833.5,320.1,245.0,19S07E10P01,319.9,269.9,268.9,267.9,266.9,265.9,264.9,64.9,-1260.4,50.0,1.0,1.0,1.0,1.0,1.0,200.0,1325.3,500.0,-1760.4
10016,5921189.4,1994468.2,262.8,248.0,19S07E13D03,257.5,207.5,206.5,205.5,204.5,203.5,202.5,2.5,-751.1,50.0,1.0,1.0,1.0,1.0,1.0,200.0,753.6,500.0,-1251.1
10022,5921387.9,1974709.7,276.5,700.0,19S07E36N01,277.7,227.7,226.7,225.7,224.7,223.7,222.7,22.7,-1132.8,50.0,1.0,1.0,1.0,1.0,1.0,200.0,1155.5,500.0,-1632.8
10025,5944321.4,1977975.8,393.2,473.0,19S08E27N03,393.1,368.1,367.1,366.1,365.1,364.1,363.1,338.1,189.2,25.0,1.0,1.0,1.0,1.0,1.0,25.0,148.9,500.0,-310.8
10030,5936239.1,1977282.7,400.2,564.0,19S08E32A01,400.2,350.2,349.2,348.2,347.2,346.2,345.2,145.2,-485.6,50.0,1.0,1.0,1.0,1.0,1.0,200.0,630.7,500.0,-985.6
10032,5941681.9,1974840.7,382.1,520.0,19S08E33J02,379.5,329.5,328.5,327.5,326.5,325.5,324.5,124.5,-515.3,50.0,1.0,1.0,1.0,1.0,1.0,200.0,639.8,500.0,-1015.3
10033,5938775.4,1973236.0,386.5,600.0,19S08E33P01,385.9,335.9,334.9,333.9,332.9,331.9,330.9,130.9,-405.8,50.0,1.0,1.0,1.0,1.0,1.0,200.0,536.7,500.0,-905.8
10039,5936005.3,1968031.7,343.2,372.0,20S08E05R01,344.7,294.7,293.7,292.7,291.7,290.7,289.7,89.7,-718.4,50.0,1.0,1.0,1.0,1.0,1.0,200.0,808.1,500.0,-1218.4
10046,5932454.9,1967841.4,320.6,316.0,20S08E08C01,320.0,270.0,269.0,268.0,267.0,266.0,265.0,65.0,-1083.5,50.0,1.0,1.0,1.0,1.0,1.0,200.0,1148.5,500.0,-1583.5
10047,5932417.9,1967797.8,320.1,306.0,20S08E08C02,320.0,270.0,269.0,268.0,267.0,266.0,265.0,65.0,-1083.5,50.0,1.0,1.0,1.0,1.0,1.0,200.0,1148.5,500.0,-1583.5
10051,5936398.6,1965801.9,302.9,116.0,20S08E08H02,315.4,265.4,264.4,263.4,262.4,261.4,260.4,60.4,-633.3,50.0,1.0,1.0,1.0,1.0,1.0,200.0,693.7,500.0,-1133.3
10052,5936161.4,1963291.1,324.0,214.0,20S08E08M01,320.9,280.9,279.9,277.9,276.9,275.9,274.9,174.9,-632.6,40.0,1.0,2.0,1.0,1.0,1.0,100.0,807.6,500.0,-1132.6
10065,5933174.8,1957491.0,313.3,70.0,20S08E17P01,313.1,273.1,272.1,270.1,269.1,268.1,267.1,167.1,-609.1,40.0,1.0,2.0,1.0,1.0,1.0,100.0,776.2,500.0,-1109.1
1007,5792347.6,2124223.3,63.5,452.0,15S/03E-15B01,63.3,2.2,-65.4,-163.0,-271.2,-391.7,-428.1,-1248.4,-2303.1,61.2,67.6,97.6,108.3,120.4,36.5,820.3,1054.7,500.0,-2803.1
10072,5957732.9,1953428.9,411.9,238.0,20S08E24J02,410.9,360.9,359.9,358.9,357.9,356.9,355.9,354.9,-884.9,50.0,1.0,1.0,1.0,1.0,1.0,1.0,1239.8,500.0,-1384.9
10077,5944073.4,1944383.4,460.5,432.0,20S08E34G01,457.4,407.4,406.4,405.4,404.4,403.4,402.4,401.4,-858.5,50.0,1.0,1.0,1.0,1.0,1.0,1.0,1259.9,500.0,-1358.5
1010,5812049.6,2125167.8,104.0,773.0,15S04E08L01,105.3,9.5,4.5,-70.3,-201.2,-287.1,-501.9,-1268.4,-1592.7,95.7,5.0,74.8,130.9,85.9,214.8,766.5,324.2,500.0,-2092.7
10103,5993382.2,1892223.2,532.1,192.0,22S10E17N01,534.3,494.3,493.3,491.3,490.3,489.3,488.3,388.3,-802.0,40.0,1.0,2.0,1.0,1.0,1.0,100.0,1190.3,500.0,-1302.0
10117,6006368,1880052.7,472.6,300.0,22S10E34B01,475.8,425.8,424.8,423.8,422.8,421.8,420.8,216.3,-1072.2,50.0,1.0,1.0,1.0,1.0,1.0,204.5,1288.5,500.0,-1572.2
1014,5810620.1,2130924.8,104.2,600.0,15S04E05M01,93.3,17.6,12.6,-67.5,-123.8,-194.2,-531.3,-1173.6,-1512.7,75.7,5.0,80.1,56.4,70.3,337.2,642.3,339.1,500.0,-2012.7
10140,5746795.5,2179888.6,12.9,508.0,13S02E19R01,12.8,-10.3,-93.6,-220.4,-338.4,-532.4,-832.4,-1501.9,-2216.5,23.1,83.3,126.8,118.0,194.0,300.0,669.4,714.6,500.0,-2716.5
10142,5748890,2182098.6,21.4,600.0,13S02E20M02,22.6,-2.3,-92.9,-229.7,-318.4,-489.2,-789.2,-1496.3,-2080.1,24.9,90.6,136.9,88.7,170.8,300.0,707.1,583.9,500.0,-2580.1
10150,5748163,2179753.4,11.6,550.0,13S02E29C02,12.5,-3.7,-91.7,-216.2,-335.3,-535.6,-835.6,-1501.6,-2177.2,16.3,88.0,124.5,119.1,200.3,300.0,666.0,675.6,500.0,-2677.2
10158,5745414,2171755.3,12.9,568.0,13S/02E-31K02,12.7,-26.3,-100.6,-212.4,-290.3,-560.9,-860.9,-1475.6,-2207.4,38.9,74.3,111.9,77.9,270.6,300.0,614.7,731.8,500.0,-2707.4
10163,5748393,2171789.8,11.4,885.0,13S/02E-32E03,10.2,-14.4,-96.9,-190.6,-289.6,-563.0,-863.0,-1479.6,-2090.5,24.5,82.5,93.8,99.0,273.4,300.0,616.6,610.9,500.0,-2590.5
10164,5748683,2171142.3,8.0,1610.1,13S/02E-32E05,8.0,-20.1,-98.1,-189.4,-291.0,-560.4,-860.4,-1478.4,-2065.7,28.1,78.0,91.4,101.5,269.4,300.0,618.1,587.2,500.0,-2565.7
10166,5749390.5,2170008.8,12.1,561.0,13S/02E-32P01,11.4,-33.8,-103.0,-190.0,-298.7,-552.0,-852.0,-1477.3,-2014.7,45.3,69.1,87.0,108.7,253.2,300.0,625.3,537.4,500.0,-2514.7
10167,5755373.5,2172501.6,27.0,115.0,13S/02E-33G01,26.2,-5.9,-98.8,-212.5,-299.5,-529.1,-829.1,-1405.2,-1822.3,32.0,92.9,113.7,87.0,229.6,300.0,576.1,417.1,500.0,-2322.3
10191,5746864,2163233.8,12.7,604.0,14S/02E-06R02,12.6,-41.1,-134.5,-234.0,-337.3,-516.5,-816.5,-1578.4,-2223.8,53.7,93.4,99.5,103.3,179.3,300.0,761.9,645.4,500.0,-2723.8
1020,5808688.6,2107322.2,79.7,335.0,15S/04E-31A02,73.0,14.6,-29.2,-90.8,-176.6,-311.7,-421.5,-1542.6,-2114.3,58.4,43.8,61.6,85.8,135.2,109.7,1121.1,571.8,500.0,-2614.3
1022,5796335.1,2123068.0,67.3,245.0,15S03E14C01,67.3,-24.8,-93.1,-181.3,-262.5,-386.5,-479.7,-1359.1,-2196.5,92.0,68.3,88.3,81.2,124.0,93.2,879.3,837.4,500.0,-2696.5
1026,5879901.3,2003242.8,421.5,400.0,18S06E34N50,414.4,364.4,363.4,229.1,195.5,178.7,140.0,-360.0,-2336.2,50.0,1.0,134.3,33.6,16.8,38.7,500.0,1976.2,500.0,-2836.2
10263,5795690.6,2151793.6,108.5,737.0,14S03E14N01,104.3,31.1,-2.0,-165.0,-267.6,-417.6,-717.6,-1108.9,-1459.5,73.2,33.2,163.0,102.6,150.0,300.0,391.2,350.6,500.0,-1959.4
10266,5792547.6,2152865.8,109.1,780.0,14S/03E-15K03,109.8,19.8,-47.0,-192.9,-336.4,-486.4,-786.4,-1157.5,-1485.8,90.0,66.8,145.9,143.5,150.0,300.0,371.1,328.3,500.0,-1985.8
10317,5796749.6,2122660.7,67.3,262.0,15S03E14G01,67.2,-25.1,-93.3,-181.5,-265.1,-385.6,-478.5,-1369.6,-2196.5,92.4,68.1,88.3,83.6,120.5,92.9,891.2,826.9,500.0,-2696.5
1033,5790587.6,2121968.5,58.5,520.0,15S03E15G02,60.3,1.7,-57.3,-174.1,-290.4,-378.7,-412.1,-1226.2,-2421.1,58.6,59.0,116.8,116.3,88.3,33.4,814.0,1194.9,500.0,-2921.1
10353,5816789.6,2122451.5,155.0,381.0,15S04E16C01,151.9,101.9,46.0,-60.7,-188.9,-260.5,-490.4,-1250.8,-1523.2,50.0,55.8,106.8,128.2,71.6,229.9,760.4,272.4,500.0,-2023.2
10359,5812829.1,2117356.5,97.2,380.0,15S04E20B03,99.3,-39.5,-53.7,-118.2,-219.8,-335.1,-532.3,-1367.0,-1797.3,138.9,14.2,64.5,101.6,115.3,197.2,834.7,430.3,500.0,-2297.3
10366,5829357.7,2116367.7,254.7,250.0,15S04E23H01,255.8,220.8,219.8,118.9,111.8,-16.0,-500.0,-912.5,-913.5,35.0,1.0,100.8,7.1,127.8,484.0,412.6,1.0,500.0,-1413.5
10369,5814572.6,2110566.5,100.7,324.0,15S/04E-29H02,101.0,-28.9,-72.9,-131.5,-238.5,-375.0,-516.2,-1415.3,-1941.0,130.0,43.9,58.6,107.0,136.4,141.2,899.1,525.7,500.0,-2441.0
10377,5823315.2,2100913.5,122.9,250.0,16S/04E-03G01,121.3,19.7,4.0,-75.4,-190.6,-385.6,-474.7,-1382.2,-1900.4,101.6,15.7,79.5,115.1,195.0,89.1,907.5,518.3,500.0,-2400.4
10382,5822079.7,2096779.4,108.7,302.0,16S04E10C01,107.1,13.7,-2.4,-84.9,-173.3,-292.7,-334.9,-1448.4,-2120.2,93.3,16.1,82.4,88.4,119.4,42.1,1113.5,671.8,500.0,-2620.2
10386,5833243.7,2096423.6,190.7,630.0,16S04E12B01,191.8,102.5,81.3,-10.8,-88.3,-231.2,-313.1,-1245.7,-1631.2,89.2,21.3,92.1,77.5,142.9,81.9,932.6,385.6,500.0,-2131.3
10389,5820927.2,2091033.2,103.1,384.0,16S04E15D01,103.9,27.3,14.1,-97.7,-173.5,-267.3,-567.3,-1499.9,-2324.7,76.6,13.3,111.8,75.8,93.8,300.0,932.6,824.8,500.0,-2824.7
10392,5815015.6,2088432.9,105.5,170.0,16S04E16E01,107.2,50.6,20.0,-27.7,-75.4,-189.9,-227.6,-1399.1,-2531.2,56.6,30.7,47.7,47.7,114.5,37.7,1171.5,1132.1,500.0,-3031.2
10407,5842589.7,2097010.2,268.3,445.0,16S05E08C01,267.2,264.7,259.7,146.3,30.8,-77.8,-548.8,-1054.8,-1270.8,2.5,5.0,113.4,115.5,108.5,471.0,506.0,216.0,500.0,-1770.8
10449,5847215.6,2053738.9,142.0,178.0,17S/05E-21A01,139.2,89.2,88.2,85.7,83.2,-128.3,-626.4,-1547.7,-2311.1,50.0,1.0,2.5,2.5,211.5,498.1,921.4,763.4,500.0,-2811.1
10455,5868464.7,2056412.1,190.5,705.0,17S06E18G01,188.9,138.9,137.9,69.3,27.9,-98.0,-373.8,-1191.6,-1384.7,50.0,1.0,68.6,41.4,125.9,275.8,817.8,193.1,500.0,-1884.7
1046,5771196.1,2161618.3,60.1,672.0,14S/02E-12B01,58.4,-34.7,-98.6,-204.6,-383.3,-490.3,-790.3,-1411.2,-1855.3,93.0,63.9,106.0,178.7,107.0,300.0,620.9,444.1,500.0,-2355.3
10473,5872822.3,2029043.1,239.8,131.0,18S/06E-08K01,250.6,200.6,199.6,99.6,28.5,-77.3,-127.3,-477.3,-1917.5,50.0,1.0,100.0,71.2,105.8,50.0,350.0,1440.2,500.0,-2417.5
10479,5896435.8,2030097.9,224.4,244.0,18S/06E-12A01,217.4,167.4,166.4,151.7,136.9,57.8,-20.0,-833.4,-834.4,50.0,1.0,14.7,14.7,79.2,77.8,813.4,1.0,500.0,-1334.3
10486,5881193.3,2011593.0,366.7,502.0,18S06E27N01,361.9,311.9,310.9,181.9,160.3,109.6,100.0,-400.0,-2101.5,50.0,1.0,129.0,21.6,50.7,9.6,500.0,1701.5,500.0,-2601.5
10504,5934938.4,1983424.2,409.4,690.0,19S08E29K01,402.1,352.1,351.1,350.1,349.1,348.1,347.1,147.1,-335.1,50.0,1.0,1.0,1.0,1.0,1.0,200.0,482.2,500.0,-835.1
10505,5935251.4,1972543.9,363.7,258.0,20S08E05A01,360.3,310.3,309.3,308.3,307.3,306.3,305.3,105.3,-728.9,50.0,1.0,1.0,1.0,1.0,1.0,200.0,834.2,500.0,-1228.9
10507,5932503.4,1967898.7,321.1,300.0,20S08E05P01,320.0,270.0,269.0,268.0,267.0,266.0,265.0,65.0,-1141.0,50.0,1.0,1.0,1.0,1.0,1.0,200.0,1205.9,500.0,-1641.0
10509,5948351.4,1959969.8,343.4,220.0,20S08E14F02,343.8,293.8,292.8,291.8,290.8,289.8,288.8,287.8,-613.4,50.0,1.0,1.0,1.0,1.0,1.0,1.0,901.2,500.0,-1113.4
1051,5785355.6,2124986.0,58.3,296.0,15S/03E-09P01,58.2,-16.8,-62.5,-182.1,-264.7,-338.2,-450.2,-1180.0,-2449.1,75.0,45.7,119.6,82.6,73.6,112.0,729.7,1269.1,500.0,-2949.1
10512,5953950.9,1952897.2,362.4,160.0,20S08E24L03,357.3,307.3,306.3,305.3,304.3,303.3,302.3,301.3,-322.4,50.0,1.0,1.0,1.0,1.0,1.0,1.0,623.7,500.0,-822.4
10523,5794419.8,2119789.8,58.3,536.0,15S03E14N,57.0,2.8,-68.2,-168.1,-275.8,-348.9,-397.9,-1312.8,-2378.9,54.2,71.1,99.9,107.7,73.1,49.0,914.9,1066.1,500.0,-2878.9
10524,5793103.9,2121196.0,60.2,555.0,15S03E15J,58.3,1.8,-68.4,-168.3,-273.0,-361.0,-407.0,-1286.0,-2371.2,56.5,70.2,99.9,104.7,88.0,46.1,879.0,1085.3,500.0,-2871.2
10530,5901885.5,2000566.2,284.1,352.0,19S07E05P50,284.2,234.2,233.2,232.2,231.2,230.2,229.2,-120.8,-1503.7,50.0,1.0,1.0,1.0,1.0,1.0,350.0,1382.9,500.0,-2003.7
10531,5902758.9,1995231.3,357.2,352.0,19S07E08P50,354.3,304.3,303.3,302.3,301.3,300.3,299.3,99.3,-1457.1,50.0,1.0,1.0,1.0,1.0,1.0,200.0,1556.4,500.0,-1957.1
10532,5910810.7,1997752.0,315.3,404.0,19S07E09H,314.6,264.6,263.6,262.6,261.6,260.6,259.6,59.6,-1209.7,50.0,1.0,1.0,1.0,1.0,1.0,200.0,1269.3,500.0,-1709.7
10533,5902507.8,1987323.4,565.6,1000.0,19S07E20F50,577.2,552.2,551.2,550.2,549.2,548.2,547.2,270.0,-1729.6,25.0,1.0,1.0,1.0,1.0,1.0,277.2,1999.6,500.0,-2229.6
10534,5924508,1980308.0,282.1,155.0,19S07E25K01,280.4,230.4,229.4,228.4,227.4,226.4,225.4,25.4,-908.9,50.0,1.0,1.0,1.0,1.0,1.0,200.0,934.2,500.0,-1408.9
10535,5923151.8,1979024.1,268.5,164.0,19S07E25P01,268.5,218.5,217.5,216.5,215.5,214.5,213.5,13.5,-979.4,50.0,1.0,1.0,1.0,1.0,1.0,200.0,992.9,500.0,-1479.4
10539,5917963.1,1980437.9,338.6,711.0,19S07E26L01,332.0,282.0,281.0,280.0,279.0,278.0,277.0,77.0,-1022.9,50.0,1.0,1.0,1.0,1.0,1.0,200.0,1100.0,500.0,-1522.9
10543,5924331.1,1975068.5,269.4,184.0,19S07E36K01,269.3,219.3,218.3,217.3,216.3,215.3,214.3,14.3,-940.1,50.0,1.0,1.0,1.0,1.0,1.0,200.0,954.4,500.0,-1440.2
10545,5930382.4,1985816.8,364.3,348.0,19S08E19K02,365.1,315.1,314.1,313.1,312.1,311.1,310.1,110.1,-488.0,50.0,1.0,1.0,1.0,1.0,1.0,200.0,598.2,500.0,-988.0
10550,5930846.2,1973542.6,318.4,248.0,19S08E31R01,317.9,267.9,266.9,265.9,264.9,263.9,262.9,62.9,-915.7,50.0,1.0,1.0,1.0,1.0,1.0,200.0,978.6,500.0,-1415.7
10555,5935335.5,1976439.7,386.1,418.0,19S08E32G02,387.6,337.6,336.6,335.6,334.6,333.6,332.6,132.6,-565.3,50.0,1.0,1.0,1.0,1.0,1.0,200.0,698.0,500.0,-1065.3
10574,5909322.9,1942315.4,742.9,34.0,20S07E33R50,-99999.0,-99999.0,-99999.0,-99999.0,-99999.0,-99999.0,-99999.0,-99999.0,764.9,0.0,0.0,0.0,0.0,0.0,0.0,0.0,0.0,500.0,264.9
10576,5914667.6,1946072.4,676.0,129.0,20S07E34A50,-99999.0,-99999.0,-99999.0,-99999.0,-99999.0,-99999.0,-99999.0,-99999.0,674.2,0.0,0.0,0.0,0.0,0.0,0.0,0.0,0.0,500.0,174.2
10580,5914645.8,1944769.3,786.7,150.0,20S07E34H50,-99999.0,-99999.0,-99999.0,-99999.0,-99999.0,-99999.0,-99999.0,-99999.0,769.3,0.0,0.0,0.0,0.0,0.0,0.0,0.0,0.0,500.0,269.3
10581,5910643.1,1942278.7,996.6,270.0,20S07E34N50,-99999.0,-99999.0,-99999.0,-99999.0,-99999.0,-99999.0,-99999.0,-99999.0,880.2,0.0,0.0,0.0,0.0,0.0,0.0,0.0,0.0,500.0,380.2
10595,5945771.6,1972081.6,574.5,566.0,20S08E03B02,-99999.0,-99999.0,-99999.0,-99999.0,-99999.0,-99999.0,578.2,262.9,252.9,0.0,0.0,0.0,0.0,0.0,0.0,315.2,10.0,500.0,-247.1
10598,5934450.2,1969540.3,337.1,308.0,20S08E05K50,336.6,286.6,285.6,284.6,283.6,282.6,281.6,81.6,-921.4,50.0,1.0,1.0,1.0,1.0,1.0,200.0,1003.0,500.0,-1421.4
10600,5932536,1969929.2,329.5,242.0,20S08E05M02,330.1,280.1,279.1,278.1,277.1,276.1,275.1,75.1,-1089.0,50.0,1.0,1.0,1.0,1.0,1.0,200.0,1164.1,500.0,-1589.0
10609,5930717.4,1966348.1,304.4,268.0,20S08E07A50,305.6,265.6,264.6,262.6,261.6,260.6,259.6,159.6,-1074.2,40.0,1.0,2.0,1.0,1.0,1.0,100.0,1233.8,500.0,-1574.2
10610,5930697.8,1965556.9,303.2,229.0,20S08E07H01,304.8,264.8,263.8,261.8,260.8,259.8,258.8,158.8,-995.5,40.0,1.0,2.0,1.0,1.0,1.0,100.0,1154.3,500.0,-1495.5
10611,5929341.2,1964272.6,281.7,210.0,20S08E07K01,281.1,181.1,180.1,179.1,178.1,177.1,176.1,135.1,-858.1,100.0,1.0,2.0,1.0,1.0,1.0,41.0,993.2,500.0,-1358.1
10618,5931468.2,1965298.4,310.5,204.0,20S08E08E03,311.2,271.2,270.2,268.2,267.2,266.2,265.2,165.2,-971.0,40.0,1.0,2.0,1.0,1.0,1.0,100.0,1136.1,500.0,-1471.0
10619,5933181.8,1967048.1,322.3,60.0,20S08E08C50,323.4,273.4,272.4,271.4,270.4,269.4,268.4,68.4,-973.5,50.0,1.0,1.0,1.0,1.0,1.0,200.0,1041.9,500.0,-1473.5
10620,5933181.8,1967048.1,322.3,61.0,20S08E08C51,323.4,273.4,272.4,271.4,270.4,269.4,268.4,68.4,-973.5,50.0,1.0,1.0,1.0,1.0,1.0,200.0,1041.9,500.0,-1473.5
10621,5933181.8,1967048.1,322.3,61.0,20S08E08C52,323.4,273.4,272.4,271.4,270.4,269.4,268.4,68.4,-973.5,50.0,1.0,1.0,1.0,1.0,1.0,200.0,1041.9,500.0,-1473.5
10622,5935101.3,1965848.7,329.7,108.0,20S08E08G02,328.9,278.9,277.9,276.9,275.9,274.9,273.9,73.9,-738.6,50.0,1.0,1.0,1.0,1.0,1.0,200.0,812.5,500.0,-1238.6
10624,5931899.3,1964330.2,309.4,242.0,20S08E08M02,308.6,268.6,267.6,265.6,264.6,263.6,262.6,162.6,-883.2,40.0,1.0,2.0,1.0,1.0,1.0,100.0,1045.8,500.0,-1383.2
10625,5933263.3,1962808.9,302.8,93.0,20S08E08P01,286.0,186.0,185.0,184.0,183.0,182.0,181.0,140.0,-748.9,100.0,1.0,2.0,1.0,1.0,1.0,41.0,888.8,500.0,-1248.8
10639,5936841,1965788.5,334.8,192.0,20S08E09E04,333.2,283.2,282.2,281.2,280.2,279.2,278.2,78.2,-595.7,50.0,1.0,1.0,1.0,1.0,1.0,200.0,673.9,500.0,-1095.7
10640,5936831.2,1965344.5,331.7,196.0,20S08E09E05,333.2,283.2,282.2,281.2,280.2,279.2,278.2,78.2,-595.7,50.0,1.0,1.0,1.0,1.0,1.0,200.0,673.9,500.0,-1095.7
10648,5952880.2,1956904.2,343.9,168.0,20S08E13N01,334.0,284.0,283.0,282.0,281.0,280.0,279.0,278.0,-605.4,50.0,1.0,1.0,1.0,1.0,1.0,1.0,883.4,500.0,-1105.4
10651,5949013.7,1959652.9,377.9,200.0,20S08E14F01,370.8,320.8,319.8,318.8,317.8,316.8,315.8,314.8,-539.1,50.0,1.0,1.0,1.0,1.0,1.0,1.0,853.9,500.0,-1039.1
10652,5950698.6,1958475.1,336.7,124.0,20S08E14K50,333.8,283.8,282.8,281.8,280.8,279.8,278.8,277.8,-548.5,50.0,1.0,1.0,1.0,1.0,1.0,1.0,826.3,500.0,-1048.5
10653,5948927.3,1957022.1,322.9,130.0,20S08E14P01,322.9,272.9,271.9,270.9,269.9,268.9,267.9,266.9,-865.9,50.0,1.0,1.0,1.0,1.0,1.0,1.0,1132.8,500.0,-1365.9
10654,5950671.5,1957144.5,322.9,88.0,20S08E14Q50,322.9,272.9,271.9,270.9,269.9,268.9,267.9,266.9,-741.1,50.0,1.0,1.0,1.0,1.0,1.0,1.0,1007.9,500.0,-1241.1
10655,5951582.2,1956943.0,319.2,161.0,20S08E14R01,319.9,269.9,268.9,267.9,266.9,265.9,264.9,263.9,-686.0,50.0,1.0,1.0,1.0,1.0,1.0,1.0,949.8,500.0,-1186.0
1066,5758266,2148448.0,26.5,189.0,14S02E22M50,26.7,-25.8,-87.4,-240.8,-299.2,-467.3,-499.1,-1618.3,-2435.8,52.4,61.6,153.4,58.4,168.1,31.7,1119.2,817.5,500.0,-2935.8
10660,5938329.5,1958779.8,305.9,110.0,20S08E16L50,305.6,265.6,264.6,262.6,261.6,260.6,259.6,159.6,-614.9,40.0,1.0,2.0,1.0,1.0,1.0,100.0,774.5,500.0,-1114.9
10668,5927953.9,1958983.7,373.2,116.0,20S08E18L01,373.1,333.1,332.1,330.1,329.1,328.1,327.1,227.1,-239.6,40.0,1.0,2.0,1.0,1.0,1.0,100.0,466.7,500.0,-739.6
10669,5928376.8,1959414.8,365.3,120.0,20S08E18L02,366.3,326.3,325.3,323.3,322.3,321.3,320.3,220.3,-311.7,40.0,1.0,2.0,1.0,1.0,1.0,100.0,532.0,500.0,-811.7
10684,5935741.6,1954757.8,300.1,220.0,20S08E20H01,299.6,199.6,198.6,197.6,196.6,195.6,194.6,153.6,-786.1,100.0,1.0,2.0,1.0,1.0,1.0,41.0,939.7,500.0,-1286.1
10690,5956728.9,1953289.8,413.6,200.0,20S08E24J03,416.7,366.7,365.7,364.7,363.7,362.7,361.7,360.7,-898.6,50.0,1.0,1.0,1.0,1.0,1.0,1.0,1259.3,500.0,-1398.6
10695,5954535.6,1949252.7,396.4,35.0,20S08E25D50,423.0,373.0,372.0,371.0,370.0,369.0,368.0,367.0,-503.5,50.0,1.0,1.0,1.0,1.0,1.0,1.0,870.5,500.0,-1003.5
10698,5951950.3,1950509.7,309.2,35.0,20S08E26A50,309.9,209.9,208.9,207.9,206.9,205.9,204.9,253.9,-366.3,100.0,1.0,1.0,1.0,1.0,1.0,-49.0,620.2,500.0,-866.3
10700,5951950.3,1950509.7,309.2,35.0,20S08E26A51,309.9,209.9,208.9,207.9,206.9,205.9,204.9,253.9,-366.3,100.0,1.0,1.0,1.0,1.0,1.0,-49.0,620.2,500.0,-866.3
10701,5947909.1,1950897.8,328.1,224.0,20S08E26D02,327.2,277.2,276.2,275.2,274.2,273.2,272.2,271.2,-362.5,50.0,1.0,1.0,1.0,1.0,1.0,1.0,633.7,500.0,-862.5
10702,5951382.8,1949053.1,313.3,58.0,20S08E26H01,312.4,212.4,211.4,210.4,209.4,208.4,207.4,256.4,-361.5,100.0,1.0,1.0,1.0,1.0,1.0,-49.0,617.9,500.0,-861.5
10703,5951926.1,1949203.2,315.3,104.0,20S08E26H51,316.2,216.2,215.2,214.2,213.2,212.2,211.2,260.2,-382.8,100.0,1.0,1.0,1.0,1.0,1.0,-49.0,643.0,500.0,-882.8
10704,5951926.1,1949203.2,315.3,95.0,20S08E26H52,316.2,216.2,215.2,214.2,213.2,212.2,211.2,260.2,-382.8,100.0,1.0,1.0,1.0,1.0,1.0,-49.0,643.0,500.0,-882.8
10705,5951926.1,1949203.2,315.3,105.0,20S08E26H53,316.2,216.2,215.2,214.2,213.2,212.2,211.2,260.2,-382.8,100.0,1.0,1.0,1.0,1.0,1.0,-49.0,643.0,500.0,-882.8
10717,5952568.3,1943766.0,342.9,178.0,20S08E36E01,345.6,295.6,294.6,293.6,292.6,291.6,290.6,289.6,-795.9,50.0,1.0,1.0,1.0,1.0,1.0,1.0,1085.5,500.0,-1295.9
10718,5955733,1943883.5,0.0,450.0,20S08E36G50,321.8,221.8,220.8,219.8,218.8,217.8,216.8,265.8,-699.3,100.0,1.0,1.0,1.0,1.0,1.0,-49.0,965.1,500.0,-1199.3
10738,5959092.9,1942286.6,402.9,124.0,20S09E31L01,402.8,352.8,351.8,350.8,349.8,348.8,347.8,346.8,-1164.5,50.0,1.0,1.0,1.0,1.0,1.0,1.0,1511.3,500.0,-1664.5
10739,5959472.2,1941080.7,0.0,266.0,20S09E31P50,376.1,326.1,325.1,324.1,323.1,322.1,321.1,320.1,-1013.1,50.0,1.0,1.0,1.0,1.0,1.0,1.0,1333.2,500.0,-1513.1
10741,5967690.4,1941836.9,495.7,310.0,20S09E32J50,493.1,468.1,467.1,466.1,465.1,464.1,463.1,443.1,418.1,25.0,1.0,1.0,1.0,1.0,1.0,20.0,25.0,500.0,-81.9
10753,5966804,1935391.2,390.2,112.0,21S09E05R01,367.9,317.9,316.9,315.9,314.9,313.9,312.9,311.9,-423.2,50.0,1.0,1.0,1.0,1.0,1.0,1.0,735.0,500.0,-923.2
10756,5986653.8,1885742.7,1162.0,140.0,21S09E25A01,-99999.0,-99999.0,-99999.0,-99999.0,-99999.0,-99999.0,-99999.0,-99999.0,1234.1,0.0,0.0,0.0,0.0,0.0,0.0,0.0,0.0,500.0,734.1
108,5814177.1,2096904.7,77.7,196.0,16S04E08,77.2,42.2,0.2,-87.6,-100.3,-186.1,-207.8,-1489.9,-2380.8,35.0,42.0,87.8,12.8,85.8,21.7,1282.0,890.9,500.0,-2880.8
1084,5797585.1,2111909.0,63.0,208.0,15S03E26H02,62.3,23.1,-28.8,-156.3,-255.7,-332.2,-632.2,-1363.8,-2461.2,39.1,51.9,127.5,99.4,76.5,300.0,731.6,1097.3,500.0,-2961.2
1087,5802243.9,2112255.0,61.5,820.3,1087,61.6,2.4,-47.5,-137.7,-226.2,-369.9,-669.9,-1500.2,-2330.7,59.2,49.9,90.2,88.5,143.7,300.0,830.3,830.5,500.0,-2830.6
1088,5804763.2,2110079.9,71.2,820.3,15S/04E-30M02,69.4,5.5,-40.7,-124.7,-219.1,-346.0,-418.3,-1530.9,-2322.4,63.9,46.2,84.0,94.4,126.9,72.3,1112.6,791.5,500.0,-2822.4
109,5788428.6,2153445.1,106.0,828.0,14S03E16J02,106.0,39.6,-70.4,-200.2,-352.7,-389.9,-689.9,-1245.8,-1614.9,66.3,110.0,129.9,152.5,37.2,300.0,555.9,369.1,500.0,-2114.9
1090,5804891.8,2114040.4,56.7,290.0,15S04E19N01,56.5,-21.3,-81.8,-155.9,-220.7,-369.4,-471.9,-1539.4,-2183.9,77.8,60.5,74.1,64.7,148.7,102.5,1067.5,644.6,500.0,-2683.9
1095,5794337.9,2125014.5,66.0,484.0,15S/03E-11N03,66.1,-5.1,-82.3,-177.7,-266.2,-393.0,-458.8,-1297.5,-2212.8,71.2,77.2,95.4,88.6,126.8,65.7,838.7,915.3,500.0,-2712.8
1096,5794924.4,2124474.5,66.6,274.0,15S/03E-14D01,66.5,-12.5,-88.6,-181.4,-265.9,-393.0,-472.6,-1315.2,-2191.0,79.0,76.1,92.8,84.5,127.1,79.6,842.6,875.8,500.0,-2691.0
1097,5794086.6,2122977.3,63.2,189.0,15S/03E-14E01,63.9,-5.8,-77.5,-172.6,-265.7,-382.4,-440.8,-1304.2,-2265.2,69.7,71.6,95.1,93.1,116.7,58.4,863.4,960.9,500.0,-2765.2
1099,5798148.4,2120084.5,70.7,820.3,1099,68.2,-16.9,-92.3,-184.5,-287.3,-384.1,-431.2,-1412.4,-2230.9,85.1,75.3,92.2,102.9,96.8,47.1,981.2,818.5,500.0,-2730.9
1109,5746666.5,2159412.6,36.6,564.0,14S02E07J02,35.8,-32.9,-135.9,-235.3,-299.5,-494.1,-794.1,-1598.2,-2339.3,68.7,102.9,99.4,64.2,194.6,300.0,804.1,741.1,500.0,-2839.3
1123,5778784.1,2164191.8,96.6,620.0,14S/03E-06J02,95.6,15.3,-16.5,-108.8,-322.1,-387.3,-687.3,-1251.7,-1657.2,80.4,31.7,92.4,213.3,65.1,300.0,564.5,405.4,500.0,-2157.2
1125,5933458.9,1964313.6,323.5,100.0,20S08E08Q02,324.4,284.4,283.4,281.4,280.4,279.4,278.4,178.4,-818.8,40.0,1.0,2.0,1.0,1.0,1.0,100.0,997.2,500.0,-1318.8
113,5766859,2143887.3,34.7,552.0,14S/02E-26J03,34.7,-22.1,-77.6,-187.5,-289.6,-429.2,-462.8,-1636.0,-2397.0,56.8,55.5,109.9,102.1,139.6,33.6,1173.2,761.0,500.0,-2897.0
1130,5905145.4,2011487.4,263.2,316.0,18S07E29R50,263.1,213.1,212.1,113.8,86.4,-13.6,-113.6,-463.6,-1117.3,50.0,1.0,98.4,27.4,100.0,100.0,350.0,653.7,500.0,-1617.3
1138,5933144.4,1965951.1,324.4,227.0,20S08E08F01,324.1,274.1,273.1,272.1,271.1,270.1,269.1,69.1,-934.7,50.0,1.0,1.0,1.0,1.0,1.0,200.0,1003.8,500.0,-1434.7
1141,5931856.4,1967150.7,315.4,300.0,20S08E08D50,316.8,266.8,265.8,264.8,263.8,262.8,261.8,61.8,-1099.2,50.0,1.0,1.0,1.0,1.0,1.0,200.0,1161.0,500.0,-1599.2
1148,5778632.6,2135926.0,46.1,650.0,14S/03E-32N04,45.9,-23.2,-72.5,-179.7,-276.1,-440.1,-499.2,-1416.0,-2333.3,69.1,49.3,107.2,96.3,164.1,59.1,916.8,917.2,500.0,-2833.3
1157,5750315,2164896.3,12.7,510.0,14S/02E-05K01,12.7,-67.0,-138.3,-222.1,-353.8,-515.1,-815.1,-1530.3,-2114.7,79.7,71.4,83.8,131.6,161.3,300.0,715.2,584.4,500.0,-2614.7
1162,5748905,2167136.8,12.7,580.0,14S/02E-05C03,12.7,-64.1,-129.6,-211.3,-347.0,-527.4,-827.4,-1507.0,-2064.4,76.8,65.5,81.7,135.7,180.4,300.0,679.6,557.5,500.0,-2564.4
1167,5778422.6,2161666.1,91.7,550.0,14S/03E-07A01,91.6,8.7,-68.9,-128.3,-348.8,-421.0,-721.0,-1307.5,-1742.6,82.9,77.6,59.4,220.5,72.3,300.0,586.5,435.1,500.0,-2242.6
1169,5749796,2166854.8,12.7,582.0,14S/02E-05F04,12.7,-68.8,-134.0,-215.4,-349.0,-521.3,-821.3,-1508.3,-2050.2,81.5,65.2,81.4,133.5,172.4,300.0,687.0,541.9,500.0,-2550.2
1185,5844886.7,2074492.3,136.0,347.0,16S05E32H02,134.6,84.6,69.3,-15.8,-96.5,-249.4,-478.5,-1357.6,-1897.6,50.0,15.3,85.2,80.6,152.9,229.1,879.1,540.0,500.0,-2397.6
1191,5767668,2150062.3,32.7,474.0,14S/02E-23H04,32.9,-60.7,-99.9,-235.7,-316.6,-442.3,-491.3,-1586.4,-2235.8,93.7,39.2,135.7,80.9,125.7,49.0,1095.1,649.3,500.0,-2735.8
1201,5853907.2,2048138.0,256.8,265.0,17S05E27A01,251.4,201.4,200.4,139.7,79.1,-84.1,-509.7,-1009.7,-2223.4,50.0,1.0,60.6,60.6,163.2,425.6,500.0,1213.7,500.0,-2723.4
1203,5791882.1,2132401.8,63.2,706.0,15S03E03G50,63.2,-23.7,-61.9,-180.0,-250.5,-408.6,-503.5,-1226.0,-2079.7,86.9,38.2,118.1,70.5,158.1,94.9,722.5,853.6,500.0,-2579.7
1205,5762685.5,2149781.3,32.3,180.0,14S02E22H02,32.8,-13.1,-78.8,-210.4,-289.4,-495.0,-553.7,-1634.3,-2340.6,45.9,65.6,131.7,79.0,205.6,58.7,1080.6,706.3,500.0,-2840.6
1207,5870445.2,2040167.0,169.0,259.0,17S/06E-32E02,169.1,119.1,118.1,49.0,0.2,-134.5,-331.1,-1300.1,-1739.3,50.0,1.0,69.1,48.8,134.7,196.6,969.0,439.2,500.0,-2239.3
1209,5785744.1,2131176.3,57.3,570.0,15S03E04K03,56.6,-7.4,-51.6,-160.0,-269.0,-423.3,-469.5,-1215.1,-2280.5,64.0,44.2,108.4,109.0,154.3,46.3,745.6,1065.4,500.0,-2780.5
1229,5791078.1,2126293.5,62.8,820.3,1229,62.8,0.2,-59.1,-157.4,-260.0,-390.7,-434.1,-1225.7,-2270.3,62.6,59.3,98.3,102.6,130.7,43.4,791.6,1044.6,500.0,-2770.3
1230,5828077.2,2109897.0,237.8,621.0,15S04E26K01,234.4,207.5,202.5,58.2,47.5,-143.6,-522.0,-1169.5,-1456.6,26.9,5.0,144.4,10.7,191.1,378.3,647.5,287.1,500.0,-1956.6
1233,5749131.5,2163758.6,13.0,606.0,14S02E05P02,12.8,-53.6,-136.4,-225.4,-351.4,-515.4,-815.4,-1558.3,-2172.2,66.4,82.8,89.0,126.0,163.9,300.0,743.0,613.8,500.0,-2672.2
124,5816382.1,2122608.2,151.0,776.0,15S04E16D01,151.9,101.9,46.0,-60.7,-188.9,-260.5,-490.4,-1250.8,-1523.2,50.0,55.8,106.8,128.2,71.6,229.9,760.4,272.4,500.0,-2023.2
1242,5781434.6,2155676.8,94.5,800.0,14S03E17C50,94.7,16.2,-80.2,-204.4,-384.3,-442.3,-742.3,-1347.1,-1825.6,78.5,96.4,124.2,179.8,58.1,300.0,604.8,478.5,500.0,-2325.6
1252,5808803.6,2097191.4,172.7,421.0,16S/04E-07A01,153.2,67.1,62.1,34.2,6.3,-145.3,-178.1,-1429.2,-2494.1,86.1,5.0,27.9,27.9,151.6,32.7,1251.1,1065.0,500.0,-2994.1
1255,5743796,2160384.8,10.3,632.0,14S/02E-07L05,10.5,-64.8,-144.1,-250.9,-302.5,-534.3,-834.3,-1528.2,-2318.7,75.3,79.2,106.9,51.6,231.7,300.0,693.9,790.5,500.0,-2818.7
1257,5743791.5,2159332.3,10.1,645.0,14S/02E-07L04,12.0,-62.6,-145.0,-241.0,-295.7,-519.0,-819.0,-1514.9,-2340.9,74.6,82.4,96.0,54.7,223.3,300.0,695.8,826.0,500.0,-2840.9
126,5878330.3,2047324.1,205.8,750.0,17S/06E-28B50,207.2,157.2,156.2,46.5,7.0,-88.8,-253.5,-1077.8,-1250.1,50.0,1.0,109.7,39.5,95.9,164.6,824.3,172.3,500.0,-1750.1
1262,5776427.1,2125256.0,48.4,465.0,15S03E08T50,48.2,-7.3,-48.9,-141.2,-228.6,-321.9,-458.5,-1208.1,-2564.2,55.5,41.6,92.3,87.5,93.3,136.6,749.5,1356.1,500.0,-3064.2
1265,5889443.8,2005644.9,340.1,500.0,19S06E02A01,338.6,288.6,287.6,201.4,171.2,71.2,21.2,-328.8,-1858.3,50.0,1.0,86.2,30.2,100.0,50.0,350.0,1529.5,500.0,-2358.3
127,5833968.2,2083813.7,113.1,630.0,16S04E24J51,109.6,50.9,49.6,-86.2,-161.7,-256.8,-460.5,-1379.0,-2086.1,58.7,1.4,135.8,75.5,95.2,203.7,918.5,707.1,500.0,-2586.1
1274,5931282.4,1981949.8,311.0,228.0,19S08E30A01,306.6,256.6,255.6,254.6,253.6,252.6,251.6,51.6,-614.5,50.0,1.0,1.0,1.0,1.0,1.0,200.0,666.1,500.0,-1114.5
1279,5884282.8,2005844.3,285.7,400.0,18S06E34R01,284.0,234.0,233.0,232.0,175.6,75.6,25.6,-324.4,-2213.0,50.0,1.0,1.0,56.4,100.0,50.0,350.0,1888.6,500.0,-2713.0
1281,5810355.6,2126220.8,87.6,663.0,15S04E08M03,84.2,-1.9,-22.3,-97.6,-220.1,-330.4,-505.8,-1284.1,-1631.9,86.1,20.4,75.3,122.5,110.2,175.4,778.3,347.8,500.0,-2131.9
1282,5769681.5,2146863.0,40.4,454.0,14S/02E-24P02,40.2,-42.1,-85.9,-205.0,-288.0,-421.2,-721.2,-1595.9,-2269.8,82.3,43.8,119.2,83.0,133.2,300.0,874.7,673.9,500.0,-2769.8
1287,5834452.2,2075169.7,112.9,302.0,16S/04E-36A01,112.6,69.9,64.9,-42.2,-105.3,-115.3,-495.3,-1534.3,-2297.5,42.7,5.0,107.1,63.1,10.0,380.0,1038.9,763.3,500.0,-2797.6
1290,5805227.1,2128998.0,74.1,412.0,15S04E07D50,74.7,-27.3,-78.6,-170.3,-276.3,-396.4,-536.9,-1311.1,-1770.5,102.0,51.3,91.8,105.9,120.2,140.5,774.1,459.4,500.0,-2270.5
1301,5792331.6,2127353.3,63.9,332.0,15S03E10G01,64.0,-0.2,-65.2,-166.0,-258.0,-397.4,-455.9,-1239.5,-2205.5,64.2,65.1,100.8,92.0,139.4,58.5,783.6,966.0,500.0,-2705.5
13024,5749641.6,2176843.4,0.0,656.0,13S02E29F50,12.3,1.1,-90.5,-197.9,-317.0,-562.7,-862.7,-1476.2,-2055.1,11.2,91.7,107.3,119.2,245.7,300.0,613.5,578.9,500.0,-2555.1
1304,5783717.6,2120939.7,64.4,688.0,15S03E16T52,63.5,-4.8,-57.3,-191.1,-262.4,-343.0,-448.5,-1125.0,-2585.1,68.3,52.5,133.8,71.3,80.6,105.5,676.5,1460.1,500.0,-3085.1
13060,5744498.6,2172106.4,12.2,605.0,13S/02E-31L01,12.4,-38.4,-101.1,-215.9,-292.9,-561.3,-861.3,-1467.9,-2212.9,50.9,62.7,114.7,77.0,268.4,300.0,606.6,744.9,500.0,-2712.9
13073,5748878.5,2173585.7,10.2,885.0,13S02E32E02,10.4,-1.9,-93.0,-189.7,-295.0,-566.5,-866.5,-1477.0,-2071.6,12.3,91.2,96.7,105.3,271.5,300.0,610.5,594.6,500.0,-2571.6
1308,5873257.8,2027078.9,310.8,515.0,18S/06E-08R01,313.9,263.9,262.9,98.8,44.7,-70.0,-120.0,-470.0,-1959.9,50.0,1.0,164.0,54.1,114.7,50.0,350.0,1489.8,500.0,-2459.9
13084,5751002.6,2171029.5,12.2,680.0,13S02E32Q03,12.4,-17.9,-99.6,-190.5,-297.1,-548.4,-848.4,-1462.6,-1944.0,30.4,81.7,90.9,106.6,251.4,300.0,614.2,481.3,500.0,-2444.0
1309,5818148.6,2091224.6,88.5,493.0,16S/04E-16B51,87.0,39.2,12.8,-95.2,-136.4,-221.0,-521.0,-1457.5,-2395.0,47.8,26.3,108.1,41.1,84.6,300.0,936.5,937.5,500.0,-2895.0
13096,5754017.6,2170910.0,12.6,227.0,13S02E33N02,12.6,-5.7,-102.8,-205.9,-298.0,-532.3,-832.3,-1433.1,-1858.1,18.4,97.1,103.1,92.2,234.3,300.0,600.8,425.0,500.0,-2358.1
1311,5926909.9,1985837.6,274.3,222.0,19S07E24H02,273.6,223.6,222.6,221.6,220.6,219.6,218.6,18.6,-761.7,50.0,1.0,1.0,1.0,1.0,1.0,200.0,780.3,500.0,-1261.7
1320,5953407.9,1956070.2,363.6,152.0,20S08E24D01,342.7,292.7,291.7,290.7,289.7,288.7,287.7,286.7,-636.9,50.0,1.0,1.0,1.0,1.0,1.0,1.0,923.6,500.0,-1136.9
1326,5786930.6,2145253.8,43.2,588.0,14S03E28B02,43.0,-6.7,-99.2,-174.3,-351.6,-437.7,-517.4,-1279.3,-1944.1,49.7,92.4,75.2,177.2,86.1,79.7,761.9,664.8,500.0,-2444.1
1330,5921679.4,1974684.7,273.4,280.0,19S07E36M02,275.5,225.5,224.5,223.5,222.5,221.5,220.5,20.5,-1117.3,50.0,1.0,1.0,1.0,1.0,1.0,200.0,1137.8,500.0,-1617.3
1349,5927586.9,1983410.3,276.6,200.0,19S08E30D01,276.5,226.5,225.5,224.5,223.5,222.5,221.5,21.5,-763.5,50.0,1.0,1.0,1.0,1.0,1.0,200.0,785.1,500.0,-1263.6
1355,5845210.2,2090376.7,213.8,960.0,16S05E17A51,213.9,178.9,177.9,117.2,16.9,-141.9,-484.4,-1123.0,-1486.1,35.0,1.0,60.7,100.3,158.8,342.5,638.7,363.0,500.0,-1986.1
1358,5785490.6,2146975.3,71.7,562.0,14S03E21M54,69.8,9.1,-99.4,-193.6,-355.9,-448.0,-522.8,-1326.0,-1965.0,60.7,108.6,94.2,162.4,92.0,74.9,803.2,638.9,500.0,-2464.9
1359,5783245.1,2121392.5,59.0,206.0,15S/03E-16M01,58.7,-4.8,-60.1,-190.3,-263.1,-342.9,-450.7,-1128.1,-2586.6,63.5,55.3,130.2,72.9,79.8,107.8,677.4,1458.5,500.0,-3086.6
136,5870290.7,2039524.8,171.2,188.0,17S06E32M01,171.3,121.3,120.3,54.1,1.0,-132.3,-345.5,-1306.4,-1763.7,50.0,1.0,66.3,53.0,133.3,213.2,960.9,457.3,500.0,-2263.7
1360,5780641.6,2122754.5,53.4,217.0,15S03E17G01,53.2,-5.4,-58.0,-170.6,-256.8,-332.9,-456.0,-1136.6,-2577.7,58.5,52.6,112.7,86.1,76.1,123.2,680.6,1441.1,500.0,-3077.7
1361,5937434.9,1965138.3,339.3,216.0,20S08E09E06,335.8,285.8,284.8,283.8,282.8,281.8,280.8,80.8,-563.4,50.0,1.0,1.0,1.0,1.0,1.0,200.0,644.3,500.0,-1063.4
137,5750275,2166295.3,12.7,624.0,14S/02E-05G02,12.7,-70.1,-136.2,-218.0,-350.6,-518.4,-818.4,-1512.1,-2064.3,82.9,66.1,81.8,132.6,167.8,300.0,693.7,552.2,500.0,-2564.3
13719,5784335.4,2183852.5,0.0,320.0,13S03E17R54,193.3,178.3,168.3,80.9,65.5,-118.2,-352.9,-920.2,-1144.9,15.0,10.0,87.4,15.4,183.7,234.7,567.3,224.7,500.0,-1644.9
1377,5791248.1,2159582.3,150.2,708.0,14S03E10F03,150.5,54.8,39.6,-144.6,-269.4,-419.4,-719.4,-1075.5,-1505.1,95.7,15.2,184.2,124.9,150.0,300.0,356.0,429.7,500.0,-2005.1
1394,5937519.4,1965416.1,342.4,188.0,20S08E09E08,356.6,306.6,305.6,304.6,303.6,302.6,301.6,101.6,-521.9,50.0,1.0,1.0,1.0,1.0,1.0,200.0,623.5,500.0,-1021.9
13S02E28B01,5755634.5,2177913.4,15.8,820.3,13S/02E-28B01,15.3,-2.5,-81.9,-217.4,-281.0,-535.3,-835.3,-1387.6,-1819.1,17.8,79.4,135.6,63.5,254.3,300.0,552.4,431.5,500.0,-2319.1
13S02E28E01,5752995.5,2176439.4,12.6,820.3,13S/02E-28E01,12.8,1.0,-86.5,-209.6,-284.9,-556.9,-856.9,-1427.8,-1880.0,11.8,87.5,123.1,75.3,271.9,300.0,570.9,452.2,500.0,-2380.0
13S02E28M02,5753458.5,2176002.4,11.7,820.3,13S/02E-28M02,11.4,1.1,-85.7,-209.1,-283.3,-556.6,-856.6,-1421.8,-1869.8,10.3,86.8,123.4,74.3,273.3,300.0,565.2,447.9,500.0,-2369.8
13S02E29J01,5751483.5,2175789.4,12.9,820.3,13S/02E-29J01,12.7,0.9,-88.8,-201.2,-295.4,-562.9,-862.9,-1452.9,-1942.7,11.8,89.6,112.4,94.2,267.5,300.0,590.0,489.8,500.0,-2442.7
13S02E32J03,5752350.5,2171086.3,12.6,820.3,13S/02E-32J03,12.6,-9.8,-98.7,-195.2,-296.8,-543.5,-843.5,-1449.7,-1902.7,22.3,88.9,96.6,101.5,246.8,300.0,606.1,453.0,500.0,-2402.6
13S02E32M02,5748684.5,2170969.3,7.9,820.3,13S/02E-32M02,8.0,-20.1,-98.1,-189.4,-291.0,-560.4,-860.4,-1478.4,-2065.7,28.1,78.0,91.4,101.5,269.4,300.0,618.1,587.2,500.0,-2565.7
13S02E32N01,5747296.5,2169137.3,12.9,820.3,13S/02E-32N01,12.9,-50.0,-110.0,-200.1,-314.6,-548.9,-848.9,-1491.6,-2133.3,62.9,60.0,90.2,114.5,234.3,300.0,642.7,641.7,500.0,-2633.3
13S03E32Q01,5782452.6,2168312.3,75.6,820.3,13S/03E-32Q01,72.9,60.0,32.0,-84.5,-307.8,-457.8,-757.8,-1107.1,-1511.5,12.8,28.0,116.6,223.3,150.0,300.0,349.3,404.4,500.0,-2011.5
1401,5768051,2145604.8,33.1,488.0,14S/02E-25E02,33.0,-30.3,-82.2,-199.4,-291.9,-427.9,-727.9,-1623.2,-2333.4,63.3,51.8,117.3,92.4,136.1,300.0,895.2,710.2,500.0,-2833.4
1407,5805159.1,2131250.3,83.8,915.0,15S04E06M50,83.7,-27.9,-56.4,-139.3,-257.5,-359.4,-540.8,-1265.2,-1639.5,111.6,28.5,82.9,118.1,101.9,181.5,724.3,374.3,500.0,-2139.5
14194,5781337.7,2169487.5,0.0,590.0,13S03E32L50,43.3,28.3,18.3,-78.9,-281.4,-296.3,-323.1,-1102.1,-1518.7,15.0,10.0,97.2,202.5,14.9,26.8,778.9,416.6,500.0,-2018.7
1421,5811435.6,2097245.4,107.4,338.0,16S/04E-08C02,99.0,46.5,8.5,-26.7,-61.8,-187.6,-487.6,-1470.5,-2448.3,52.5,38.0,35.2,35.2,125.8,300.0,982.9,977.8,500.0,-2948.3
1425,5775273.6,2162291.1,77.4,600.0,14S02E01T50,78.3,-20.6,-85.5,-152.0,-346.0,-439.9,-739.9,-1329.6,-1773.1,99.0,64.9,66.4,194.0,93.9,300.0,589.7,443.4,500.0,-2273.1
1426,5808678.6,2128116.5,87.3,772.0,15S04E07A01,88.9,-4.5,-34.3,-117.9,-223.8,-346.5,-514.0,-1274.4,-1591.5,93.4,29.8,83.6,105.9,122.7,167.5,760.4,317.2,500.0,-2091.6
14316,5772857.3,2164648.0,67.4,356.0,14S02E01K50,66.3,-26.8,-96.2,-181.4,-357.6,-448.7,-496.1,-1329.1,-1756.2,93.2,69.4,85.2,176.1,91.1,47.4,833.0,427.0,500.0,-2256.2
14326,5764000.5,2166288.3,22.4,532.0,14S/02E-02E02,40.4,-14.1,-104.4,-195.1,-345.8,-500.1,-800.1,-1401.6,-1830.4,54.5,90.3,90.7,150.7,154.3,300.0,601.5,428.8,500.0,-2330.4
1433,5873929.8,2039204.0,185.2,216.0,17S/06E-32Q01,185.1,135.1,134.1,50.5,-4.0,-135.5,-374.3,-1248.1,-1592.4,50.0,1.0,83.6,54.4,131.6,238.7,873.8,344.4,500.0,-2092.4
14355,5748948,2166794.1,12.7,576.0,14S02E05C02,12.7,-65.9,-132.4,-214.2,-349.8,-524.5,-824.5,-1511.2,-2069.8,78.6,66.6,81.8,135.6,174.7,300.0,686.7,558.6,500.0,-2569.8
1437,5789274.1,2112122.2,97.5,652.0,15S03E27E03,91.5,76.6,71.6,-81.7,-174.6,-289.6,-589.6,-1107.2,-2687.2,14.9,5.0,153.3,93.0,115.0,300.0,517.6,1580.0,500.0,-3187.2
14465,5771833,2156675.5,43.0,548.0,14S/02E-13B50,58.2,-46.7,-103.9,-245.7,-383.4,-504.2,-804.2,-1476.1,-2032.8,104.9,57.2,141.8,137.7,120.9,300.0,671.9,556.7,500.0,-2532.8
14487,5767676.9,2153359.5,52.8,560.0,14S/02E-14J50,63.9,-76.3,-109.6,-266.2,-374.6,-495.4,-795.4,-1552.1,-2169.1,140.2,33.3,156.6,108.5,120.8,300.0,756.7,617.0,500.0,-2669.1
1453,5928454.9,1965896.6,295.2,189.0,20S08E07F01,294.9,254.9,253.9,251.9,250.9,249.9,248.9,148.9,-988.9,40.0,1.0,2.0,1.0,1.0,1.0,100.0,1137.8,500.0,-1488.9
14544,5762035.5,2150921.1,32.5,1718.1,14S02E22K01,32.1,-18.4,-85.9,-227.3,-303.9,-502.1,-574.9,-1627.5,-2316.1,50.4,67.5,141.4,76.7,198.1,72.8,1052.6,688.7,500.0,-2816.1
14565,5772968.1,2148634.1,32.4,308.0,14S/02E-24J03,36.9,-20.3,-75.4,-225.0,-301.3,-425.4,-725.4,-1542.5,-2176.1,57.3,55.0,149.6,76.4,124.0,300.0,817.1,633.6,500.0,-2676.1
1460,5764622,2154424.1,22.8,660.0,14S/02E-14L03,22.9,-51.8,-100.5,-260.5,-350.1,-500.3,-800.3,-1573.3,-2209.4,74.7,48.7,160.0,89.6,150.2,300.0,773.0,636.1,500.0,-2709.4
1464,5753110,2162250.8,15.3,542.0,14S02E09D03,15.1,-62.0,-139.6,-228.2,-355.2,-504.9,-804.9,-1556.9,-2174.3,77.2,77.6,88.5,127.1,149.7,300.0,752.0,617.4,500.0,-2674.3
1466,5750066.5,2162041.1,12.8,556.0,14S/02E-08C03,12.8,-46.3,-134.9,-230.0,-341.4,-506.9,-806.9,-1596.7,-2235.0,59.1,88.6,95.1,111.4,165.5,300.0,789.8,638.2,500.0,-2735.0
147,5799846.1,2120079.2,65.1,275.0,15S03E13N01,67.6,-19.4,-104.5,-195.6,-284.9,-405.9,-453.9,-1449.0,-2158.2,87.0,85.1,91.0,89.3,121.0,48.0,995.0,709.3,500.0,-2658.2
14746,5791822.6,2167045.1,182.5,670.0,14S03E03C50,180.7,128.5,123.5,-103.5,-127.4,-171.5,-290.1,-966.0,-1164.2,52.2,5.0,227.0,23.9,44.1,118.6,676.0,198.2,500.0,-1664.2
1480,5778454.6,2122177.5,43.7,271.0,15S03E17M01,39.7,-14.1,-47.1,-154.1,-233.8,-312.7,-456.1,-1135.4,-2522.6,53.8,33.0,107.0,79.7,78.8,143.5,679.3,1387.3,500.0,-3022.6
14817,5777956.6,2162306.6,89.1,934.0,14S03E07A50,90.3,6.9,-53.1,-117.6,-334.3,-410.5,-710.5,-1292.0,-1715.9,83.5,60.0,64.5,216.8,76.1,300.0,581.6,423.9,500.0,-2215.9
14824,5775648.6,2159482.3,72.7,690.0,14S/03E-07L01,63.2,-18.1,-104.8,-175.4,-364.7,-451.7,-456.2,-1378.2,-1842.5,81.3,86.7,70.6,189.3,87.0,4.5,922.0,464.3,500.0,-2342.5
14873,5793041.1,2159425.1,151.6,200.0,14S03E10G02,151.0,55.8,54.1,-143.9,-245.4,-395.4,-695.4,-1047.5,-1392.3,95.2,1.7,198.0,101.5,150.0,300.0,352.1,344.8,500.0,-1892.3
14879,5790185.2,2158291.1,142.7,636.0,14S/03E-10N01,143.4,53.8,18.0,-146.9,-297.2,-447.2,-467.8,-1119.4,-1560.1,89.6,35.8,164.9,150.3,150.0,20.6,651.6,440.7,500.0,-2060.1
14901,5798157.2,2161086.4,0.0,405.0,14S03E11B02,163.6,105.2,100.2,-126.4,-151.8,-301.8,-497.7,-498.7,-499.7,58.3,5.0,226.6,25.4,150.0,196.0,1.0,1.0,500.0,-999.7
14903,5799477.7,2159741.6,0.0,244.0,14S03E11H02,161.3,107.8,102.8,-122.9,-130.1,-143.3,-169.6,-447.8,-448.8,53.5,5.0,225.8,7.2,13.2,26.4,278.1,1.0,500.0,-948.8
14948,5797367.6,2159421.1,137.9,460.0,14S03E14C01,139.2,90.6,85.6,-133.9,-171.5,-321.5,-621.5,-743.5,-744.5,48.6,5.0,219.5,37.7,150.0,300.0,122.0,1.0,500.0,-1244.5
14950,5790403.9,2149154.6,82.7,240.0,14S03E14M01,82.9,33.8,-91.9,-180.4,-349.8,-393.2,-693.2,-1224.1,-1708.8,49.1,125.7,88.5,169.3,43.5,300.0,530.9,484.7,500.0,-2208.8
14963,5772833.3,2149935.6,57.2,800.0,14S/03E-15G01,53.5,-25.3,-77.9,-232.9,-309.2,-428.9,-728.9,-1534.8,-2161.2,78.8,52.6,155.0,76.2,119.7,300.0,805.9,626.5,500.0,-2661.2
14964,5791382.8,2152773.4,105.2,373.0,14S03E15H02,105.5,31.2,-62.2,-202.1,-347.8,-497.8,-797.8,-1186.0,-1516.2,74.3,93.4,139.9,145.7,150.0,300.0,388.2,330.2,500.0,-2016.2
14967,5791382.8,2152773.4,105.2,750.0,14S/03E-15P01,105.5,31.2,-62.2,-202.1,-347.8,-497.8,-797.8,-1186.0,-1516.2,74.3,93.4,139.9,145.7,150.0,300.0,388.2,330.2,500.0,-2016.2
14981,5767676.9,2153359.5,52.5,930.0,14S03E16E01,63.9,-76.3,-109.6,-266.2,-374.6,-495.4,-795.4,-1552.1,-2169.1,140.2,33.3,156.6,108.5,120.8,300.0,756.7,617.0,500.0,-2669.1
14983,5785064.8,2154924.3,101.1,660.0,14S/03E-16E51,101.7,28.9,-61.9,-185.6,-370.3,-415.8,-715.8,-1290.1,-1671.7,72.8,90.8,123.7,184.6,45.6,300.0,574.3,381.6,500.0,-2171.7
14985,5789066.8,2155673.1,91.9,1000.0,14S/03E-16H01,122.1,42.1,-30.1,-170.6,-335.6,-340.2,-446.9,-1196.6,-1550.3,79.9,72.2,140.5,165.0,4.5,106.8,749.7,353.7,500.0,-2050.3
14S/02E-16G01,5755523.953,2156217.6,22.7,800.0,,22.7,-23.0,-91.7,-218.6,-331.3,-464.5,-764.5,-1636.8,-2327.1,45.7,68.8,126.8,112.7,133.2,300.0,872.3,690.3,500.0,-2827.1
14S/02E-17K1,5749725.342,2154474.9,103.4,800.0,,103.4,-17.1,-100.9,-237.9,-317.1,-474.0,-774.0,-1591.4,-2430.0,120.5,83.8,137.0,79.2,156.8,300.0,817.4,838.6,500.0,-2930.0
14S/02E-20B1-3,5749985.759,2151371.6,143.6,800.0,,143.6,1.5,-91.6,-252.4,-325.1,-468.3,-768.3,-1483.3,-2482.3,142.0,93.1,160.8,72.7,143.2,300.0,715.0,999.0,500.0,-2982.3
14S/02E-21E1,5753219.266,2149698.5,135.4,800.0,,135.4,-2.6,-92.9,-256.6,-319.5,-458.5,-471.1,-1556.0,-2484.1,138.0,90.4,163.6,62.9,139.0,12.6,1084.8,928.2,500.0,-2984.1
14S/02E-21N1,5752199.3,2147463.2,133.0,800.0,,133.0,-2.3,-92.5,-269.4,-320.1,-453.7,-485.9,-1446.3,-2522.4,135.3,90.3,176.8,50.8,133.5,32.3,960.3,1076.1,500.0,-3022.4
14S/02E-28C1,5753262.669,2145293.1,33.9,800.0,,33.9,-23.2,-96.3,-271.6,-325.2,-446.6,-505.5,-1403.4,-2546.4,57.1,73.1,175.3,53.6,121.3,59.0,897.8,1143.1,500.0,-3046.4
14S/2E-10M2,5758149.821,2159494.5,27.1,800.0,,27.1,-37.6,-105.4,-228.0,-338.6,-466.5,-766.5,-1559.9,-2194.6,64.7,67.9,122.6,110.6,127.9,300.0,793.4,634.7,500.0,-2694.6
14S/2E-22K,5760177.042,2149745.7,23.2,800.0,,23.2,-18.6,-86.7,-225.6,-292.6,-488.7,-532.7,-1639.2,-2386.6,41.8,68.2,138.8,67.0,196.1,44.0,1106.5,747.4,500.0,-2886.6
14S/2E-27N1,5757338.5,2142011.4,26.1,800.0,,26.1,-15.6,-96.9,-256.2,-312.6,-456.2,-514.3,-1439.5,-2575.0,41.7,81.3,159.3,56.4,143.6,58.1,925.2,1135.5,500.0,-3075.0
14S/2E-28H2,5756947.875,2145370.7,26.1,800.0,,26.1,-30.4,-93.2,-258.9,-309.8,-461.5,-511.1,-1517.1,-2510.3,56.5,62.8,165.7,50.9,151.7,49.6,1006.0,993.2,500.0,-3010.3
14S/2E-33Q,5754994.75,2137297.8,151.7,800.0,,151.7,5.5,-30.4,-265.3,-310.9,-405.0,-573.9,-1154.6,-2589.6,146.2,35.9,234.9,45.5,94.1,168.9,580.7,1435.0,500.0,-3089.6
14S01E13J02,5741228.5,2154083.3,36.4,820.3,14S/01E-13J02,41.2,-50.8,-102.9,-221.6,-296.1,-512.4,-812.4,-1262.8,-2366.7,92.0,52.1,118.7,74.5,216.3,300.0,450.3,1103.9,500.0,-2866.7
14S01E24L05,5738673.5,2149683.3,61.2,820.3,14S/01E-24L05,48.2,-41.4,-71.3,-232.8,-288.2,-532.9,-832.9,-1105.0,-2603.1,89.6,29.8,161.6,55.3,244.7,300.0,272.1,1498.2,500.0,-3103.1
14S01E24L53,5738265.5,2149254.3,37.4,820.3,14S/01E-24L53,19.1,-42.0,-68.6,-229.2,-276.4,-527.6,-827.6,-1074.5,-2546.6,61.1,26.6,160.6,47.3,251.1,300.0,246.9,1472.1,500.0,-3046.6
14S02E07A02,5747136.5,2161697.3,12.6,820.3,14S/02E-07A02,9.9,-34.8,-133.3,-240.4,-320.5,-508.8,-808.8,-1596.9,-2275.6,44.6,98.5,107.1,80.1,188.3,300.0,788.2,678.7,500.0,-2775.6
14S02E07F02,5743507.5,2160719.3,9.3,820.3,14S/02E-07F02,9.2,-67.8,-143.4,-253.8,-305.2,-541.8,-841.8,-1525.2,-2311.3,77.0,75.6,110.4,51.4,236.6,300.0,683.4,786.0,500.0,-2811.3
14S02E12E01,5772591.6,2145649.3,43.8,820.3,14S/02E-12E01,42.3,-13.2,-76.4,-205.3,-283.5,-446.0,-746.0,-1566.4,-2235.6,55.5,63.2,128.8,78.2,162.5,300.0,820.4,669.2,500.0,-2735.6
14S02E13F02,5770993.6,2154738.3,42.7,820.3,14S/02E-13F02,41.3,-50.3,-93.9,-255.8,-373.4,-503.0,-803.0,-1510.9,-2098.3,91.5,43.6,161.9,117.6,129.6,300.0,707.9,587.4,500.0,-2598.3
14S02E13G01,5772070.6,2155498.3,48.1,820.3,14S/02E-13G01,52.2,-45.2,-99.3,-250.2,-377.5,-503.2,-803.2,-1486.5,-2057.2,97.4,54.0,150.9,127.3,125.7,300.0,683.3,570.6,500.0,-2557.1
14S02E15A01,5762062.5,2156984.3,29.0,820.3,14S/02E-15A01,24.4,-40.7,-100.9,-254.8,-342.4,-498.3,-798.3,-1559.3,-2196.0,65.2,60.2,153.9,87.6,155.9,300.0,760.9,636.7,500.0,-2696.0
14S02E15C02,5759346.5,2157216.3,23.1,820.3,14S/02E-15C02,23.1,-34.3,-99.6,-232.7,-334.2,-465.8,-765.8,-1583.2,-2234.0,57.4,65.3,133.1,101.6,131.6,300.0,817.4,650.7,500.0,-2734.0
14S02E18E01,5742798.5,2156373.3,29.4,820.3,14S/02E-18E01,34.1,-60.8,-130.9,-225.6,-296.5,-511.3,-811.3,-1389.6,-2376.1,94.9,70.1,94.7,70.9,214.8,300.0,578.2,986.6,500.0,-2876.1
14S02E26A06,5767278.5,2145932.3,32.7,820.3,14S/02E-26A06,32.9,-25.6,-81.7,-197.2,-292.9,-427.3,-433.9,-1628.7,-2345.9,58.5,56.0,115.6,95.7,134.4,6.6,1194.8,717.2,500.0,-2845.9
14S03E11E51,5794835.6,2159296.3,155.4,820.3,14S/03E-11E51,156.5,75.4,70.4,-143.6,-211.6,-361.6,-661.6,-1008.1,-1141.5,81.1,5.0,214.0,68.0,150.0,300.0,346.5,133.4,500.0,-1641.5
14S03E22D01,5790082.6,2152145.3,100.5,820.3,14S/03E-22D01,100.3,44.1,-80.0,-209.2,-353.5,-376.1,-676.1,-1224.4,-1589.1,56.1,124.2,129.1,144.4,22.6,300.0,548.3,364.7,500.0,-2089.1
14S03E22E51,5790088.6,2149263.3,83.7,820.3,14S/03E-22E51,82.9,33.8,-91.9,-180.4,-349.8,-393.2,-693.2,-1224.1,-1708.8,49.1,125.7,88.5,169.3,43.5,300.0,530.9,484.7,500.0,-2208.8
14S03E28N01,5783806.6,2140841.3,52.7,820.3,14S/03E-28N01,52.8,-22.5,-79.2,-178.2,-288.8,-417.6,-556.5,-1342.2,-2117.3,75.3,56.7,99.0,110.7,128.8,138.9,785.7,775.1,500.0,-2617.3
14S03E28N03,5784097.6,2142503.3,48.5,820.3,14S/03E-28N03,49.8,-20.8,-86.9,-184.3,-317.9,-433.6,-552.7,-1345.1,-2085.0,70.6,66.1,97.5,133.6,115.7,119.1,792.4,739.9,500.0,-2585.0
14S03E33Q01,5786118.6,2137639.3,52.9,820.3,14S/03E-33Q01,53.2,-23.2,-62.8,-175.6,-257.3,-421.2,-532.9,-1261.4,-2136.3,76.3,39.6,112.8,81.7,163.9,111.8,728.5,874.9,500.0,-2636.3
15006,5785224.6,2153022.3,95.5,698.0,14S03E17J03,95.6,24.6,-85.9,-205.8,-377.4,-433.7,-733.7,-1311.9,-1798.1,71.0,110.5,119.9,171.6,56.3,300.0,578.2,486.2,500.0,-2298.1
15067,5787323.2,2150167.9,91.8,700.0,14S03E21G01,91.9,40.3,-97.7,-196.5,-359.4,-420.7,-720.7,-1285.7,-1809.9,51.6,138.0,98.8,162.9,61.3,300.0,565.0,524.2,500.0,-2309.9
1508,5795984.6,2113230.7,63.1,166.5,15S03E26C01,62.2,19.7,-39.7,-166.8,-274.0,-333.5,-633.5,-1320.2,-2471.1,42.4,59.4,127.1,107.2,59.5,300.0,686.7,1151.0,500.0,-2971.1
15080,5789951.9,2148711.8,83.1,615.0,14S03E22M01,83.3,32.4,-93.3,-179.5,-350.1,-402.1,-702.1,-1233.1,-1748.4,50.8,125.7,86.2,170.6,52.0,300.0,531.0,515.3,500.0,-2248.4
15081,5790403.9,2149154.6,82.7,618.0,14S03E22M02,82.9,33.8,-91.9,-180.4,-349.8,-393.2,-693.2,-1224.1,-1708.8,49.1,125.7,88.5,169.3,43.5,300.0,530.9,484.7,500.0,-2208.8
15097,5802809.1,2145854.0,164.8,543.0,14S03E24Q01,165.1,130.1,129.1,-37.5,-38.5,-71.5,-495.2,-1046.6,-1283.5,35.0,1.0,166.6,1.0,33.0,423.7,551.4,236.9,500.0,-1783.5
151,5870845.3,2033742.1,189.6,303.0,18S/06E-05L01,189.7,139.7,138.7,75.7,-2.4,-101.4,-262.7,-762.7,-1880.2,50.0,1.0,63.1,78.1,98.9,161.3,500.0,1117.6,500.0,-2380.2
15149,5785791,2142456.4,44.6,273.0,14S03E28P03,45.6,-20.8,-87.5,-179.1,-323.0,-426.7,-547.9,-1300.7,-2049.1,66.3,66.8,91.6,143.8,103.7,121.2,752.8,748.4,500.0,-2549.1
1515,5828971.7,2108305.0,250.2,608.0,15S04E26R01,253.4,203.4,185.4,60.4,22.5,-152.2,-525.7,-1160.7,-1462.5,50.0,18.1,125.0,37.8,174.7,373.5,635.0,301.8,500.0,-1962.5
1518,5793749.6,2127880.0,60.7,820.3,1518,61.2,-11.8,-79.4,-181.8,-266.1,-397.8,-487.5,-1265.4,-2145.6,73.0,67.6,102.3,84.4,131.7,89.7,777.9,880.2,500.0,-2645.6
1521,5757214.5,2161609.8,13.2,498.0,14S02E09H02,13.1,-64.3,-123.9,-225.6,-346.4,-483.2,-783.2,-1533.4,-2150.7,77.4,59.6,101.7,120.8,136.8,300.0,750.2,617.3,500.0,-2650.7
1525,5776086.1,2124741.8,46.4,171.0,15S03E18B01,45.8,-9.0,-44.2,-141.1,-223.7,-315.2,-460.0,-1191.1,-2536.2,54.9,35.2,96.9,82.6,91.5,144.8,731.1,1345.1,500.0,-3036.2
1528,5822968.2,2090073.2,105.5,584.0,16S04E15G01,105.7,37.0,10.4,-95.6,-175.5,-287.0,-587.0,-1511.3,-2289.7,68.7,26.6,106.0,79.9,111.5,300.0,924.3,778.4,500.0,-2789.7
1529,5774557.1,2125048.0,46.0,206.0,15S/03E-18C02,45.9,-13.0,-20.3,-140.3,-220.6,-311.4,-456.3,-1214.8,-2508.3,58.8,7.3,119.9,80.4,90.8,144.9,758.4,1293.5,500.0,-3008.3
15330,5806085.6,2139034.5,139.3,1016.0,14S/04E-31E02,139.4,104.4,103.4,-44.6,-45.6,-152.9,-552.9,-1111.3,-1378.6,35.0,1.0,148.0,1.0,107.3,400.0,558.4,267.4,500.0,-1878.7
15338,5809655.2,2136856.0,0.0,915.0,14S04E31J50,122.2,87.2,86.2,2.0,1.0,-80.6,-563.7,-1074.1,-1210.3,35.0,1.0,84.2,1.0,81.6,483.1,510.4,136.2,500.0,-1710.3
1534,5752407,2163651.3,13.4,653.0,14S/02E-05R03,13.3,-63.9,-140.0,-227.3,-352.6,-509.9,-809.9,-1540.7,-2143.8,77.2,76.1,87.3,125.2,157.4,300.0,730.7,603.1,500.0,-2643.8
15345,5812352.6,2139730.1,142.7,229.0,14S04E32C01,140.5,105.5,104.5,86.7,85.7,5.0,-554.3,-555.3,-556.3,35.0,1.0,17.8,1.0,80.7,559.3,1.0,1.0,500.0,-1056.3
15352,5813562.4,2135579.0,135.6,349.0,14S04E32Q01,132.0,97.0,96.0,43.6,42.6,-50.5,-565.6,-757.8,-758.8,35.0,1.0,52.4,1.0,93.1,515.1,192.2,1.0,500.0,-1258.8
15353,5814014.1,2136018.6,139.9,337.0,14S04E32Q02,138.1,103.1,102.1,54.1,53.1,-43.3,-566.2,-643.3,-644.3,35.0,1.0,48.0,1.0,96.4,522.9,77.1,1.0,500.0,-1144.3
154,5811010.6,2113441.5,90.6,652.0,15S/04E-20N01,90.0,-44.1,-93.4,-150.7,-223.5,-325.4,-504.1,-1443.6,-1984.5,134.2,49.3,57.3,72.7,101.9,178.7,939.5,540.9,500.0,-2484.5
1540,5794722.1,2122517.2,62.8,235.0,15S/03E-14E02,63.3,-10.1,-79.0,-173.4,-264.4,-375.2,-440.6,-1325.2,-2269.9,73.5,68.9,94.3,91.1,110.8,65.3,884.6,944.7,500.0,-2769.9
1549,5753376.5,2163117.1,14.4,658.0,14S02E04N03,14.3,-65.5,-140.7,-227.8,-354.0,-507.4,-807.4,-1539.7,-2145.6,79.8,75.2,87.1,126.2,153.5,300.0,732.3,605.8,500.0,-2645.6
1550,5829463.7,2110278.0,256.9,545.0,15S04E26G01,257.3,233.4,228.4,87.4,71.3,-126.0,-531.0,-1110.6,-1363.2,23.9,5.0,141.1,16.1,197.3,405.0,579.6,252.6,500.0,-1863.2
1556,5814958.6,2108943.5,92.5,620.0,15S/04E-29R01,94.0,-21.9,-70.2,-132.5,-225.2,-362.2,-496.9,-1425.8,-1977.6,115.8,48.4,62.2,92.8,137.0,134.7,928.9,551.8,500.0,-2477.6
1557,5811482.6,2120964.5,104.5,860.0,15S04E17L50,106.2,-15.1,-18.8,-88.4,-234.4,-362.5,-529.3,-1346.8,-1727.4,121.3,3.7,69.6,146.0,128.1,166.8,817.4,380.6,500.0,-2227.4
15571,5768307.8,2133081.1,34.4,420.0,15S/02E-01M01,34.8,-4.6,-9.6,-193.3,-269.3,-334.8,-521.1,-1413.2,-2577.5,39.4,5.0,183.7,76.0,65.5,186.3,892.1,1164.3,500.0,-3077.5
15614,5757938.5,2134762.7,165.6,540.0,15S02E03E50,180.6,130.6,57.0,-250.0,-281.0,-350.1,-556.8,-1049.2,-2480.1,50.0,73.6,307.0,31.0,69.0,206.7,492.5,1430.9,500.0,-2980.1
1562,5828056.7,2093360.3,110.2,631.0,16S/04E-11K01,110.1,45.9,23.6,-98.3,-157.3,-299.9,-317.5,-1384.3,-2018.6,64.2,22.3,121.9,59.0,142.6,17.6,1066.8,634.3,500.0,-2518.6
1563,5957573.9,1941999.0,343.2,44.0,20S08E36R01,347.6,297.6,296.6,295.6,294.6,293.6,292.6,291.6,-953.9,50.0,1.0,1.0,1.0,1.0,1.0,1.0,1245.5,500.0,-1453.9
1566,5765589,2146969.0,32.7,500.0,14S02E23Q50,32.9,-15.6,-78.5,-192.7,-288.9,-439.5,-461.3,-1634.0,-2349.0,48.5,63.0,114.2,96.1,150.7,21.7,1172.7,715.0,500.0,-2848.9
15661,5801537,2134633.7,73.5,436.0,15S03E01C01,63.4,9.4,4.4,-83.2,-214.9,-381.5,-553.9,-1269.0,-1699.3,54.0,5.0,87.6,131.7,166.6,172.4,715.0,430.4,500.0,-2199.3
15662,5801988.8,2135065.8,92.6,110.0,15S03E01C02,95.3,19.8,14.8,-80.6,-202.2,-358.3,-551.7,-1250.1,-1610.5,75.5,5.0,95.4,121.6,156.1,193.4,698.4,360.3,500.0,-2110.5
15684,5792623.6,2132712.4,62.0,350.0,15S/03E-03K02,62.2,-24.7,-62.9,-178.4,-245.8,-402.9,-508.6,-1229.5,-2057.5,86.9,38.2,115.5,67.4,157.0,105.8,720.9,828.0,500.0,-2557.5
15722,5785583,2133845.2,55.2,495.0,15S03E04F01,55.0,-16.4,-51.8,-167.6,-260.0,-445.3,-485.5,-1233.9,-2223.2,71.4,35.4,115.8,92.4,185.3,40.3,748.3,989.4,500.0,-2723.2
1576,5802702.6,2142041.3,142.9,543.0,14S03E25Q01,143.0,104.0,99.0,-79.8,-80.8,-81.0,-539.4,-1120.4,-1483.3,39.0,5.0,178.9,1.0,0.2,458.3,581.1,362.8,500.0,-1983.3
15779,5781937.3,2130405.9,49.6,210.0,15S03E08B02,49.3,-23.4,-63.8,-165.7,-283.9,-402.4,-469.1,-1241.7,-2392.3,72.7,40.3,102.0,118.2,118.5,66.7,772.6,1150.6,500.0,-2892.3
1579,5767813.5,2148884.3,32.7,638.0,14S/02E-23J50,33.0,-52.6,-94.9,-221.4,-301.7,-426.9,-475.5,-1595.2,-2256.7,85.6,42.3,126.5,80.3,125.2,48.6,1119.7,661.5,500.0,-2756.7
1580,5830628.7,2107700.0,258.6,475.0,15S04E25N01,257.3,207.3,193.6,77.5,21.0,-142.6,-529.4,-1138.6,-1421.5,50.0,13.7,116.1,56.5,163.6,386.8,609.2,282.9,500.0,-1921.5
15807,5784087,2128547.4,52.6,245.0,15S03E09E01,52.4,-11.8,-56.7,-171.8,-270.5,-362.7,-464.4,-1201.0,-2387.8,64.2,44.9,115.0,98.7,92.3,101.7,736.5,1186.8,500.0,-2887.8
15809,5783659.5,2129007.1,52.5,159.0,15S03E09E04,52.1,-14.0,-57.6,-169.8,-272.3,-370.8,-465.6,-1206.1,-2384.1,66.1,43.6,112.2,102.5,98.5,94.7,740.5,1178.0,500.0,-2884.1
1584,5830076.7,2106490.0,243.3,630.0,15S04E36D52,241.8,191.8,164.6,52.8,-26.5,-166.4,-529.6,-1175.9,-1503.0,50.0,27.2,111.8,79.3,140.0,363.2,646.3,327.1,500.0,-2003.0
15851,5797058.6,2128534.3,61.1,490.0,15S/03E-11G01,62.3,-40.1,-102.0,-192.6,-281.5,-402.7,-542.1,-1313.4,-2011.9,102.4,61.9,90.6,89.0,121.2,139.4,771.3,698.5,500.0,-2511.9
15892,5803828.2,2121643.3,74.1,270.0,15S/03E-13J03,73.6,-26.9,-95.0,-202.1,-272.5,-404.9,-483.4,-1455.8,-1993.9,100.6,68.1,107.1,70.4,132.4,78.5,972.3,538.2,500.0,-2493.9
15988,5787097,2124880.8,60.1,248.0,15S03E16B02,60.2,-15.9,-56.6,-173.2,-265.1,-344.9,-436.1,-1193.0,-2406.1,76.1,40.7,116.6,91.9,79.8,91.2,757.0,1213.1,500.0,-2906.1
15S/03E-28A01,5787786.094,2113059.2,81.0,2500.0,,81.0,80.0,75.0,-81.6,-152.3,-270.0,-309.8,-1087.4,-2651.5,1.0,5.0,156.7,70.6,117.7,39.8,777.6,1564.2,500.0,-3151.5
15S/2E-12A1,5772104.125,2129902.0,42.9,800.0,,42.9,-10.7,-18.0,-161.4,-245.4,-333.3,-470.0,-1354.4,-2604.2,53.6,7.3,143.4,84.0,87.9,136.7,884.4,1249.9,500.0,-3104.2
15S/2E-2L,5764447.875,2132766.6,37.2,800.0,,37.2,2.2,1.2,-207.3,-260.6,-280.4,-507.1,-1153.8,-2533.8,35.0,1.0,208.5,53.3,19.8,226.7,646.8,1380.0,500.0,-3033.8
15S/2E-4A,5755984.333,2135943.7,163.2,800.0,,163.2,113.2,11.6,-268.2,-298.7,-384.6,-568.2,-1081.4,-2576.7,50.0,101.6,279.8,30.5,85.9,183.6,513.1,1495.3,500.0,-3076.7
15S/2E-4C,5753598.917,2135839.5,168.3,800.0,,168.3,118.3,56.6,-255.3,-284.1,-367.2,-438.9,-1084.3,-2424.5,50.0,61.7,312.0,28.8,83.0,71.7,645.4,1340.3,500.0,-2924.5
15S03E14N,5794419.8,2119789.8,58.3,820.3,15S/03E-14N,57.0,2.8,-68.2,-168.1,-275.8,-348.9,-397.9,-1312.8,-2378.9,54.2,71.1,99.9,107.7,73.1,49.0,914.9,1066.1,500.0,-2878.9
15S03E15J,5793103.9,2121196.0,60.2,820.3,15S/03E-15J,58.3,1.8,-68.4,-168.3,-273.0,-361.0,-407.0,-1286.0,-2371.2,56.5,70.2,99.9,104.7,88.0,46.1,879.0,1085.3,500.0,-2871.2
15S03E17H,5782445,2123020.1,55.6,820.3,15S/03E-17H,55.5,-2.3,-63.9,-185.4,-264.0,-342.8,-457.1,-1140.6,-2593.8,57.8,61.6,121.4,78.6,78.7,114.4,683.4,1453.2,500.0,-3093.8
15S03E22C,5790218.9,2118539.9,63.0,820.3,15S/03E-22C,63.0,11.9,-47.9,-183.7,-291.6,-359.7,-370.3,-1205.6,-2484.5,51.1,59.8,135.8,107.9,68.1,10.7,835.2,1278.9,500.0,-2984.5
15S03E26KA,5796750.1,2110286.7,71.3,820.3,15S/03E-26KA,71.4,25.0,-27.4,-153.6,-227.9,-275.1,-575.1,-1301.3,-2486.4,46.5,52.4,126.2,74.3,47.2,300.0,726.3,1185.1,500.0,-2986.4
15S03E27D,5788799.6,2113168.5,43.0,820.3,15S/03E-27D,55.4,20.4,19.4,-103.6,-198.0,-297.0,-597.0,-1104.8,-2673.1,35.0,1.0,123.0,94.4,99.0,300.0,507.8,1568.3,500.0,-3173.1
15S04E29L,5812694.1,2110158.1,93.0,820.3,15S/04E-29L,92.9,-19.3,-73.7,-132.7,-225.1,-362.1,-478.7,-1452.6,-2034.3,112.3,54.3,59.0,92.4,137.0,116.6,973.9,581.7,500.0,-2534.3
15S04E31H,5805490.7,2104451.5,83.0,820.3,15S/04E-31H,73.7,13.8,8.8,-56.9,-118.4,-281.8,-402.5,-1485.0,-2461.0,60.0,5.0,65.6,61.5,163.3,120.8,1082.5,976.0,500.0,-2961.0
15S04E31M,5807092.6,2105852.8,73.8,820.3,15S/04E-31M,75.4,14.2,-3.5,-69.3,-148.0,-302.8,-433.7,-1526.8,-2226.8,61.2,17.7,65.8,78.7,154.8,130.9,1093.2,700.0,500.0,-2726.8
15S04E32H,5816229.2,2107196.3,103.0,820.3,15S/04E-32H,101.1,-15.5,-65.1,-133.6,-204.1,-343.3,-481.0,-1433.7,-2017.3,116.6,49.6,68.5,70.4,139.2,137.8,952.6,583.6,500.0,-2517.3
16014,5779877.1,2120673.5,45.0,503.0,15S03E17P01,41.9,-14.0,-30.8,-160.8,-239.0,-309.0,-450.7,-1103.4,-2510.3,55.9,16.8,130.0,78.2,70.0,141.7,652.7,1406.9,500.0,-3010.3
16022,5774949.1,2122547.0,49.0,456.0,15S03E18F01,49.4,22.1,17.1,-141.1,-196.2,-284.1,-457.8,-1127.7,-2301.7,27.4,5.0,158.2,55.1,88.0,173.6,670.0,1174.0,500.0,-2801.8
16031,5773692.6,2121415.7,52.1,904.0,15S03E18M02,53.6,28.6,27.6,26.6,25.6,24.6,23.6,22.6,-1808.1,25.0,1.0,1.0,1.0,1.0,1.0,1.0,1830.7,500.0,-2308.1
1605,5855996.2,2065003.6,185.2,478.0,17S/05E-02N02,185.9,143.5,138.5,66.7,-12.5,-130.4,-465.4,-1306.6,-1680.9,42.4,5.0,71.7,79.3,117.8,335.1,841.1,374.3,500.0,-2180.9
16058,5815594.1,2116223.2,125.6,183.0,15S03E21P01,124.6,74.6,-64.5,-125.5,-219.8,-328.5,-516.7,-1344.6,-1666.0,50.0,139.1,61.0,94.3,108.7,188.2,827.9,321.4,500.0,-2166.0
16083,5800852.4,2109271.9,71.8,185.0,15S03E25P01,64.5,23.1,-21.0,-133.8,-214.8,-329.7,-629.7,-1427.7,-2453.1,41.4,44.2,112.8,81.1,114.8,300.0,798.0,1025.4,500.0,-2953.1
16099,5797314.2,2109833.8,80.7,201.0,15S03E26Q02,75.2,26.9,-24.4,-152.6,-228.2,-287.8,-587.8,-1326.7,-2500.0,48.3,51.3,128.2,75.6,59.6,300.0,738.8,1173.4,500.0,-3000.0
16128,5789408.6,2105751.2,389.6,900.0,15S03E34L50,391.9,341.9,282.6,69.4,34.0,-182.1,-322.4,-1056.4,-1396.9,50.0,59.3,213.2,35.4,216.1,140.3,734.0,340.5,500.0,-1896.9
16134,5797277.9,2108498.2,118.6,203.0,15S03E35B02,119.2,39.5,-15.8,-125.4,-199.3,-272.9,-572.9,-1304.2,-2646.0,79.8,55.2,109.7,73.9,73.6,300.0,731.3,1341.8,500.0,-3146.0
16135,5796837.8,2108513.8,128.8,513.0,15S03E35B03,137.6,43.1,-13.3,-115.6,-190.8,-263.5,-563.5,-1285.6,-2636.2,94.4,56.5,102.3,75.2,72.7,300.0,722.1,1350.6,500.0,-3136.2
16144,5802100.7,2106557.8,74.9,150.0,15S/03E-36G01,72.0,18.7,-7.8,-91.8,-172.5,-317.8,-617.8,-1453.0,-2476.9,53.3,26.4,84.0,80.7,145.3,300.0,835.3,1023.9,500.0,-2976.9
16164,5809578.5,2134180.7,0.0,730.0,15S04E06A50,105.1,80.5,75.5,-41.8,-42.8,-125.9,-550.4,-1119.8,-1413.7,24.6,5.0,117.3,1.0,83.1,424.5,569.4,293.9,500.0,-1913.7
16171,5807258.8,2133551.1,105.4,670.0,15S04E06F02,105.8,28.9,23.9,-74.6,-151.4,-231.7,-535.4,-1176.2,-1506.5,76.9,5.0,98.5,76.7,80.3,303.7,640.8,330.3,500.0,-2006.5
162,5768286,2166539.3,63.5,635.0,14S02E02H50,62.5,-23.7,-119.4,-193.0,-341.4,-470.2,-770.2,-1361.9,-1781.2,86.2,95.7,73.6,148.4,128.9,300.0,591.7,419.3,500.0,-2281.2
1622,5937091.4,1955436.2,295.6,90.0,20S08E21D01,295.8,195.8,194.8,193.8,192.8,191.8,190.8,149.8,-766.0,100.0,1.0,2.0,1.0,1.0,1.0,41.0,915.8,500.0,-1266.0
1624,5937362.9,1955362.2,295.7,150.0,20S08E21E02,295.4,195.4,194.4,193.4,192.4,191.4,190.4,239.4,-758.7,100.0,1.0,1.0,1.0,1.0,1.0,-49.0,998.1,500.0,-1258.7
16277,5809469.7,2117453.2,76.5,195.0,15S/04E-19H02,76.5,-34.4,-61.8,-133.8,-224.1,-360.2,-536.7,-1416.1,-1903.8,110.9,27.4,72.0,90.3,136.1,176.5,879.4,487.8,500.0,-2403.9
16313,5819613.1,2118018.2,170.5,615.0,15S/04E-21A01,167.8,117.8,87.7,-42.6,-83.1,-216.6,-541.0,-1247.2,-1540.2,50.0,30.1,130.4,40.5,133.4,324.5,706.2,292.9,500.0,-2040.2
1632,5952785.4,1949560.2,320.4,62.0,20S08E25E01,318.4,218.4,217.4,216.4,215.4,214.4,213.4,262.4,-393.4,100.0,1.0,1.0,1.0,1.0,1.0,-49.0,655.8,500.0,-893.4
16346,5832876.6,2108716.9,295.0,525.0,15S04E25P02,299.6,249.6,240.0,138.4,58.8,-117.6,-513.2,-1045.9,-1281.8,50.0,9.6,101.6,79.6,176.4,395.6,532.7,235.9,500.0,-1781.8
1635,5953528.4,1950507.5,321.9,62.0,20S08E25D02,331.8,281.8,280.8,279.8,278.8,277.8,276.8,275.8,-408.6,50.0,1.0,1.0,1.0,1.0,1.0,1.0,684.5,500.0,-908.6
1636,5770446,2159819.8,41.6,610.0,14S/02E-12L02,42.5,-41.9,-98.7,-222.0,-388.5,-505.8,-805.8,-1449.3,-1933.9,84.4,56.9,123.2,166.5,117.3,300.0,643.5,484.6,500.0,-2433.9
16383,5813343.6,2107880.7,81.5,535.0,15S/04E-29Q01,82.2,-5.7,-57.1,-121.4,-199.0,-343.7,-449.9,-1478.2,-2097.7,87.9,51.5,64.2,77.6,144.8,106.1,1028.4,619.4,500.0,-2597.7
1639,5937617.4,1955277.7,295.9,90.0,20S08E21E01,295.4,195.4,194.4,193.4,192.4,191.4,190.4,239.4,-758.7,100.0,1.0,1.0,1.0,1.0,1.0,-49.0,998.1,500.0,-1258.7
1640,5937818.9,1955218.7,296.0,130.0,20S08E21F01,295.4,195.4,194.4,193.4,192.4,191.4,190.4,239.4,-758.7,100.0,1.0,1.0,1.0,1.0,1.0,-49.0,998.1,500.0,-1258.7
16403,5810059.4,2107641.0,85.7,273.0,15S04E32D01,88.7,11.1,-40.6,-98.5,-178.8,-313.2,-410.7,-1534.6,-2207.4,77.6,51.7,57.9,80.3,134.4,97.5,1123.9,672.8,500.0,-2707.4
16406,5809584.6,2105529.0,85.1,286.0,15S/04E-32E01,85.8,14.8,-18.2,-79.4,-154.8,-299.7,-439.4,-1548.0,-2294.4,71.1,32.9,61.2,75.4,144.8,139.8,1108.6,746.4,500.0,-2794.4
1641,5938076.9,1955129.5,296.3,150.0,20S08E21F02,296.8,196.8,195.8,194.8,193.8,192.8,191.8,240.8,-765.6,100.0,1.0,1.0,1.0,1.0,1.0,-49.0,1006.5,500.0,-1265.6
1657,5791465.6,2110876.7,110.8,517.0,15S03E27K01,117.8,69.7,64.7,-79.0,-169.6,-273.2,-573.2,-1127.1,-2692.7,48.1,5.0,143.7,90.6,103.5,300.0,553.9,1565.6,500.0,-3192.7
1663,5781890.1,2162302.8,116.8,218.0,14S03E08C50,115.3,62.5,-7.1,-107.7,-362.8,-392.7,-692.7,-1240.1,-1607.1,52.8,69.5,100.7,255.1,29.9,300.0,547.3,367.1,500.0,-2107.1
1665,5928389.9,1980150.8,289.2,182.0,19S08E30L50,290.2,240.2,239.2,238.2,237.2,236.2,235.2,35.2,-791.0,50.0,1.0,1.0,1.0,1.0,1.0,200.0,826.2,500.0,-1291.0
1672,5743838,2165443.1,9.0,1435.1,14S/02E-06L01,9.0,-61.4,-132.4,-227.7,-335.1,-550.1,-850.1,-1525.0,-2201.5,70.4,71.0,95.3,107.4,215.0,300.0,674.8,676.5,500.0,-2701.5
1683,5825507.7,2111409.7,202.2,769.0,15S04E26E01,202.2,176.0,171.0,29.4,20.9,-151.9,-512.0,-1209.6,-1519.2,26.1,5.0,141.6,8.5,172.8,360.2,697.6,309.5,500.0,-2019.2
169,5811872.1,2097314.7,92.4,185.0,16S/04E-08C01,99.0,46.5,8.5,-26.7,-61.8,-187.6,-487.6,-1470.5,-2448.3,52.5,38.0,35.2,35.2,125.8,300.0,982.9,977.8,500.0,-2948.3
1694,5789768.1,2117103.2,63.9,272.0,15S/03E-22F02,63.8,17.1,-38.8,-185.4,-286.0,-366.0,-666.0,-1168.9,-2531.0,46.7,55.9,146.6,100.6,80.0,300.0,503.0,1362.1,500.0,-3031.0
1696,5790703.1,2119368.2,63.0,820.3,1696,63.1,10.5,-50.4,-181.3,-291.5,-359.3,-370.4,-1218.7,-2470.9,52.6,60.9,130.8,110.3,67.8,11.0,848.4,1252.2,500.0,-2970.9
1698,5777560.6,2159599.8,42.7,620.0,14S/03E-07K51,41.5,-3.9,-101.7,-163.1,-364.1,-437.7,-737.7,-1345.6,-1802.5,45.4,97.8,61.4,201.0,73.6,300.0,607.9,456.9,500.0,-2302.5
16S04E06CA,5804529.3,2101082.6,140.5,820.3,16S/04E-06CA,146.5,81.5,76.5,0.5,-24.6,-208.5,-318.6,-1416.3,-2481.3,65.0,5.0,76.0,25.1,183.9,110.1,1097.7,1065.0,500.0,-2981.4
1704,5761503.5,2160766.1,22.8,680.0,14S/02E-10H01,21.6,-45.7,-99.6,-237.3,-325.2,-491.1,-791.1,-1514.5,-2136.5,67.3,53.9,137.7,87.8,165.9,300.0,723.4,622.0,500.0,-2636.5
1705,5764460,2159271.1,37.8,660.0,14S/02E-11M03,38.0,-48.7,-103.7,-252.0,-352.0,-520.5,-820.5,-1512.5,-2122.9,86.7,55.0,148.2,100.0,168.5,300.0,692.1,610.3,500.0,-2622.9
1707,5771548.6,2157093.1,66.3,619.0,14S/02E-12Q01,47.2,-47.4,-103.8,-244.8,-385.4,-506.7,-806.7,-1475.2,-2029.4,94.6,56.3,141.1,140.6,121.3,300.0,668.5,554.2,500.0,-2529.4
1710,5747131,2164991.1,12.7,550.0,14S/02E-06J03,12.7,-51.8,-136.7,-223.1,-349.6,-524.2,-824.2,-1545.4,-2172.5,64.5,84.9,86.4,126.5,174.6,300.0,721.2,627.1,500.0,-2672.5
1711,5767818.5,2166892.3,55.9,588.0,14S02E01F50,60.3,-19.8,-119.0,-192.7,-338.9,-469.6,-769.6,-1358.2,-1772.1,80.1,99.2,73.7,146.2,130.6,300.0,588.7,413.9,500.0,-2272.1
1717,5772068.6,2168261.3,23.9,580.0,13S02E36J01,15.6,0.4,-101.2,-159.6,-292.4,-427.8,-727.8,-1275.0,-1670.1,15.3,101.6,58.4,132.8,135.4,300.0,547.2,395.1,500.0,-2170.1
172,5811447.1,2109495.7,84.0,820.3,172,83.5,-5.2,-65.7,-120.6,-203.9,-331.9,-437.4,-1492.0,-2118.9,88.6,60.6,54.8,83.3,128.0,105.4,1054.6,626.9,500.0,-2618.9
1726,5808843.6,2130401.8,91.6,786.0,15S04E06R01,92.8,-1.4,-9.1,-96.1,-194.7,-283.6,-523.9,-1219.8,-1571.9,94.2,7.7,87.0,98.6,88.8,240.3,695.9,352.1,500.0,-2071.9
1728,5812596.6,2130175.3,109.3,612.0,15S04E05K01,107.8,15.0,12.9,-43.3,-87.3,-146.6,-526.8,-1153.5,-1443.5,92.8,2.1,56.2,44.0,59.3,380.2,626.7,290.0,500.0,-1943.5
17300,5831985.2,2098511.0,203.4,693.0,16S04E01L01,197.7,89.0,74.1,-19.2,-96.3,-257.1,-337.8,-1253.3,-1658.9,108.7,14.9,93.3,77.1,160.8,80.7,915.4,405.6,500.0,-2158.9
17345,5814000.9,2094582.2,78.1,170.0,16S/04E-08J02,78.4,47.3,7.8,-34.0,-75.8,-161.3,-461.3,-1441.8,-2442.5,31.1,39.4,41.8,41.8,85.5,300.0,980.5,1000.7,500.0,-2942.5
1735,5950496.3,1958781.6,344.8,236.0,20S08E14K01,352.1,302.1,301.1,300.1,299.1,298.1,297.1,296.1,-499.5,50.0,1.0,1.0,1.0,1.0,1.0,1.0,795.6,500.0,-999.5
174,5787628.6,2118060.2,58.9,266.0,15S/03E-21A01,57.7,15.3,-26.1,-185.4,-271.8,-352.0,-429.0,-1135.1,-2554.8,42.4,41.4,159.3,86.5,80.2,77.0,706.2,1419.7,500.0,-3054.8
17402,5814550.9,2087615.5,119.0,240.0,16S04E16N01,113.6,49.7,21.0,-30.3,-81.6,-191.8,-236.6,-1395.7,-2545.4,64.0,28.7,51.3,51.3,110.2,44.8,1159.1,1149.7,500.0,-3045.4
17502,5835915.9,2088743.8,124.3,403.0,16S05E18M02,125.6,72.6,63.2,-44.4,-160.0,-257.9,-459.5,-1261.5,-1874.7,53.0,9.3,107.7,115.6,97.9,201.6,802.0,613.2,500.0,-2374.7
17521,5837849.3,2081632.8,122.4,116.0,16S05E19Q01,122.5,56.6,51.6,-64.1,-155.8,-254.5,-507.8,-1341.4,-1993.6,65.9,5.0,115.7,91.7,98.7,253.3,833.6,652.2,500.0,-2493.6
17531,5843257.7,2082783.7,144.4,615.0,16S/05E-20K01,142.0,56.9,45.3,-28.4,-155.9,-256.3,-544.0,-1253.7,-1780.9,85.1,11.6,73.7,127.5,100.4,287.6,709.7,527.2,500.0,-2280.9
17609,5844227.2,2073516.5,133.3,386.0,16S05E32H01,134.1,84.1,80.8,-8.6,-85.4,-244.7,-478.2,-1381.1,-1950.6,50.0,3.3,89.5,76.8,159.3,233.4,902.9,569.6,500.0,-2450.6
1761,6006754.5,1879151.8,476.9,182.0,22S10E34G01,467.8,417.8,416.8,415.8,414.8,413.8,412.8,207.4,-1100.6,50.0,1.0,1.0,1.0,1.0,1.0,205.4,1308.0,500.0,-1600.6
17610,5844670.2,2073028.4,135.0,300.0,16S05E32J01,135.3,85.3,82.2,-5.3,-82.1,-241.5,-480.8,-1382.5,-1948.9,50.0,3.1,87.5,76.8,159.3,239.4,901.7,566.4,500.0,-2448.9
1777,5842664.2,2092801.2,212.7,518.0,16S05E08P01,211.0,176.0,175.0,87.2,-18.3,-141.2,-479.2,-1130.1,-1522.1,35.0,1.0,87.7,105.5,122.8,338.1,650.9,392.0,500.0,-2022.1
1779,5783966.1,2120751.2,69.0,570.0,15S/03E-16N06,70.1,-4.1,-51.7,-191.0,-261.1,-341.7,-446.5,-1122.4,-2585.9,74.2,47.6,139.3,70.1,80.5,104.8,675.9,1463.5,500.0,-3085.9
1780,5874767.8,2035976.0,193.1,228.0,18S/06E-05H01,192.9,142.9,141.9,63.6,12.5,-120.3,-366.7,-1265.6,-1639.8,50.0,1.0,78.3,51.0,132.8,246.5,898.8,374.2,500.0,-2139.8
17830,5829792.1,2069040.1,186.3,260.0,17S04E01E02,189.0,139.0,138.0,134.6,131.2,56.7,-524.7,-1457.1,-2748.0,50.0,1.0,3.4,3.4,74.4,581.4,932.4,1290.9,500.0,-3248.0
17834,5831890,2067150.4,119.8,257.0,17S04E01K01,118.9,68.9,67.9,62.9,47.9,42.9,-528.5,-1489.8,-2594.3,50.0,1.0,5.0,15.0,5.0,571.4,961.3,1104.5,500.0,-3094.3
17847,5857269.9,2069517.2,276.2,700.0,17S/05E-02C02,273.3,223.3,139.6,61.4,-35.7,-169.3,-444.6,-1222.1,-1505.5,50.0,83.7,78.2,97.2,133.6,275.4,777.5,283.4,500.0,-2005.5
1789,5834781.2,2074554.9,113.9,406.0,16S/05E-31E01,113.6,73.5,68.5,-41.2,-100.8,-110.8,-495.3,-1535.0,-2295.2,40.0,5.0,109.7,59.6,10.0,384.5,1039.6,760.3,500.0,-2795.2
179,5864805.2,2039991.1,167.6,210.0,17S/06E-31M02,168.7,118.7,117.7,52.5,22.6,-130.5,-294.0,-794.0,-2012.0,50.0,1.0,65.2,29.9,153.1,163.4,500.0,1218.0,500.0,-2512.0
1790,5840223.7,2077483.9,126.7,443.0,16S/05E-30J02,126.9,76.9,71.7,-46.9,-131.3,-243.9,-483.8,-1378.5,-2003.7,50.0,5.2,118.7,84.4,112.5,240.0,894.6,625.2,500.0,-2503.7
17908,5856192.7,2062890.9,163.3,147.0,17S/05E-10A01,164.5,114.5,113.5,59.5,1.6,-116.8,-532.2,-1324.2,-1741.8,50.0,1.0,54.0,57.9,118.4,415.4,792.0,417.6,500.0,-2241.9
1792,5773994.6,2128802.0,42.9,600.0,15S/03E-07F02,42.9,-6.6,-38.3,-152.4,-249.4,-349.4,-459.0,-1321.4,-2591.9,49.4,31.7,114.2,97.0,99.9,109.6,862.4,1270.5,500.0,-3091.9
17929,5864693.2,2060519.2,0.0,315.0,17S05E12J50,216.9,166.9,165.9,105.1,39.7,-69.8,-385.4,-1205.6,-1457.8,50.0,1.0,60.8,65.4,109.5,315.6,820.2,252.2,500.0,-1957.8
17933,5862037.2,2059250.1,0.0,505.0,17S05E12P50,174.8,124.8,123.8,77.5,-8.0,-119.4,-530.5,-1266.3,-1574.4,50.0,1.0,46.2,85.6,111.4,411.1,735.8,308.1,500.0,-2074.4
17936,5860782.6,2057873.7,173.1,742.0,17S/05E-13B02,163.3,113.3,112.3,69.0,-25.5,-137.3,-653.6,-1300.3,-1610.9,50.0,1.0,43.3,94.5,111.8,516.4,646.7,310.6,500.0,-2110.9
1795,5773403.6,2135180.0,39.8,507.0,15S/03E-06D02,40.0,-25.7,-73.2,-174.2,-266.0,-412.0,-505.2,-1508.3,-2443.2,65.7,47.5,101.0,91.9,146.0,93.2,1003.1,934.9,500.0,-2943.2
17960,5847444.9,2053103.6,172.4,667.0,17S05E21B01,209.8,159.8,158.8,129.7,100.6,-118.4,-654.9,-1545.9,-2327.9,50.0,1.0,29.1,29.1,219.0,536.6,891.0,782.0,500.0,-2827.9
17973,5856563.3,2051512.3,0.0,100.0,17S05E23F50,143.4,93.4,92.4,76.7,-21.5,-146.2,-524.1,-1445.4,-2030.5,50.0,1.0,15.7,98.1,124.7,377.9,921.3,585.1,500.0,-2530.5
17975,5856563.3,2051512.3,0.0,35.0,17S05E23F52,143.4,93.4,92.4,76.7,-21.5,-146.2,-524.1,-1445.4,-2030.5,50.0,1.0,15.7,98.1,124.7,377.9,921.3,585.1,500.0,-2530.5
17976,5856563.3,2051512.3,0.0,50.0,17S05E23F53,143.4,93.4,92.4,76.7,-21.5,-146.2,-524.1,-1445.4,-2030.5,50.0,1.0,15.7,98.1,124.7,377.9,921.3,585.1,500.0,-2530.5
17977,5856563.3,2051512.3,0.0,100.0,17S05E23F54,143.4,93.4,92.4,76.7,-21.5,-146.2,-524.1,-1445.4,-2030.5,50.0,1.0,15.7,98.1,124.7,377.9,921.3,585.1,500.0,-2530.5
1799,5815734.6,2116050.7,125.0,490.0,15S04E20H50,124.2,74.2,-65.7,-123.5,-218.9,-327.4,-515.1,-1343.1,-1651.0,50.0,139.9,57.8,95.5,108.4,187.8,827.9,307.9,500.0,-2151.0
17997,5861935,2039420.0,176.7,136.0,17S/05E-36K02,183.3,133.3,132.3,52.3,37.3,-130.1,-262.4,-762.4,-2152.9,50.0,1.0,80.0,15.0,167.4,132.3,500.0,1390.5,500.0,-2652.9
18010,5866611.7,2060789.8,240.7,686.0,17S06E07M01,243.5,193.5,192.5,117.2,75.7,-35.4,-345.9,-1155.2,-1263.9,50.0,1.0,75.3,41.4,111.1,310.5,809.3,108.7,500.0,-1763.9
18011,5866549.2,2059443.9,223.6,320.0,17S06E07N01,224.1,174.1,173.1,92.3,53.9,-63.4,-358.1,-1183.4,-1365.9,50.0,1.0,80.8,38.4,117.3,294.7,825.3,182.5,500.0,-1865.9
1803,5787282.1,2113020.2,72.5,750.0,15S/03E-28A01,67.5,32.5,31.5,-93.4,-167.0,-274.0,-327.0,-1086.7,-2654.1,35.0,1.0,124.9,73.6,107.0,53.0,759.7,1567.4,500.0,-3154.1
18031,5870272.5,2055332.2,190.0,525.0,17S06E18J01,193.1,143.1,142.1,69.8,19.2,-93.2,-368.1,-1162.5,-1316.5,50.0,1.0,72.2,50.6,112.4,274.9,794.5,154.0,500.0,-1816.5
18063,5880348.7,2048627.2,241.5,189.0,17S/06E-21R01,237.9,187.9,186.9,78.7,53.2,-61.3,-204.0,-1012.7,-1167.3,50.0,1.0,108.2,25.5,114.5,142.7,808.7,154.6,500.0,-1667.3
1808,5793192.1,2130517.8,63.0,650.0,15S/03E-03R02,62.1,-24.6,-67.7,-178.6,-255.8,-397.5,-497.1,-1244.3,-2101.2,86.7,43.1,110.9,77.1,141.7,99.7,747.2,856.9,500.0,-2601.2
18084,5881695.7,2047130.9,246.4,336.0,17S06E27D01,248.8,198.8,197.8,93.3,78.9,-48.8,-189.1,-991.9,-1103.8,50.0,1.0,104.5,14.4,127.7,140.4,802.8,111.9,500.0,-1603.8
1812,5780646.6,2145544.5,63.3,623.0,14S/03E-29C01,64.0,-10.0,-85.9,-208.3,-336.6,-446.7,-531.9,-1446.3,-2102.1,74.0,75.9,122.5,128.2,110.1,85.3,914.4,655.8,500.0,-2602.1
1813,5908795.8,1999749.5,263.2,342.0,19S07E04Q01,263.1,213.1,212.1,211.1,210.1,209.1,208.1,8.1,-1252.1,50.0,1.0,1.0,1.0,1.0,1.0,200.0,1260.1,500.0,-1752.1
1816,5794263.1,2157155.3,143.4,605.0,14S/03E-10R02,141.7,49.3,39.0,-151.4,-245.4,-395.4,-695.4,-1060.7,-1313.7,92.4,10.3,190.4,94.0,150.0,300.0,365.4,252.9,500.0,-1813.7
1817,5797505.1,2169818.1,218.3,350.0,13S03E35G50,216.2,201.2,191.2,45.2,-39.7,-101.0,-155.9,-171.3,-172.3,15.0,10.0,146.0,84.9,61.3,54.9,15.5,1.0,500.0,-672.3
1820,5824390.7,2077956.3,116.2,200.0,16S04E27T53,111.5,40.8,20.6,15.6,0.6,-4.4,-265.2,-1471.1,-2719.6,70.8,20.1,5.0,15.0,5.0,260.8,1205.9,1248.6,500.0,-3219.6
1822,5917653.3,1989452.4,323.5,250.0,19S07E14N02,323.9,273.9,272.9,271.9,270.9,269.9,268.9,68.9,-996.4,50.0,1.0,1.0,1.0,1.0,1.0,200.0,1065.3,500.0,-1496.4
1823,5790891.6,2135429.3,62.6,500.0,15S/03E-03C01,61.9,-24.2,-56.2,-180.9,-256.8,-409.7,-528.5,-1213.7,-2039.1,86.1,32.0,124.8,75.9,152.9,118.8,685.2,825.4,500.0,-2539.1
1825,5782279.1,2154393.6,96.0,624.0,14S03E17F01,96.4,23.2,-80.7,-211.5,-385.6,-443.9,-743.9,-1344.0,-1831.4,73.2,103.9,130.8,174.0,58.3,300.0,600.1,487.3,500.0,-2331.4
183,5784575.6,2127790.8,53.3,249.0,15S03E09E03,53.5,-9.6,-55.5,-175.1,-267.5,-349.7,-462.0,-1192.8,-2395.5,63.2,45.9,119.6,92.4,82.3,112.3,730.8,1202.7,500.0,-2895.5
1833,5790194.6,2160326.3,144.7,622.0,14S03E10E01,144.0,58.7,29.7,-143.0,-280.4,-430.4,-495.0,-1088.3,-1523.1,85.3,29.0,172.7,137.4,150.0,64.6,593.3,434.8,500.0,-2023.1
18339,5892022.3,2034816.7,201.5,420.0,18S06E01E03,203.5,153.5,152.5,138.9,125.3,74.1,-1.4,-912.7,-955.4,50.0,1.0,13.6,13.6,51.1,75.6,911.2,42.8,500.0,-1455.4
1834,5788071.6,2161161.1,119.8,428.0,14S03E09B01,122.9,65.3,18.5,-136.2,-302.0,-452.0,-562.7,-1117.8,-1550.6,57.5,46.8,154.7,165.7,150.0,110.7,555.1,432.8,500.0,-2050.6
18341,5891926.8,2031694.1,215.1,405.0,18S06E01N01,215.4,165.4,164.4,135.8,107.2,55.4,-60.0,-960.9,-1133.5,50.0,1.0,28.6,28.6,51.8,115.4,900.9,172.7,500.0,-1633.5
1836,5785357.6,2155113.6,100.9,671.0,14S03E16E02,101.8,31.0,-54.5,-178.3,-364.2,-404.2,-704.2,-1276.8,-1624.6,70.8,85.5,123.8,185.9,40.0,300.0,572.5,347.8,500.0,-2124.6
1838,5779497.6,2121065.2,42.7,820.3,1838,42.8,-14.3,-37.8,-159.7,-239.4,-310.9,-451.5,-1110.6,-2510.1,57.1,23.5,121.9,79.6,71.6,140.6,659.1,1399.5,500.0,-3010.1
1840,5770035.5,2114583.0,141.5,751.0,15S02E25C01,144.7,119.7,118.7,117.7,116.7,115.7,114.7,113.7,-291.0,25.0,1.0,1.0,1.0,1.0,1.0,1.0,404.7,500.0,-791.0
1841,5787087.1,2113997.5,57.7,490.0,15S03E28B02,51.1,16.1,15.1,-129.3,-215.5,-300.8,-360.0,-1092.4,-2688.7,35.0,1.0,144.5,86.1,85.3,59.2,732.4,1596.3,500.0,-3188.7
18412,5882544.7,2029802.4,213.9,342.0,18S/06E-10G01,214.5,164.5,163.5,104.9,60.7,-72.8,-122.8,-472.8,-1429.8,50.0,1.0,58.6,44.2,133.5,50.0,350.0,957.0,500.0,-1929.8
18414,5885173,2028894.6,216.5,274.0,18S/06E-10J02,215.3,165.3,164.3,114.0,58.4,-39.7,-60.0,-560.0,-1365.5,50.0,1.0,50.3,55.7,98.1,20.3,500.0,805.5,500.0,-1865.5
18415,5880134.9,2026339.1,207.3,150.0,18S/06E-10N01,205.5,155.5,154.5,132.7,98.8,-48.5,-60.0,-560.0,-1560.5,50.0,1.0,21.8,33.9,147.3,11.5,500.0,1000.5,500.0,-2060.5
18416,5889191.3,2030306.1,213.2,240.0,18S/06E-11B01,211.8,161.8,160.8,108.6,75.3,9.5,-60.0,-1043.8,-1372.8,50.0,1.0,52.2,33.3,65.8,69.5,983.8,329.0,500.0,-1872.8
18419,5885830.3,2026828.7,215.0,325.0,18S/06E-11N01,214.9,164.9,163.9,119.0,61.2,-18.9,-60.0,-560.0,-1386.2,50.0,1.0,44.9,57.9,80.1,41.1,500.0,826.2,500.0,-1886.2
18422,5893518.3,2029938.1,219.3,220.0,18S06E12C02,219.2,169.2,168.2,144.0,119.8,54.5,-60.0,-932.5,-1089.9,50.0,1.0,24.2,24.2,65.3,114.5,872.5,157.3,500.0,-1589.9
1843,5800046.6,2147579.5,134.4,577.0,14S03E23J01,136.4,101.4,100.4,-58.8,-83.3,-128.6,-411.2,-1081.1,-1370.7,35.0,1.0,159.2,24.5,45.4,282.5,669.9,289.7,500.0,-1870.7
1844,5800043.1,2143518.0,134.6,802.0,14S03E25E01,135.7,57.0,52.0,-105.7,-124.9,-274.9,-498.6,-1148.4,-1502.4,78.7,5.0,157.6,19.2,150.0,223.7,649.8,354.1,500.0,-2002.4
1846,5777316.6,2130636.5,42.9,484.0,15S/03E-06R01,42.9,-6.4,-67.8,-177.3,-289.8,-380.0,-466.1,-1325.4,-2476.5,49.3,61.4,109.5,112.4,90.2,86.1,859.3,1151.2,500.0,-2976.5
18480,5887724.8,2013645.1,251.4,160.0,18S06E26K02,247.2,197.2,196.2,172.6,130.0,45.5,-4.5,-354.5,-1681.6,50.0,1.0,23.6,42.6,84.6,50.0,350.0,1327.1,500.0,-2181.6
18481,5888641.7,2012852.1,254.0,80.0,18S06E26K03,254.9,204.9,203.9,179.6,130.4,62.0,12.0,-338.0,-1679.7,50.0,1.0,24.2,49.2,68.4,50.0,350.0,1341.7,500.0,-2179.7
18484,5888762.3,2013911.7,250.8,200.0,18S06E26T50,247.3,197.3,196.3,168.4,129.9,34.8,-15.2,-365.2,-1629.6,50.0,1.0,27.9,38.5,95.2,50.0,350.0,1264.4,500.0,-2129.6
18487,5876588.5,2012448.8,468.2,680.0,18S06E28E01,468.9,418.9,417.9,171.8,153.5,86.2,36.2,-313.8,-2282.5,50.0,1.0,246.1,18.3,67.3,50.0,350.0,1968.7,500.0,-2782.5
1849,5756726.5,2165890.6,12.8,512.0,14S/02E-04H01,12.8,-68.4,-135.3,-232.4,-344.1,-501.9,-801.9,-1459.2,-1968.5,81.2,66.9,97.0,111.7,157.8,300.0,657.3,509.3,500.0,-2468.5
18496,5881035.8,2009930.7,366.9,376.0,18S06E34C01,372.1,322.1,321.1,197.8,163.0,123.9,100.0,-400.0,-2190.6,50.0,1.0,123.3,34.8,39.1,23.9,500.0,1790.6,500.0,-2690.6
18499,5880227.1,2006938.7,386.9,400.0,18S06E34N01,382.4,332.4,331.4,223.4,169.2,150.6,100.0,-400.0,-2265.1,50.0,1.0,108.0,54.3,18.6,50.6,500.0,1865.1,500.0,-2765.1
1851,5758722,2164744.8,12.8,587.0,14S/02E-03M02,12.8,-52.8,-123.4,-229.4,-351.6,-498.9,-798.9,-1465.2,-1992.3,65.5,70.7,106.0,122.3,147.3,300.0,666.3,527.1,500.0,-2492.3
1852,5786492.6,2123549.7,59.8,528.0,15S/03E-16B03,60.2,-9.4,-65.1,-185.8,-267.7,-340.1,-434.7,-1179.7,-2462.9,69.7,55.7,120.7,81.9,72.4,94.5,745.1,1283.2,500.0,-2962.9
1853,5780802.1,2128742.5,51.2,504.0,15S03E08B04,50.9,-20.2,-65.4,-168.8,-284.6,-372.2,-463.9,-1230.6,-2448.5,71.0,45.3,103.4,115.8,87.7,91.7,766.6,1217.9,500.0,-2948.5
18543,5897448.3,2023479.2,221.6,224.0,18S07E18L02,215.5,165.5,164.5,145.7,127.0,40.1,40.0,-840.2,-1106.5,50.0,1.0,18.7,18.7,86.9,0.1,880.2,266.4,500.0,-1606.5
1855,5756554,2143206.3,26.5,510.0,14S02E28J50,26.4,-21.1,-97.3,-257.7,-313.8,-449.3,-516.2,-1441.3,-2562.4,47.5,76.3,160.4,56.0,135.5,66.9,925.1,1121.1,500.0,-3062.4
18587,5896735.9,2012211.9,282.6,182.0,18S07E30P01,283.6,233.6,232.6,146.7,105.3,5.3,-94.7,-444.7,-1412.0,50.0,1.0,85.9,41.3,100.0,100.0,350.0,967.3,500.0,-1912.0
18590,5897568.4,2013787.3,273.7,208.0,18S07E30T51,274.7,224.7,223.7,140.9,94.7,-5.3,-105.3,-455.3,-1342.3,50.0,1.0,82.7,46.3,100.0,100.0,350.0,887.0,500.0,-1842.3
18596,5898947.2,2008507.6,294.1,240.0,18S07E31G01,294.4,244.4,243.4,147.0,133.0,33.0,-67.0,-417.0,-1420.6,50.0,1.0,96.4,14.0,100.0,100.0,350.0,1003.6,500.0,-1920.7
18614,5902880.1,2007836.8,280.1,200.0,18S07E32L01,279.7,229.7,228.7,146.7,132.8,32.8,-67.2,-417.2,-1322.2,50.0,1.0,82.0,13.8,100.0,100.0,350.0,905.1,500.0,-1822.3
18617,5903235.4,2005377.8,265.2,244.0,18S07E32Q02,263.9,213.9,212.9,185.9,158.9,58.9,8.9,-341.1,-1334.8,50.0,1.0,27.0,27.0,100.0,50.0,350.0,993.7,500.0,-1834.8
1862,5784943.6,2122848.5,59.9,592.0,15S03E16F02,60.1,-8.1,-69.6,-191.4,-265.5,-338.9,-444.1,-1160.1,-2518.3,68.2,61.5,121.8,74.1,73.4,105.3,715.9,1358.2,500.0,-3018.3
1863,5781287.6,2123885.5,54.4,608.0,15S/03E-17B03,54.4,-1.9,-62.4,-176.7,-261.3,-340.7,-460.8,-1157.7,-2586.8,56.4,60.5,114.3,84.6,79.4,120.1,696.9,1429.0,500.0,-3086.8
1870,5804859.1,2142136.3,160.4,790.0,14S04E30N01,159.9,124.9,123.9,-42.1,-43.1,-78.1,-550.5,-1077.7,-1361.2,35.0,1.0,166.0,1.0,35.0,472.4,527.2,283.5,500.0,-1861.2
1873,5754303,2160254.6,15.4,646.0,14S/02E-09L02,15.7,-44.6,-126.9,-223.9,-354.8,-483.9,-783.9,-1592.3,-2243.6,60.3,82.3,96.9,130.9,129.1,300.0,808.4,651.3,500.0,-2743.6
18732,5894848.5,2004638.4,316.9,252.0,19S06E01A01,316.0,266.0,265.0,215.0,197.8,97.8,47.8,-302.2,-1649.9,50.0,1.0,50.0,17.2,100.0,50.0,350.0,1347.7,500.0,-2149.9
18734,5892209.7,2003968.8,332.1,300.0,19S06E01C02,331.8,281.8,280.8,210.4,189.1,89.1,39.1,-310.9,-1784.0,50.0,1.0,70.4,21.3,100.0,50.0,350.0,1473.1,500.0,-2284.0
18742,5890892.7,2000628.1,350.0,251.0,19S06E01Q01,349.8,299.8,298.8,221.8,197.8,97.8,-2.2,-352.2,-1990.6,50.0,1.0,77.0,24.0,100.0,100.0,350.0,1638.5,500.0,-2490.6
18751,5879933.2,2002080.8,426.0,500.0,19S06E03M02,424.9,374.9,373.9,230.4,204.1,189.4,140.0,-360.0,-2359.5,50.0,1.0,143.4,26.4,14.6,49.4,500.0,1999.5,500.0,-2859.5
18756,5882321.4,1999656.4,313.7,596.0,19S06E10C01,315.6,265.6,264.6,228.9,200.4,100.4,50.4,-299.6,-2330.3,50.0,1.0,35.7,28.5,100.0,50.0,350.0,2030.8,500.0,-2830.3
18763,5886707.5,1996936.9,387.3,232.0,19S06E11L01,388.5,338.5,337.5,238.4,202.7,102.7,2.7,-347.3,-2273.8,50.0,1.0,99.2,35.6,100.0,100.0,350.0,1926.6,500.0,-2773.9
18771,5883936.5,1994432.9,562.4,220.0,19S06E15A50,-99999.0,-99999.0,-99999.0,-99999.0,-99999.0,-99999.0,647.2,210.0,-2350.1,0.0,0.0,0.0,0.0,0.0,0.0,437.2,2560.1,500.0,-2850.1
18774,5881218.8,1991806.4,731.5,401.0,19S06E15L01,735.9,710.9,709.9,708.9,707.9,706.9,705.9,680.9,-2394.9,25.0,1.0,1.0,1.0,1.0,1.0,25.0,3075.9,500.0,-2894.9
1882,5829597.7,2080345.9,109.7,560.0,16S/04E-25G01,108.4,57.9,38.3,-58.9,-106.7,-109.7,-401.1,-1540.7,-2362.7,50.4,19.7,97.2,47.7,3.1,291.3,1139.6,822.0,500.0,-2862.7
18824,5895667.8,2004389.7,311.1,925.0,19S07E06D50,312.9,262.9,261.9,219.7,202.4,102.4,52.4,-297.6,-1648.5,50.0,1.0,42.1,17.4,100.0,50.0,350.0,1350.9,500.0,-2148.5
18842,5910267,1998471.2,312.7,404.0,19S07E09H50,306.2,256.2,255.2,254.2,253.2,252.2,251.2,51.2,-1219.0,50.0,1.0,1.0,1.0,1.0,1.0,200.0,1270.3,500.0,-1719.0
1890,5888121.3,2028764.7,207.4,288.0,18S06E11L02,209.3,159.3,158.3,112.9,59.7,-14.5,-60.0,-560.0,-1322.1,50.0,1.0,45.4,53.2,74.2,45.5,500.0,762.0,500.0,-1822.1
1895,5999961.5,1892305.4,432.5,178.0,22S10E16P01,436.4,396.4,395.4,393.4,392.4,391.4,390.4,290.4,-1494.6,40.0,1.0,2.0,1.0,1.0,1.0,100.0,1785.0,500.0,-1994.6
19065,5963120.3,1935639.5,346.8,273.0,21S09E05N50,346.3,296.3,295.3,294.3,293.3,292.3,291.3,290.3,-465.9,50.0,1.0,1.0,1.0,1.0,1.0,1.0,756.3,500.0,-965.9
191,5833332.2,2077531.5,113.1,438.0,16S04E25K02,112.7,62.7,52.9,-47.7,-128.2,-140.1,-476.2,-1524.4,-2289.7,50.0,9.8,100.7,80.4,12.0,336.1,1048.2,765.2,500.0,-2789.6
1911,5824708.2,2077535.9,121.3,275.0,16S04E26M02,111.8,40.4,23.6,18.6,3.6,-1.4,-304.6,-1471.9,-2719.1,71.5,16.7,5.0,15.0,5.0,303.3,1167.3,1247.2,500.0,-3219.1
1914,5781851.1,2165841.6,120.5,550.0,14S/03E-05B02,114.0,54.0,23.1,-97.5,-340.7,-341.4,-641.4,-1175.8,-1554.4,60.0,31.0,120.6,243.2,0.7,300.0,534.4,378.6,500.0,-2054.4
1915,5781865.1,2164717.3,122.6,650.0,14S/03E-05T55,121.3,57.1,14.8,-96.7,-348.0,-356.4,-656.4,-1193.7,-1561.4,64.2,42.3,111.5,251.2,8.4,300.0,537.3,367.7,500.0,-2061.4
1917,5795698.1,2108929.5,147.3,600.0,15S03E26P01,153.1,35.9,-15.1,-121.4,-193.6,-247.8,-547.8,-1250.1,-2570.5,117.2,51.0,106.3,72.2,54.2,300.0,702.4,1320.3,500.0,-3070.5
1922,5794169.6,2109717.5,89.0,420.0,15S03E26N03,96.0,30.6,-2.8,-124.7,-198.6,-246.4,-546.4,-1205.8,-2593.6,65.4,33.4,121.9,73.9,47.8,300.0,659.4,1387.9,500.0,-3093.6
19248,5996145.5,1898773.1,423.4,134.0,22S10E08K01,422.1,372.1,371.1,370.1,369.1,368.1,367.1,366.1,-894.7,50.0,1.0,1.0,1.0,1.0,1.0,1.0,1260.9,500.0,-1394.7
19263,5995175.4,1893950.9,416.3,80.0,22S10E17L52,418.2,378.2,377.2,375.2,374.2,373.2,372.2,272.2,-1100.4,40.0,1.0,2.0,1.0,1.0,1.0,100.0,1372.6,500.0,-1600.4
193,5778570.6,2142478.3,49.6,600.0,14S/03E-29N02,48.4,-7.4,-78.0,-171.5,-259.3,-435.1,-540.5,-1487.8,-2186.6,55.8,70.6,93.5,87.8,175.7,105.5,947.2,698.8,500.0,-2686.6
1934,5796663.1,2108252.2,139.0,598.0,15S03E35B04,137.6,43.1,-13.3,-115.6,-190.8,-263.5,-563.5,-1285.6,-2636.2,94.4,56.5,102.3,75.2,72.7,300.0,722.1,1350.6,500.0,-3136.2
1935,5814890.1,2106009.5,93.5,820.3,1935,92.5,-4.8,-50.0,-121.7,-189.2,-328.5,-455.0,-1471.5,-2105.5,97.4,45.2,71.7,67.5,139.3,126.5,1016.4,634.0,500.0,-2605.5
1936,5785352.1,2127742.3,56.7,274.0,15S03E09F50,55.9,-9.1,-53.7,-173.4,-266.5,-348.8,-458.1,-1192.9,-2381.3,64.9,44.6,119.7,93.1,82.3,109.3,734.8,1188.5,500.0,-2881.3
1937,5934704.1,1957995.5,322.8,220.0,20S08E17Q01,310.9,270.9,269.9,267.9,266.9,265.9,264.9,164.9,-677.7,40.0,1.0,2.0,1.0,1.0,1.0,100.0,842.6,500.0,-1177.7
1953,5878079.3,2030712.9,195.2,162.0,18S/06E-09F01,194.5,144.5,143.5,103.5,61.5,-100.1,-190.5,-690.5,-1562.8,50.0,1.0,39.9,42.0,161.6,90.4,500.0,872.3,500.0,-2062.8
1957,5770449.5,2152225.1,55.0,406.0,14S/02E-13P50,45.7,-55.7,-100.0,-251.2,-349.7,-464.7,-490.2,-1539.4,-2155.6,101.5,44.3,151.1,98.5,115.0,25.5,1049.2,616.2,500.0,-2655.6
1962,5755920.5,2167503.3,12.7,500.0,14S/02E-04B01,12.7,-62.8,-133.5,-232.1,-330.5,-503.1,-803.1,-1440.5,-1887.0,75.5,70.8,98.6,98.4,172.7,300.0,637.3,446.6,500.0,-2387.0
1966,5822333.7,2078450.9,147.9,550.0,16S04E27K50,159.7,47.2,33.5,28.5,13.5,8.5,-108.3,-1445.4,-2844.8,112.5,13.7,5.0,15.0,5.0,116.8,1337.2,1399.4,500.0,-3344.8
197,5772063.1,2129882.8,42.7,549.0,15S/02E-12A01,42.9,-10.7,-18.0,-161.4,-245.4,-333.3,-470.0,-1354.4,-2604.2,53.6,7.3,143.4,84.0,87.9,136.7,884.4,1249.9,500.0,-3104.2
1970,5876637.3,2034165.1,185.0,200.0,18S/06E-04M02,184.8,134.8,133.8,76.1,30.2,-107.0,-349.6,-1247.6,-1567.4,50.0,1.0,57.7,45.9,137.2,242.5,898.0,319.8,500.0,-2067.4
1974,5803962.6,2147938.8,161.4,375.0,14S03E24H01,162.7,127.7,126.7,16.5,5.3,-72.8,-509.7,-956.3,-957.3,35.0,1.0,110.1,11.2,78.2,436.9,446.6,1.0,500.0,-1457.3
1979,5790233.1,2112159.0,78.7,523.0,15S03E27F01,87.8,57.3,52.3,-91.9,-191.0,-294.0,-594.0,-1119.8,-2679.8,30.6,5.0,144.2,99.1,102.9,300.0,525.8,1560.0,500.0,-3179.8
1985,5817005.1,2086713.8,105.4,215.0,16S04E21C01,106.8,53.1,7.1,-103.4,-138.8,-206.1,-506.1,-1412.3,-2562.4,53.7,46.0,110.4,35.5,67.2,300.0,906.3,1150.1,500.0,-3062.4
19993,5782432.2,2169449.0,153.8,707.0,13S03E32Q01,141.9,58.1,32.6,-74.3,-275.4,-425.4,-725.4,-1076.6,-1503.2,83.8,25.5,107.0,201.1,150.0,300.0,351.3,426.6,500.0,-2003.2
2,5823068.7,2078930.9,121.5,246.0,16S04E27G01,121.9,42.8,18.3,13.3,-1.7,-6.7,-116.7,-1455.8,-2763.7,79.1,24.5,5.0,15.0,5.0,110.0,1339.1,1307.9,500.0,-3263.7
20,5781449.6,2157507.3,96.0,577.0,14S/03E-08P02,92.5,23.2,-66.2,-183.0,-384.7,-427.1,-727.1,-1323.1,-1756.3,69.3,89.4,116.8,201.7,42.5,300.0,596.0,433.2,500.0,-2256.3
20028,5762873.1,2143210.3,33.8,585.0,14S02E26N04,33.6,-11.9,-80.6,-179.7,-286.5,-441.7,-471.8,-1612.6,-2455.0,45.5,68.7,99.0,106.8,155.1,30.1,1140.8,842.4,500.0,-2955.0
20047,5774363.5,2167011.4,93.1,608.0,14S03E06E01,93.0,-3.7,-68.4,-143.2,-304.0,-416.0,-716.0,-1261.7,-1670.4,96.7,64.6,74.8,160.8,112.0,300.0,545.7,408.7,500.0,-2170.4
20052,5791984.6,2158693.4,153.0,604.0,14S03E10P02,152.3,52.4,39.2,-144.1,-267.3,-417.3,-717.3,-1076.5,-1487.0,99.9,13.2,183.4,123.2,150.0,300.0,359.1,410.5,500.0,-1987.0
20056,5800017.9,2159804.1,160.1,380.0,14S03E11J02,157.0,117.0,112.0,-121.9,-122.9,-139.6,-203.8,-353.3,-354.3,40.0,5.0,233.9,1.0,16.7,64.2,149.5,1.0,500.0,-854.3
20090,5780398.1,2139447.9,52.7,414.0,14S/03E-32F01,52.7,-24.7,-76.9,-166.9,-256.3,-433.3,-558.5,-1425.1,-2212.7,77.5,52.1,90.1,89.3,177.0,125.2,866.5,787.7,500.0,-2712.8
20371,5871228.8,2054196.5,180.7,800.0,17S06E17N50,181.7,131.7,130.7,52.6,0.6,-110.1,-368.8,-1154.7,-1348.2,50.0,1.0,78.1,52.0,110.7,258.7,785.9,193.6,500.0,-1848.2
20374,5875197.2,2048548.1,183.8,246.0,17S06E20R01,184.5,134.5,133.5,19.3,-32.5,-118.0,-388.7,-1134.4,-1320.8,50.0,1.0,114.2,51.8,85.5,270.7,745.7,186.4,500.0,-1820.8
204,5822574.7,2081360.0,112.3,300.0,16S04E27B02,119.6,39.9,3.2,-15.8,-34.8,-44.8,-344.8,-1460.3,-2664.3,79.7,36.7,19.0,19.0,10.0,300.0,1115.5,1204.0,500.0,-3164.3
20408,5865464.7,2035724.0,185.6,199.0,18S06E06E03,189.7,139.7,138.7,60.9,32.7,-123.1,-252.2,-752.2,-2100.8,50.0,1.0,77.8,28.1,155.9,129.0,500.0,1348.6,500.0,-2600.8
20412,5892643.3,2025526.2,223.5,255.0,18S06E13C01,223.8,173.8,172.8,106.4,98.8,19.9,-30.1,-380.1,-1373.8,50.0,1.0,66.4,7.6,78.8,50.0,350.0,993.8,500.0,-1873.8
20416,5895323.8,2018857.7,232.0,238.0,18S/06E-24H01,232.2,182.2,181.2,132.4,101.3,21.7,-28.3,-378.3,-1335.6,50.0,1.0,48.8,31.1,79.6,50.0,350.0,957.3,500.0,-1835.6
20430,5903176.8,2006657.3,261.8,244.0,18S07E32Q01,263.5,213.5,212.5,164.3,146.5,46.5,-3.5,-353.5,-1319.3,50.0,1.0,48.2,17.8,100.0,50.0,350.0,965.9,500.0,-1819.3
20493,5996119.2,1897451.9,414.1,126.0,22S10E08Q01,409.4,359.4,358.4,357.4,356.4,355.4,354.4,353.4,-1086.5,50.0,1.0,1.0,1.0,1.0,1.0,1.0,1439.9,500.0,-1586.5
20560,5814814.2,2094225.6,79.6,174.0,16S04E09M01,79.7,44.5,5.5,-40.1,-85.7,-161.7,-177.0,-1450.4,-2421.3,35.2,39.0,45.6,45.6,76.0,15.3,1273.4,970.9,500.0,-2921.3
20561,5821359.5,2083888.9,106.8,249.0,16S04E22L02,118.5,44.6,-4.7,-104.9,-132.7,-142.7,-442.7,-1453.1,-2572.9,73.9,49.3,100.3,27.8,10.0,300.0,1010.5,1119.8,500.0,-3072.9
20658,5783517.5,2139798.6,54.1,510.0,14S/03E-32H02,54.0,-22.8,-75.0,-175.4,-268.9,-415.4,-559.2,-1347.8,-2147.1,76.9,52.1,100.5,93.4,146.6,143.8,788.6,799.3,500.0,-2647.1
20683,5854466.6,2059736.7,150.4,254.0,17S05E10R01,149.0,99.0,98.0,52.3,3.5,-124.4,-603.0,-1391.7,-1922.6,50.0,1.0,45.7,48.8,127.9,478.6,788.7,531.0,500.0,-2422.6
20769,5775843.6,2157903.3,74.0,296.0,14S/03E-07P02,56.0,-20.7,-112.3,-195.3,-369.9,-455.8,-475.5,-1407.6,-1889.1,76.7,91.6,83.0,174.7,85.8,19.8,932.0,481.5,500.0,-2389.1
20806,5895642.9,2026932.4,220.9,1000.0,18S06E12R03,221.7,171.7,170.7,151.6,132.6,39.7,-20.0,-876.5,-1100.8,50.0,1.0,19.1,19.1,92.8,59.7,856.5,224.4,500.0,-1600.8
20837,5803661.8,2170220.6,540.7,150.0,13S03E36G,-99999.0,-99999.0,-99999.0,-99999.0,-99999.0,-99999.0,-99999.0,-99999.0,573.2,0.0,0.0,0.0,0.0,0.0,0.0,0.0,0.0,500.0,73.2
20841,5756763.4,2155547.7,22.7,620.0,14S02E16H,22.7,-28.2,-90.4,-219.2,-326.4,-466.3,-766.3,-1633.4,-2318.2,50.9,62.2,128.8,107.2,139.9,300.0,867.0,684.9,500.0,-2818.3
20842,5768799,2148773.8,35.8,622.0,14S/02E-24M51,36.4,-53.5,-94.0,-217.3,-297.1,-418.7,-454.8,-1587.5,-2246.5,89.9,40.5,123.3,79.8,121.6,36.1,1132.7,659.0,500.0,-2746.5
20844,5782568,2159018.9,102.6,738.0,14S03E08K50,99.8,46.2,-38.7,-156.8,-383.6,-410.6,-710.6,-1284.6,-1645.7,53.7,84.9,118.0,226.8,27.0,300.0,574.0,361.1,500.0,-2145.7
20845,5774451.8,2155259.1,71.5,460.0,14S03E18E50,70.5,-33.0,-105.9,-236.8,-376.4,-487.3,-787.3,-1461.6,-2019.0,103.5,72.9,130.9,139.6,110.9,300.0,674.3,557.4,500.0,-2519.0
20847,5786623.3,2126881.1,60.8,256.0,15S03E09K,60.6,-12.5,-52.0,-169.6,-264.5,-345.8,-445.2,-1193.2,-2374.8,73.1,39.5,117.6,94.9,81.3,99.4,748.0,1181.7,500.0,-2874.8
20848,5785270.8,2126925.0,56.8,256.0,15S03E09L,56.5,-11.7,-54.8,-175.5,-265.7,-343.2,-457.2,-1188.7,-2402.2,68.2,43.1,120.7,90.2,77.5,114.0,731.5,1213.5,500.0,-2902.2
20851,5794571.8,2126579.4,63.0,484.0,15S03E11M,62.8,-11.3,-86.6,-184.9,-271.0,-398.4,-490.3,-1283.8,-2146.8,74.1,75.3,98.3,86.1,127.4,91.9,793.6,863.0,500.0,-2646.8
20852,5802479.6,2120911.4,72.8,590.0,15S03E13K,72.7,-26.2,-107.2,-207.0,-279.6,-418.2,-472.4,-1467.5,-2066.4,98.9,81.1,99.8,72.6,138.6,54.2,995.1,598.9,500.0,-2566.4
20853,5797229,2123806.1,68.3,484.0,15S03E14B,68.6,-33.1,-102.5,-185.3,-263.4,-393.3,-509.8,-1369.5,-2152.3,101.6,69.5,82.8,78.1,129.9,116.5,859.8,782.8,500.0,-2652.3
20854,5795840.4,2122480.0,64.9,272.0,15S03E14F,65.7,-20.0,-88.0,-178.9,-263.6,-382.3,-464.9,-1352.0,-2220.8,85.7,68.1,90.8,84.8,118.7,82.6,887.1,868.9,500.0,-2720.9
20856,5798500.4,2119658.1,54.9,570.0,15S03E14RA,57.2,-15.6,-93.0,-185.3,-289.4,-386.1,-421.2,-1421.1,-2231.1,72.8,77.4,92.3,104.1,96.7,35.1,999.9,810.1,500.0,-2731.1
20857,5798500.4,2119658.1,54.9,500.0,15S03E14RB,57.2,-15.6,-93.0,-185.3,-289.4,-386.1,-421.2,-1421.1,-2231.1,72.8,77.4,92.3,104.1,96.7,35.1,999.9,810.1,500.0,-2731.1
20858,5791848.4,2123968.3,63.5,452.0,15S03E15B12,63.2,1.6,-63.1,-162.0,-274.6,-390.7,-424.4,-1241.3,-2328.2,61.6,64.7,98.9,112.6,116.1,33.6,816.9,1086.9,500.0,-2828.2
20859,5785118.4,2122882.3,60.0,592.0,15S/03E-3E16F,60.1,-8.1,-69.6,-191.4,-265.5,-338.9,-444.1,-1160.1,-2518.3,68.2,61.5,121.8,74.1,73.4,105.3,715.9,1358.2,500.0,-3018.3
20860,5787779.5,2121377.5,62.4,572.0,15S03E16J,62.4,8.4,-57.0,-189.9,-274.5,-346.1,-427.9,-1173.9,-2485.8,54.0,65.4,132.9,84.7,71.6,81.7,746.0,1311.9,500.0,-2985.8
20861,5787779.5,2121377.5,62.4,572.0,15S03E16J02,62.4,8.4,-57.0,-189.9,-274.5,-346.1,-427.9,-1173.9,-2485.8,54.0,65.4,132.9,84.7,71.6,81.7,746.0,1311.9,500.0,-2985.8
20862,5783714.1,2121656.2,58.0,688.0,15S03E16M,58.1,-4.9,-64.0,-191.7,-264.1,-342.7,-449.7,-1136.3,-2577.2,62.9,59.2,127.7,72.4,78.6,106.9,686.7,1440.9,500.0,-3077.2
20864,5783664.7,2120361.3,65.2,600.0,15S03E16NA,64.8,-5.0,-45.2,-189.0,-259.1,-339.8,-447.5,-1113.8,-2597.1,69.8,40.2,143.8,70.1,80.7,107.8,666.3,1483.3,500.0,-3097.1
20865,5783664.7,2120361.3,65.2,224.0,15S03E16NB,64.8,-5.0,-45.2,-189.0,-259.1,-339.8,-447.5,-1113.8,-2597.1,69.8,40.2,143.8,70.1,80.7,107.8,666.3,1483.3,500.0,-3097.1
20866,5783664.7,2120361.3,65.2,247.0,15S03E16NC,64.8,-5.0,-45.2,-189.0,-259.1,-339.8,-447.5,-1113.8,-2597.1,69.8,40.2,143.8,70.1,80.7,107.8,666.3,1483.3,500.0,-3097.1
20867,5783664.7,2120361.3,65.2,194.0,15S03E16ND,64.8,-5.0,-45.2,-189.0,-259.1,-339.8,-447.5,-1113.8,-2597.1,69.8,40.2,143.8,70.1,80.7,107.8,666.3,1483.3,500.0,-3097.1
20868,5783664.7,2120361.3,65.2,195.0,15S03E16NE,64.8,-5.0,-45.2,-189.0,-259.1,-339.8,-447.5,-1113.8,-2597.1,69.8,40.2,143.8,70.1,80.7,107.8,666.3,1483.3,500.0,-3097.1
20869,5783664.7,2120361.3,65.2,190.0,15S03E16NF,64.8,-5.0,-45.2,-189.0,-259.1,-339.8,-447.5,-1113.8,-2597.1,69.8,40.2,143.8,70.1,80.7,107.8,666.3,1483.3,500.0,-3097.1
20870,5785019.3,2120281.4,75.3,580.0,15S/03E-3E16P,73.5,1.2,-46.5,-191.5,-261.5,-341.4,-442.3,-1127.4,-2567.0,72.3,47.7,145.0,70.0,79.9,100.9,685.0,1439.7,500.0,-3067.0
20872,5782445,2123020.1,55.6,606.0,15S/03E-3E17H,55.5,-2.3,-63.9,-185.4,-264.0,-342.8,-457.1,-1140.6,-2593.8,57.8,61.6,121.4,78.6,78.7,114.4,683.4,1453.2,500.0,-3093.8
20873,5781112.4,2121790.9,53.2,664.0,15S/03E-3E17K,53.6,-5.4,-54.9,-175.2,-258.4,-333.9,-453.9,-1122.7,-2582.9,59.0,49.5,120.3,83.2,75.5,120.0,668.7,1460.3,500.0,-3082.9
20874,5778501.4,2120653.2,54.9,271.0,15S03E17N,54.2,29.2,28.2,27.2,26.2,25.2,24.2,23.2,-2455.1,25.0,1.0,1.0,1.0,1.0,1.0,1.0,2478.3,500.0,-2955.1
20875,5779783.2,2120581.2,43.7,800.0,15S03E17P,41.9,-14.0,-30.8,-160.8,-239.0,-309.0,-450.7,-1103.4,-2510.3,55.9,16.8,130.0,78.2,70.0,141.7,652.7,1406.9,500.0,-3010.3
20876,5779783.2,2120581.2,43.7,800.0,15S03E17PA,41.9,-14.0,-30.8,-160.8,-239.0,-309.0,-450.7,-1103.4,-2510.3,55.9,16.8,130.0,78.2,70.0,141.7,652.7,1406.9,500.0,-3010.3
20877,5779783.2,2120581.2,43.7,800.0,15S03E17PQ,41.9,-14.0,-30.8,-160.8,-239.0,-309.0,-450.7,-1103.4,-2510.3,55.9,16.8,130.0,78.2,70.0,141.7,652.7,1406.9,500.0,-3010.3
20879,5777291.5,2124484.0,46.1,482.0,15S03E18A,47.7,-6.8,-53.5,-144.0,-231.3,-320.7,-460.7,-1190.2,-2578.4,54.5,46.7,90.5,87.3,89.4,140.0,729.5,1388.1,500.0,-3078.4
20880,5777246.2,2123231.4,31.8,475.0,15S03E18H,31.0,-12.2,-43.5,-145.1,-222.5,-308.9,-460.2,-1157.4,-2513.9,43.2,31.3,101.6,77.4,86.4,151.3,697.2,1356.5,500.0,-3013.9
20881,5777201,2121979.0,45.7,514.0,15S03E18J,46.0,-6.2,-11.2,-143.9,-205.4,-292.4,-455.1,-1117.7,-2426.8,52.2,5.0,132.7,61.6,86.9,162.8,662.6,1309.1,500.0,-2926.8
20882,5784844.4,2114946.7,67.8,506.0,15S03E21P,68.5,43.5,42.5,41.5,40.5,39.5,38.5,37.5,-2604.0,25.0,1.0,1.0,1.0,1.0,1.0,1.0,2641.6,500.0,-3104.0
20883,5790218.9,2118539.9,63.0,600.0,15S03E22C,63.0,11.9,-47.9,-183.7,-291.6,-359.7,-370.3,-1205.6,-2484.5,51.1,59.8,135.8,107.9,68.1,10.7,835.2,1278.9,500.0,-2984.5
20884,5788872.4,2117211.7,69.8,302.0,15S03E22E,69.1,16.0,-32.3,-185.0,-281.7,-362.8,-386.2,-1152.5,-2547.2,53.1,48.3,152.7,96.7,81.1,23.4,766.3,1394.7,500.0,-3047.2
20885,5790193.1,2117180.5,63.2,272.0,15S03E22F,63.4,16.8,-42.6,-185.0,-288.2,-364.6,-664.6,-1183.9,-2507.9,46.6,59.4,142.4,103.2,76.4,300.0,519.3,1324.0,500.0,-3007.9
20886,5791513.5,2117148.0,65.1,250.0,15S03E22G,65.0,19.9,-48.3,-180.1,-287.5,-359.9,-659.9,-1222.3,-2485.6,45.1,68.2,131.7,107.4,72.4,300.0,562.4,1263.3,500.0,-2985.6
20887,5792803,2115757.0,63.9,616.0,15S03E22J,63.3,24.1,-46.4,-176.8,-282.5,-355.2,-655.2,-1237.1,-2492.8,39.2,70.5,130.4,105.7,72.7,300.0,581.9,1255.7,500.0,-2992.8
20889,5803577.6,2116810.6,59.1,300.0,15S03E24A,59.3,-28.0,-86.2,-160.6,-241.2,-417.6,-423.8,-1516.2,-2146.5,87.3,58.2,74.4,80.6,176.4,6.2,1092.4,630.3,500.0,-2646.5
20890,5800874.1,2114189.3,57.0,392.0,15S03E24N,56.6,0.5,-49.7,-143.4,-247.4,-396.9,-696.9,-1473.2,-2327.2,56.1,50.1,93.7,104.1,149.5,300.0,776.2,854.0,500.0,-2827.2
20891,5802162.2,2112815.7,60.6,360.0,15S03E25B,60.9,1.6,-47.6,-139.1,-228.4,-376.2,-676.2,-1494.7,-2329.6,59.3,49.1,91.5,89.3,147.8,300.0,818.4,834.9,500.0,-2829.6
20893,5798179.3,2112916.7,60.2,460.0,15S03E26A,59.6,20.8,-32.6,-152.4,-265.2,-360.2,-660.2,-1388.7,-2433.2,38.8,53.4,119.8,112.8,95.0,300.0,728.5,1044.5,500.0,-2933.2
20894,5794081.3,2113021.7,55.3,326.0,15S03E26D,56.9,21.8,-38.0,-170.8,-261.1,-319.8,-619.8,-1254.4,-2528.7,35.1,59.8,132.8,90.3,58.7,300.0,634.6,1274.3,500.0,-3028.8
20895,5798114.6,2110250.1,71.7,252.0,15S03E26JB,76.7,27.6,-22.0,-150.0,-227.1,-300.8,-600.8,-1351.1,-2489.6,49.1,49.6,128.1,77.1,73.7,300.0,750.3,1138.5,500.0,-2989.6
20896,5796750.1,2110286.7,71.3,260.0,15S03E26KA,71.4,25.0,-27.4,-153.6,-227.9,-275.1,-575.1,-1301.3,-2486.4,46.5,52.4,126.2,74.3,47.2,300.0,726.3,1185.1,500.0,-2986.4
20897,5788799.6,2113168.5,43.0,500.0,15S03E27D,55.4,20.4,19.4,-103.6,-198.0,-297.0,-597.0,-1104.8,-2673.1,35.0,1.0,123.0,94.4,99.0,300.0,507.8,1568.3,500.0,-3173.1
20898,5788774.3,2111838.0,102.7,652.0,15S03E27E,119.5,84.5,83.5,-45.6,-109.4,-262.2,-265.6,-1089.4,-2663.2,35.0,1.0,129.1,63.7,152.8,3.4,823.9,1573.8,500.0,-3163.2
20899,5790086.7,2111801.0,113.4,540.0,15S03E27F02,114.8,82.7,77.7,-73.4,-163.5,-284.4,-584.4,-1109.1,-2691.4,32.1,5.0,151.1,90.1,121.0,300.0,524.6,1582.3,500.0,-3191.4
20900,5796688.2,2107660.1,161.2,334.0,15S03E35B,167.0,51.0,-4.0,-96.4,-174.9,-260.4,-560.4,-1274.5,-2662.6,116.0,55.0,92.4,78.5,85.5,300.0,714.1,1388.1,500.0,-3162.6
20901,5799363.4,2106319.9,80.4,185.0,15S03E36E,80.2,43.1,5.8,-83.4,-160.8,-306.4,-606.4,-1369.6,-2547.3,37.0,37.3,89.3,77.4,145.6,300.0,763.2,1177.8,500.0,-3047.3
20902,5802010.3,2106241.0,73.7,195.0,15S03E36GA,74.7,22.4,-3.4,-81.2,-163.9,-314.2,-614.2,-1439.9,-2490.0,52.3,25.8,77.8,82.7,150.3,300.0,825.7,1050.2,500.0,-2990.0
20903,5806208.5,2114051.2,59.2,296.0,15S04E19N,57.8,-26.0,-88.8,-156.1,-218.2,-345.9,-492.8,-1530.9,-2141.1,83.8,62.8,67.3,62.1,127.7,146.9,1038.1,610.2,500.0,-2641.1
20904,5811650,2113907.2,82.8,652.0,15S04E20N,83.5,-49.7,-92.5,-149.7,-226.8,-327.0,-517.0,-1420.5,-1933.9,133.2,42.8,57.2,77.1,100.2,190.1,903.5,513.4,500.0,-2433.9
20933,5897980.9,2015282.1,266.2,300.0,18S07E30C50,265.3,215.3,214.3,138.9,90.0,44.7,-55.3,-405.3,-1353.3,50.0,1.0,75.5,48.9,45.3,100.0,350.0,948.0,500.0,-1853.3
20934,5933181.8,1967048.1,322.3,1020.0,20S08E08C0X,323.4,273.4,272.4,271.4,270.4,269.4,268.4,68.4,-973.5,50.0,1.0,1.0,1.0,1.0,1.0,200.0,1041.9,500.0,-1473.5
20935,5951926.1,1949203.2,315.3,704.0,20S08E26H,316.2,216.2,215.2,214.2,213.2,212.2,211.2,260.2,-382.8,100.0,1.0,1.0,1.0,1.0,1.0,-49.0,643.0,500.0,-882.8
21139,5772069.1,2126207.5,43.9,600.0,15S02E12R01,44.0,33.0,28.0,-140.3,-215.6,-293.0,-456.3,-1243.6,-2470.2,10.9,5.0,168.3,75.3,77.4,163.3,787.3,1226.6,500.0,-2970.2
21149,5882902.8,2043230.7,218.9,920.0,17S06E27N50,220.6,170.6,169.6,81.7,80.2,-47.8,-236.9,-1021.7,-1177.4,50.0,1.0,87.9,1.5,128.0,189.1,784.8,155.7,500.0,-1677.4
21150,5882902.8,2043230.7,218.9,920.0,17S06E27N51,220.6,170.6,169.6,81.7,80.2,-47.8,-236.9,-1021.7,-1177.4,50.0,1.0,87.9,1.5,128.0,189.1,784.8,155.7,500.0,-1677.4
21167,5879210.5,2012948.9,402.8,860.0,18S06E28J02,404.1,354.1,353.1,172.2,155.8,94.6,44.6,-305.4,-2169.2,50.0,1.0,180.9,16.4,61.2,50.0,350.0,1863.8,500.0,-2669.2
21201,5836143.7,2070213.6,123.2,300.0,17S05E06C01,123.7,73.7,72.7,19.0,-34.7,-44.7,-499.2,-1549.1,-2331.8,50.0,1.0,53.7,53.7,10.0,454.5,1049.9,782.7,500.0,-2831.8
21202,5836146.2,2070213.9,123.2,115.0,17S05E06C02,123.7,73.7,72.7,19.0,-34.7,-44.7,-499.2,-1549.1,-2331.8,50.0,1.0,53.7,53.7,10.0,454.5,1049.9,782.7,500.0,-2831.8
21203,5836363.2,2070511.0,123.9,300.0,16S05E31P01,124.0,74.0,73.0,-35.6,-52.7,-62.7,-495.5,-1548.0,-2313.9,50.0,1.0,108.6,17.1,10.0,432.8,1052.4,765.9,500.0,-2813.9
21204,5836370.2,2070513.6,123.8,115.0,16S05E31P02,124.0,74.0,73.0,-35.6,-52.7,-62.7,-495.5,-1548.0,-2313.9,50.0,1.0,108.6,17.1,10.0,432.8,1052.4,765.9,500.0,-2813.9
21205,5813824.6,2095090.4,77.7,295.0,16S04E08H03,77.9,44.0,5.0,-38.6,-82.1,-168.9,-170.6,-1454.4,-2422.0,33.9,39.1,43.5,43.5,86.7,1.7,1283.8,967.5,500.0,-2922.0
21206,5813573.1,2095135.6,77.6,295.0,16S04E08H02,77.5,47.1,7.5,-32.7,-72.9,-170.8,-470.8,-1446.7,-2442.5,30.5,39.6,40.2,40.2,97.9,300.0,975.9,995.8,500.0,-2942.5
21208,5813821.1,2095086.8,77.7,140.0,16S04E08H04,77.9,44.0,5.0,-38.6,-82.1,-168.9,-170.6,-1454.4,-2422.0,33.9,39.1,43.5,43.5,86.7,1.7,1283.8,967.5,500.0,-2922.0
21209,5880147.3,2038685.7,191.1,260.0,17S06E33R01,193.6,143.6,142.6,55.4,2.6,-95.6,-374.2,-1151.7,-1439.7,50.0,1.0,87.2,52.7,98.2,278.6,777.5,288.0,500.0,-1939.7
21210,5880148.8,2038673.5,191.9,120.0,17S06E33R02,193.6,143.6,142.6,55.4,2.6,-95.6,-374.2,-1151.7,-1439.7,50.0,1.0,87.2,52.7,98.2,278.6,777.5,288.0,500.0,-1939.7
21262,5785796,2189106.1,259.0,380.0,13S03E09N52,248.1,233.1,223.1,97.6,96.6,-32.6,-310.9,-860.0,-861.0,15.0,10.0,125.6,1.0,129.2,278.3,549.1,1.0,500.0,-1361.0
21273,5785652,2183821.0,207.5,375.0,13S03E16N56,218.6,203.6,193.6,84.7,76.3,-98.8,-354.6,-917.6,-1119.0,15.0,10.0,108.9,8.4,175.1,255.8,563.0,201.5,500.0,-1619.0
21290,5826340.6,2074070.9,154.8,450.0,16S04E35D50,159.1,109.1,108.1,103.1,88.1,83.1,-406.2,-1418.8,-2794.4,50.0,1.0,5.0,15.0,5.0,489.2,1012.7,1375.5,500.0,-3294.4
21291,5760117.8,2183147.1,24.6,300.0,13S02E22C50,49.6,8.0,3.0,-170.9,-289.7,-394.8,-694.8,-1308.7,-1702.8,41.6,5.0,173.9,118.8,105.1,300.0,613.9,394.2,500.0,-2202.9
21293,5775234,2191971.9,317.3,420.0,13S03E07E57,326.5,276.5,184.5,10.1,-13.8,-181.9,-481.9,-961.7,-1326.0,50.0,92.0,174.4,23.9,168.0,300.0,479.9,364.3,500.0,-1826.0
213,5839475.2,2074461.8,124.3,450.0,16S05E31H50,124.2,84.4,79.4,-33.5,-112.4,-222.1,-472.1,-1450.6,-2118.2,39.9,5.0,112.9,78.9,109.7,250.0,978.5,667.6,500.0,-2618.2
21314,5883521.3,2020925.0,225.3,95.0,18S06E22B04,228.0,178.0,177.0,149.0,114.9,11.3,-38.7,-388.7,-1629.6,50.0,1.0,28.1,34.1,103.6,50.0,350.0,1240.9,500.0,-2129.6
21328,5915760.1,1981893.0,386.1,300.0,19S07E27A03,391.3,341.3,340.3,339.3,338.3,337.3,336.3,136.3,-1185.9,50.0,1.0,1.0,1.0,1.0,1.0,200.0,1322.2,500.0,-1685.9
21361,5801931.4,2151738.4,100.2,620.0,14S03E13P50,118.4,83.4,82.4,-2.8,-52.7,-124.7,-382.6,-873.0,-874.0,35.0,1.0,85.2,49.9,72.0,257.9,490.4,1.0,500.0,-1374.0
21362,5768176.4,2165965.9,63.5,570.0,14S02E02H51,55.3,-23.0,-117.3,-191.7,-342.3,-476.6,-776.6,-1372.2,-1799.2,78.3,94.3,74.4,150.5,134.3,300.0,595.7,427.0,500.0,-2299.2
21365,5892189.8,2000951.4,342.0,380.0,19S06E01P50,342.8,292.8,291.8,220.5,198.5,98.5,-1.5,-351.5,-1901.3,50.0,1.0,71.3,22.0,100.0,100.0,350.0,1549.7,500.0,-2401.3
21386,5910025.2,2018865.5,220.8,260.0,18S07E21G02,221.0,171.0,170.0,101.7,81.8,-18.2,-118.2,-155.5,-165.5,50.0,1.0,68.3,19.9,100.0,100.0,37.3,10.0,500.0,-665.5
21398,5765348.4,2167280.5,63.6,560.0,14S02E02C04,62.9,-11.0,-107.2,-193.7,-346.4,-485.3,-785.3,-1371.5,-1789.1,73.9,96.2,86.5,152.8,138.9,300.0,586.1,417.6,500.0,-2289.1
214,5775087.1,2161866.3,76.0,600.0,14S03E07D50,76.2,-22.6,-89.0,-160.5,-355.0,-448.3,-450.1,-1341.7,-1789.3,98.8,66.4,71.5,194.5,93.3,1.8,891.6,447.5,500.0,-2289.3
21510,5808020.5,2127507.2,83.8,590.0,15S04E07G50,84.3,-5.9,-44.2,-131.1,-236.0,-362.1,-513.6,-1288.0,-1666.3,90.2,38.2,87.0,104.9,126.1,151.5,774.4,378.4,500.0,-2166.3
21551,5871140.1,2051602.5,179.5,955.0,17S06E20E50,179.4,129.4,128.4,46.4,-23.9,-162.4,-431.2,-1192.2,-1417.0,50.0,1.0,82.0,70.3,138.5,268.7,761.0,224.8,500.0,-1917.0
21595,5810647.2,2118645.0,85.4,590.0,15S04E17T50,86.6,-30.9,-49.8,-117.0,-223.0,-354.9,-543.6,-1385.8,-1846.8,117.5,18.9,67.2,106.0,131.9,188.6,842.2,461.0,500.0,-2346.8
21621,5808129.7,2131530.5,89.0,1000.0,15S04E06K50,88.5,-3.4,-10.3,-98.1,-203.9,-282.2,-525.3,-1216.4,-1557.2,91.9,6.9,87.8,105.8,78.3,243.1,691.1,340.8,500.0,-2057.2
21626,5988670.9,1912373.1,384.3,120.0,22S09E01B01,384.1,284.1,283.1,282.1,281.1,280.1,279.1,328.1,-711.2,100.0,1.0,1.0,1.0,1.0,1.0,-49.0,1039.3,500.0,-1211.2
21628,5993378.6,1897848.6,416.3,140.0,22S10E06C01,415.8,375.8,374.8,372.8,371.8,370.8,369.8,269.8,-1562.7,40.0,1.0,2.0,1.0,1.0,1.0,100.0,1832.5,500.0,-2062.7
21629,5866150.6,2064976.7,290.8,720.0,17S06E06N50,291.5,241.5,240.5,165.4,158.8,61.6,-401.6,-1022.3,-1023.3,50.0,1.0,75.0,6.6,97.2,463.2,620.7,1.0,500.0,-1523.3
21631,5879106.8,2050073.9,244.2,400.0,17S06E21K50,239.4,189.4,188.4,67.0,34.5,-63.2,-246.9,-1021.4,-1180.0,50.0,1.0,121.4,32.5,97.7,183.7,774.5,158.5,500.0,-1679.9
21632,5795414.8,2159854.0,163.0,570.0,14S/03E-11E50,161.3,79.8,74.8,-142.6,-203.9,-353.9,-653.9,-996.8,-1066.0,81.5,5.0,217.4,61.3,150.0,300.0,342.9,69.2,500.0,-1566.0
21635,5920152.4,1970591.0,403.2,600.0,20S07E02G50,410.8,385.8,384.8,383.8,382.8,381.8,380.8,130.0,-1114.2,25.0,1.0,1.0,1.0,1.0,1.0,250.8,1244.2,500.0,-1614.2
21655,5750222,2151411.6,102.8,840.0,14S02E20B03,103.9,1.0,-91.0,-250.7,-325.2,-467.0,-767.0,-1512.0,-2476.2,102.9,92.1,159.7,74.5,141.8,300.0,745.0,964.3,500.0,-2976.3
21667,5748224.5,2157688.3,56.2,140.0,14S02E17C02,50.7,-28.5,-128.4,-230.6,-301.2,-489.0,-789.0,-1609.4,-2374.1,79.3,99.8,102.2,70.6,187.8,300.0,820.4,764.7,500.0,-2874.1
21670,5802766.7,2133049.4,95.9,500.0,15S03E01G50,93.1,-5.2,-10.2,-94.3,-215.8,-391.2,-553.4,-1272.8,-1701.9,98.3,5.0,84.1,121.5,175.4,162.3,719.4,429.1,500.0,-2201.9
21676,5753995,2146957.8,37.6,608.0,14S02E28C01,39.7,-24.7,-95.2,-272.9,-322.8,-454.4,-491.8,-1489.1,-2514.1,64.4,70.5,177.7,49.9,131.6,37.4,997.3,1025.0,500.0,-3014.1
21738,5851437.7,2067921.2,154.7,1000.0,17S05E03F51,157.2,107.2,106.2,40.5,-45.3,-186.8,-469.0,-1335.7,-1808.0,50.0,1.0,65.7,85.7,141.6,282.1,866.7,472.3,500.0,-2308.0
21758,5790787.4,2178439.7,243.1,520.0,13S03E22N56,190.9,179.6,174.6,86.0,85.0,-70.9,-205.6,-772.9,-773.9,11.3,5.0,88.7,1.0,155.9,134.7,567.3,1.0,500.0,-1273.9
21778,5992632.4,1898845.0,421.3,134.0,21S10E31R01,423.3,383.3,382.3,380.3,379.3,378.3,377.3,277.3,-1631.5,40.0,1.0,2.0,1.0,1.0,1.0,100.0,1908.8,500.0,-2131.5
21804,5791739.5,2172818.7,276.4,900.0,13S03E27P50,271.8,221.8,182.3,35.3,-12.2,-150.6,-256.8,-917.6,-1030.2,50.0,39.5,147.0,47.4,138.4,106.2,660.7,112.7,500.0,-1530.2
21824,5773954.8,2196037.2,400.8,700.0,13S02E01J51,410.7,360.7,204.1,63.5,55.8,-118.4,-418.4,-992.9,-1272.9,50.0,156.6,140.6,7.6,174.3,300.0,574.5,280.0,500.0,-1772.9
21836,5746830.4,2170339.5,12.6,273.0,13S02E31J50,12.6,-42.2,-103.1,-200.3,-299.7,-557.2,-857.2,-1485.1,-2157.1,54.7,60.9,97.2,99.5,257.5,300.0,627.9,672.0,500.0,-2657.1
21839,5754404,2160954.0,14.2,273.0,14S02E09F50,14.3,-54.1,-132.0,-224.4,-355.7,-488.4,-788.4,-1576.9,-2216.5,68.4,78.0,92.4,131.3,132.7,300.0,788.5,639.7,500.0,-2716.5
21868,5851545.7,2081425.6,267.1,255.0,16S05E22N50,267.7,170.7,34.8,-17.4,-67.6,-232.4,-464.1,-1120.6,-1442.0,97.0,135.9,52.2,50.3,164.7,231.8,656.4,321.4,500.0,-1942.0
21884,5755627.8,2159568.6,17.2,273.0,14S02E09K51,17.4,-39.5,-118.7,-221.4,-351.1,-475.3,-775.3,-1589.7,-2240.3,56.9,79.1,102.7,129.8,124.1,300.0,814.5,650.6,500.0,-2740.3
21885,5759417.9,2155770.9,22.8,273.0,14S02E15D50,22.8,-42.0,-101.9,-228.7,-327.8,-470.8,-770.8,-1606.2,-2269.7,64.7,59.9,126.9,99.1,143.0,300.0,835.4,663.5,500.0,-2769.7
21887,5756845.3,2158180.1,21.1,273.0,14S02E09R50,22.0,-26.0,-102.1,-221.1,-340.7,-465.1,-765.1,-1602.5,-2261.7,48.0,76.1,119.1,119.5,124.4,300.0,837.4,659.2,500.0,-2761.7
21888,5751779.5,2156990.6,21.1,273.0,14S02E17A50,20.3,-29.3,-112.2,-228.0,-328.8,-481.9,-781.9,-1642.7,-2367.1,49.6,82.9,115.8,100.7,153.1,300.0,860.8,724.4,500.0,-2867.1
21889,5751916.1,2163685.6,13.3,273.0,14S02E05R50,13.3,-63.9,-140.0,-227.3,-352.6,-509.9,-809.9,-1540.7,-2143.8,77.2,76.1,87.3,125.2,157.4,300.0,730.7,603.1,500.0,-2643.8
22,5780108.1,2141350.0,52.7,623.0,14S/03E-29Q01,52.3,-17.3,-78.3,-167.8,-265.4,-426.1,-559.0,-1446.7,-2180.2,69.6,61.1,89.5,97.6,160.7,132.9,887.7,733.5,500.0,-2680.2
2207,5786212.2,2144968.3,38.3,537.0,14S/03E-28F02,41.8,-6.6,-99.5,-182.1,-351.7,-444.7,-532.4,-1306.2,-1980.3,48.4,92.9,82.7,169.5,93.0,87.8,773.8,674.1,500.0,-2480.3
2208,5807922.6,2117309.7,78.0,655.0,15S04E19G50,79.7,-37.0,-72.5,-149.4,-229.3,-363.2,-520.3,-1454.0,-1972.1,116.8,35.5,76.9,79.9,133.9,157.1,933.6,518.1,500.0,-2472.1
2211,5813038.4,2134249.7,121.1,415.0,15S04E05C51,123.4,88.4,87.4,19.6,18.6,-76.4,-561.8,-958.8,-959.8,35.0,1.0,67.8,1.0,95.0,485.4,397.0,1.0,500.0,-1459.8
2212,5826087.7,2118536.5,229.0,580.0,15S04E14N51,226.8,191.8,190.8,108.7,96.4,-49.7,-511.0,-1068.1,-1100.3,35.0,1.0,82.1,12.2,146.1,461.3,557.1,32.2,500.0,-1600.3
22236,5991144.3,1910935.8,384.0,105.0,21S10E31K02,384.2,284.2,283.2,282.2,281.2,280.2,279.2,328.2,-367.3,100.0,1.0,1.0,1.0,1.0,1.0,-49.0,695.5,500.0,-867.3
22239,5992168.6,1909416.3,384.9,113.0,21S10E31K01,384.3,284.3,283.3,282.3,281.3,280.3,279.3,328.3,-565.3,100.0,1.0,1.0,1.0,1.0,1.0,-49.0,893.5,500.0,-1065.3
22240,5994454.9,1897109.5,409.0,140.0,22S10E17D01,406.8,306.8,305.8,304.8,303.8,302.8,301.8,260.8,-1276.5,100.0,1.0,2.0,1.0,1.0,1.0,41.0,1537.3,500.0,-1776.5
22254,5905613.8,2003320.3,263.4,210.0,19S07E05H50,262.7,212.7,211.7,210.7,157.8,57.8,-42.2,-392.2,-1279.6,50.0,1.0,1.0,52.9,100.0,100.0,350.0,887.4,500.0,-1779.6
22255,5991293.4,1895311.3,538.4,322.0,22S10E18G50,533.8,493.8,492.8,490.8,489.8,488.8,487.8,387.8,-1443.6,40.0,1.0,2.0,1.0,1.0,1.0,100.0,1831.4,500.0,-1943.6
22257,5853837.1,2047762.4,276.6,480.0,17S05E27A50,286.6,236.6,235.6,162.3,89.0,-79.0,-502.2,-1002.2,-2247.9,50.0,1.0,73.3,73.3,168.0,423.2,500.0,1245.6,500.0,-2747.9
22258,5993631.3,1899233.5,404.6,160.0,22S10E08M01,402.9,302.9,301.9,300.9,299.9,298.9,297.9,256.9,-1360.6,100.0,1.0,2.0,1.0,1.0,1.0,41.0,1617.5,500.0,-1860.6
2230,5863402.7,2064243.6,253.4,799.0,17S05E12B01,254.0,204.0,203.0,152.2,80.4,-38.3,-387.1,-1174.3,-1375.9,50.0,1.0,50.8,71.8,118.7,348.8,787.2,201.6,500.0,-1875.9
2232,5863263.2,2064094.5,250.5,1030.1,17S05E12B02,254.0,204.0,203.0,152.2,80.4,-38.3,-387.1,-1174.3,-1375.9,50.0,1.0,50.8,71.8,118.7,348.8,787.2,201.6,500.0,-1875.9
2235,5907007.3,2011577.3,253.6,690.0,18S07E28N02,253.3,203.3,202.3,111.8,86.9,-13.1,-113.1,-463.1,-1024.7,50.0,1.0,90.5,24.9,100.0,100.0,350.0,561.6,500.0,-1524.7
22436,5925048.6,1979680.5,280.7,160.0,19S07E25H01,279.7,229.7,228.7,227.7,226.7,225.7,224.7,24.7,-899.7,50.0,1.0,1.0,1.0,1.0,1.0,200.0,924.4,500.0,-1399.8
22526,5821627.5,2097890.2,112.9,420.0,16S04E03P50,110.4,14.8,-5.3,-82.3,-171.0,-289.7,-311.5,-1452.0,-2118.9,95.6,20.1,77.0,88.8,118.7,21.8,1140.4,666.9,500.0,-2618.9
22573,5853137.7,2085279.5,333.0,400.0,16S05E22C51,337.7,287.7,168.4,157.2,146.0,-42.3,-463.1,-1005.5,-1185.9,50.0,119.3,11.2,11.2,188.4,420.7,542.4,180.4,500.0,-1685.9
22574,5906938,2003289.7,257.4,170.0,19S07E04E50,256.6,206.6,205.6,204.6,142.7,42.7,-57.3,-407.3,-1239.5,50.0,1.0,1.0,61.9,100.0,100.0,350.0,832.2,500.0,-1739.5
22575,5915360.1,1992674.0,327.1,240.0,19S07E15G01,323.8,273.8,272.8,271.8,270.8,269.8,268.8,68.8,-1234.3,50.0,1.0,1.0,1.0,1.0,1.0,200.0,1303.2,500.0,-1734.3
22577,5894560,2018105.5,232.0,210.0,18S06E24K01,232.2,182.2,181.2,140.2,101.8,17.6,-32.4,-382.4,-1346.3,50.0,1.0,41.0,38.5,84.2,50.0,350.0,963.9,500.0,-1846.3
2260,5811455.6,2119753.0,99.5,467.0,15S04E17P02,96.9,-23.4,-35.3,-102.8,-228.6,-357.4,-539.2,-1367.0,-1798.6,120.3,11.9,67.5,125.8,128.8,181.7,827.8,431.6,500.0,-2298.6
22608,5764643.7,2148922.1,35.5,784.0,14S02E23L03,35.6,-16.2,-76.9,-203.4,-288.9,-470.9,-505.9,-1627.3,-2321.3,51.8,60.7,126.5,85.6,182.0,35.0,1121.3,694.0,500.0,-2821.3
22609,5784792.1,2132309.9,53.6,680.0,15S03E04M51,54.1,-11.9,-52.5,-161.0,-268.1,-441.5,-472.1,-1227.7,-2277.3,66.0,40.6,108.5,107.1,173.4,30.6,755.6,1049.6,500.0,-2777.4
22610,5924794,1981194.1,272.7,150.0,19S07E25K50,272.1,222.1,221.1,220.1,219.1,218.1,217.1,17.1,-888.8,50.0,1.0,1.0,1.0,1.0,1.0,200.0,905.9,500.0,-1388.8
22611,5778828.5,2129865.1,51.1,574.0,15S03E08D51,50.4,-9.8,-69.8,-174.5,-289.6,-376.9,-463.9,-1280.2,-2469.0,60.3,59.9,104.7,115.2,87.2,87.0,816.3,1188.8,500.0,-2969.0
22613,5930719.6,1967074.6,307.2,255.0,20S08E07A52,308.5,258.5,257.5,256.5,255.5,254.5,253.5,65.0,-1149.1,50.0,1.0,1.0,1.0,1.0,1.0,188.5,1214.1,500.0,-1649.1
22615,5820343.4,2099029.0,114.1,820.3,22615,112.3,20.6,-4.7,-80.2,-175.2,-288.6,-588.6,-1458.5,-2117.0,91.8,25.3,75.5,95.0,113.3,300.0,869.9,658.5,500.0,-2617.0
22616,5812452.8,2092977.4,100.9,600.0,16S04E08Q50,100.9,61.2,26.2,-8.0,-42.2,-142.5,-167.9,-1404.2,-2496.1,39.7,35.1,34.2,34.2,100.3,25.5,1236.2,1092.0,500.0,-2996.1
22624,5772066.3,2130226.7,43.2,600.0,15S/03E-07K51,42.9,-9.4,-26.2,-161.9,-247.2,-343.6,-469.7,-1365.9,-2604.3,52.3,16.8,135.7,85.3,96.4,126.1,896.2,1238.4,500.0,-3104.3
22626,5851331.7,2060937.1,144.8,444.0,17S05E10L50,144.3,94.3,93.3,42.1,-6.1,-125.8,-564.5,-1432.1,-2029.1,50.0,1.0,51.2,48.2,119.7,438.7,867.6,597.0,500.0,-2529.1
22629,5891116.8,2007555.5,323.6,400.0,18S06E36M50,324.2,274.2,273.2,189.6,144.6,44.6,-5.4,-355.4,-1741.0,50.0,1.0,83.5,45.0,100.0,50.0,350.0,1385.6,500.0,-2241.0
22634,5806839.3,2138389.0,138.0,680.0,14S04E31F02,139.7,104.7,103.7,-28.1,-29.1,-140.9,-556.1,-1096.7,-1329.1,35.0,1.0,131.8,1.0,111.8,415.2,540.6,232.3,500.0,-1829.1
22637,5882661.8,2033733.8,186.4,280.0,18S06E03L50,186.5,136.5,135.5,94.4,50.4,-71.9,-282.4,-1146.6,-1350.4,50.0,1.0,41.1,44.0,122.3,210.5,864.2,203.9,500.0,-1850.4
22642,5806881.2,2139585.7,150.6,720.0,14S04E31T54,147.3,112.3,111.3,-16.7,-17.7,-120.8,-558.1,-1085.6,-1277.7,35.0,1.0,128.1,1.0,103.0,437.4,527.5,192.0,500.0,-1777.7
22643,5779166.4,2139132.6,51.1,520.0,14S03E32E55,51.4,-24.8,-78.4,-166.5,-254.9,-445.0,-551.2,-1450.2,-2242.0,76.2,53.6,88.2,88.4,190.0,106.2,899.0,791.8,500.0,-2742.0
22644,5797169.2,2162681.4,170.8,500.0,14S/03E-02L50,166.7,112.5,107.5,-130.4,-152.3,-302.3,-561.6,-562.6,-563.6,54.3,5.0,237.9,21.8,150.0,259.3,1.0,1.0,500.0,-1063.6
22647,5804741.6,2121500.5,75.6,720.0,15S04E18M50,74.1,-22.4,-85.4,-190.7,-266.1,-391.9,-492.3,-1440.0,-1948.9,96.5,63.0,105.3,75.4,125.8,100.4,947.8,508.8,500.0,-2448.9
22648,5807402.4,2125536.6,74.0,720.0,15S04E07K50,74.0,-5.9,-67.8,-165.3,-265.1,-387.0,-515.1,-1347.3,-1789.7,79.9,61.9,97.5,99.8,121.9,128.1,832.2,442.4,500.0,-2289.7
22651,5767815,2145093.8,34.0,339.3,14S02E26H01,34.1,-27.7,-80.1,-195.4,-290.3,-429.7,-435.0,-1628.2,-2351.4,61.8,52.4,115.2,94.9,139.3,5.3,1193.2,723.2,500.0,-2851.4
22652,5809426.7,2128800.8,95.4,800.0,15S04E07A50,94.7,-1.4,-17.1,-98.3,-197.2,-305.5,-519.4,-1243.1,-1583.6,96.0,15.7,81.3,98.8,108.3,213.9,723.7,340.6,500.0,-2083.6
22653,5794756.8,2171138.1,210.6,710.0,13S03E34H50,211.7,196.7,186.7,49.7,-32.9,-125.6,-175.0,-576.2,-577.2,15.0,10.0,137.0,82.6,92.7,49.4,401.2,1.0,500.0,-1077.2
22655,5909433,1996434.0,332.5,400.0,19S07E09K50,332.4,282.4,281.4,280.4,279.4,278.4,277.4,77.4,-1280.6,50.0,1.0,1.0,1.0,1.0,1.0,200.0,1358.0,500.0,-1780.6
22656,5775888.2,2157880.9,73.4,1140.1,14S03E07P50,56.0,-20.7,-112.3,-195.3,-369.9,-455.8,-475.5,-1407.6,-1889.1,76.7,91.6,83.0,174.7,85.8,19.8,932.0,481.5,500.0,-2389.1
22666,5789458.8,2130885.0,62.1,682.0,15S03E03N58,62.2,-6.2,-47.3,-165.7,-264.5,-413.8,-471.7,-1209.0,-2196.4,68.4,41.1,118.3,98.8,149.3,57.9,737.3,987.3,500.0,-2696.4
22667,5793845.9,2147823.4,85.9,650.0,14S03E22J50,80.1,12.0,-58.8,-179.3,-308.4,-325.9,-418.1,-1168.7,-1579.3,68.1,70.8,120.5,129.1,17.5,92.2,750.6,410.6,500.0,-2079.3
22669,5825177.3,2076734.9,108.4,600.0,16S04E26N51,131.5,40.3,36.6,31.6,16.6,11.6,-358.4,-1463.5,-2759.4,91.2,3.7,5.0,15.0,5.0,370.0,1105.0,1296.0,500.0,-3259.4
22670,5774940.2,2135286.9,40.5,560.0,15S03E06C52,40.6,-27.3,-74.0,-178.1,-275.1,-416.4,-491.2,-1478.1,-2420.5,67.9,46.7,104.1,97.0,141.3,74.8,986.8,942.4,500.0,-2920.4
22675,5810680,2125786.7,94.3,920.0,15S04E08M04,90.8,-1.8,-18.8,-93.1,-220.1,-327.1,-505.4,-1286.3,-1616.4,92.6,17.0,74.3,127.0,107.0,178.3,780.8,330.2,500.0,-2116.4
22681,5741271.2,2171106.7,22.5,1364.1,13S01E36J02,22.7,-64.7,-99.9,-228.5,-329.4,-574.7,-874.7,-1400.8,-3062.1,87.3,35.3,128.6,100.9,245.4,300.0,526.1,1661.2,500.0,-3562.1
22682,5793975.2,2132565.1,52.5,610.0,15S03E03H50,53.8,-26.4,-65.5,-168.1,-240.7,-383.0,-514.8,-1251.9,-2013.2,80.2,39.2,102.5,72.6,142.3,131.9,737.1,761.3,500.0,-2513.2
22683,5782203.2,2115074.5,342.5,680.0,15S03E20R50,-99999.0,-99999.0,-99999.0,-99999.0,-99999.0,-99999.0,-99999.0,370.6,-2190.9,0.0,0.0,0.0,0.0,0.0,0.0,0.0,2561.5,500.0,-2690.9
22685,5784507.4,2171373.7,98.9,730.0,13S03E32A50,106.1,63.8,58.8,-45.6,-164.9,-237.4,-367.6,-1011.7,-1467.2,42.3,5.0,104.4,119.3,72.6,130.2,644.0,455.5,500.0,-1967.2
22686,5771220.3,2174590.7,126.1,780.0,13S02E25P50,112.9,56.8,-115.6,-151.3,-228.0,-388.2,-688.2,-1209.8,-1600.7,56.1,172.5,35.7,76.7,160.2,300.0,521.6,390.9,500.0,-2100.7
22687,5770337,2170634.0,57.1,800.0,13S02E36F50,58.2,7.0,-115.1,-167.1,-280.0,-423.8,-723.8,-1268.7,-1645.3,51.2,122.1,52.0,112.9,143.9,300.0,544.9,376.6,500.0,-2145.3
227,5792219.1,2110417.2,92.0,520.0,15S/03E-27J01,112.9,41.9,41.6,-96.9,-183.2,-259.9,-559.9,-1149.6,-2661.7,71.0,0.3,138.5,86.3,76.6,300.0,589.7,1512.2,500.0,-3161.7
22705,5882203.3,2023755.4,216.3,285.0,18S06E15L01,214.2,164.2,163.2,145.7,112.2,-3.0,-20.0,-520.0,-1566.1,50.0,1.0,17.4,33.5,115.3,17.0,500.0,1046.1,500.0,-2066.1
22718,5853837.1,2047762.4,276.6,690.0,17S05E27A51,286.6,236.6,235.6,162.3,89.0,-79.0,-502.2,-1002.2,-2247.9,50.0,1.0,73.3,73.3,168.0,423.2,500.0,1245.6,500.0,-2747.9
22746,5768756.3,2146329.2,33.0,700.0,14S02E25D51,33.5,-37.4,-84.4,-203.5,-290.5,-425.5,-725.5,-1610.7,-2302.0,70.9,47.0,119.1,87.0,135.0,300.0,885.2,691.2,500.0,-2802.0
22748,5847829.3,2078987.7,183.8,810.0,16S05E28F50,187.3,137.3,30.2,-42.5,-159.4,-283.8,-489.6,-1230.4,-1667.4,50.0,107.1,72.7,116.9,124.4,205.9,740.8,437.0,500.0,-2167.4
22754,5943003.4,1876296.8,1078.9,581.0,23S08E03D01,1075.8,1060.8,1059.8,1058.8,1057.8,1056.8,1055.8,1000.8,950.8,15.0,1.0,1.0,1.0,1.0,1.0,55.0,50.0,500.0,450.8
22755,5746488.4,2159739.4,23.3,1573.1,14S02E07J03,27.9,-35.2,-137.2,-238.8,-300.8,-498.7,-798.7,-1593.4,-2330.2,63.1,102.0,101.7,62.0,197.9,300.0,794.7,736.8,500.0,-2830.2
22756,5834599.1,2089487.5,121.8,710.0,16S04E13H50,122.4,75.7,57.8,-52.5,-150.3,-256.5,-435.5,-1278.9,-1893.0,46.7,17.9,110.3,97.8,106.2,179.0,843.4,614.1,500.0,-2393.0
22757,5858141.1,2062098.1,169.5,510.0,17S05E11G50,172.2,122.2,121.2,66.5,1.4,-114.7,-501.2,-1298.8,-1623.5,50.0,1.0,54.7,65.1,116.1,386.5,797.6,324.7,500.0,-2123.5
22758,5807016,2140928.2,163.2,700.0,14S04E30P50,160.9,125.9,124.9,3.6,2.6,-83.8,-561.4,-1061.2,-1165.6,35.0,1.0,121.3,1.0,86.4,477.6,499.8,104.4,500.0,-1665.6
22759,5907172.7,2011098.4,251.6,690.0,18S07E28N51,251.8,201.8,200.8,112.5,90.2,-9.8,-109.8,-459.8,-1055.0,50.0,1.0,88.2,22.3,100.0,100.0,350.0,595.2,500.0,-1554.9
22760,5787528.7,2116150.8,37.5,700.0,15S03E21J50,41.0,14.7,0.9,-173.1,-265.5,-346.8,-398.2,-1115.6,-2607.6,26.3,13.8,174.1,92.4,81.3,51.4,717.4,1492.1,500.0,-3107.6
22761,5815678,2111133.2,115.9,890.0,15S04E28E51,115.0,-34.3,-70.4,-122.5,-241.4,-374.2,-533.2,-1393.8,-1860.0,149.3,36.1,52.1,118.9,132.8,158.9,860.6,466.2,500.0,-2360.0
22763,5787657.9,2165221.8,146.0,650.0,14S03E04G50,151.1,83.3,34.7,-103.0,-255.6,-405.6,-450.1,-1061.1,-1485.1,67.8,48.6,137.7,152.6,150.0,44.5,611.0,424.0,500.0,-1985.1
22766,5803209.9,2150352.8,134.6,540.0,14S03E24B50,125.9,90.9,89.9,26.2,-20.4,-94.5,-467.8,-780.2,-781.2,35.0,1.0,63.7,46.6,74.2,373.3,312.4,1.0,500.0,-1281.2
22767,5881973.7,2014249.6,333.6,610.0,18S06E27F50,332.3,282.3,281.3,162.3,147.6,75.2,25.2,-324.8,-1948.9,50.0,1.0,119.0,14.7,72.4,50.0,350.0,1624.0,500.0,-2448.9
22768,5848984.7,2078949.8,204.5,810.0,16S05E28G50,205.4,155.4,31.0,-43.6,-158.2,-295.3,-480.0,-1221.8,-1630.7,50.0,124.4,74.6,114.6,137.1,184.7,741.8,408.8,500.0,-2130.7
22769,5909398.2,1995090.0,361.1,520.0,19S07E09Q50,356.1,306.1,305.1,304.1,303.1,302.1,301.1,101.1,-1288.2,50.0,1.0,1.0,1.0,1.0,1.0,200.0,1389.3,500.0,-1788.2
22770,5880895.3,2036935.9,197.2,300.0,18S06E03D50,194.9,144.9,143.9,68.8,21.1,-89.7,-354.9,-1154.5,-1383.4,50.0,1.0,75.1,47.6,110.8,265.2,799.5,229.0,500.0,-1883.4
22777,5798282,2165072.1,194.0,340.0,14S03E02G50,193.4,168.4,167.4,166.4,165.4,164.4,163.4,162.4,161.4,25.0,1.0,1.0,1.0,1.0,1.0,1.0,1.0,500.0,-338.6
22778,5796170.6,2135938.7,75.6,900.0,14S03E35P50,77.1,10.0,-41.4,-128.3,-201.0,-345.1,-543.4,-1251.8,-1894.0,67.1,51.4,86.8,72.7,144.2,198.2,708.5,642.2,500.0,-2394.0
22779,5796929.6,2165108.0,178.8,340.0,14S03E02F50,179.6,156.6,151.6,-111.6,-112.6,-123.7,-376.5,-377.5,-378.5,23.0,5.0,263.1,1.0,11.2,252.7,1.0,1.0,500.0,-878.5
22781,5814929.8,2131323.8,124.8,400.0,15S04E05J50,124.3,67.5,62.5,10.9,-9.7,-104.4,-537.1,-1023.3,-1024.3,56.8,5.0,51.6,20.5,94.7,432.6,486.3,1.0,500.0,-1524.3
22783,5812258.3,2132752.5,102.5,680.0,15S04E05F50,102.8,67.2,62.2,-16.3,-17.3,-103.8,-552.6,-1097.4,-1259.1,35.6,5.0,78.5,1.0,86.5,448.8,544.8,161.7,500.0,-1759.1
22784,5775521.9,2167084.5,100.5,870.0,14S03E06D50,99.0,4.0,-48.5,-131.3,-297.5,-399.2,-699.2,-1239.4,-1646.3,95.0,52.4,82.8,166.2,101.7,300.0,540.2,406.9,500.0,-2146.3
22786,5966968.4,1926271.3,344.0,82.0,21S09E17J52,345.5,295.5,294.5,293.5,292.5,291.5,290.5,289.5,-23.1,50.0,1.0,1.0,1.0,1.0,1.0,1.0,312.6,500.0,-523.1
22796,5794026.6,2169732.6,200.4,920.0,13S03E34H51,201.0,196.6,191.6,-14.6,-65.4,-141.9,-211.3,-767.5,-768.5,4.4,5.0,206.2,50.8,76.4,69.4,556.2,1.0,500.0,-1268.5
22801,5768133.3,2170868.9,13.3,440.0,13S02E35H01,10.8,-10.3,-113.1,-187.8,-308.7,-437.5,-737.5,-1296.6,-1658.3,21.2,102.8,74.7,120.9,128.8,300.0,559.1,361.7,500.0,-2158.3
22805,5775438.6,2147193.2,44.3,680.0,14S03E19P50,45.6,-9.2,-73.3,-231.8,-313.5,-430.1,-730.1,-1526.7,-2163.7,54.8,64.1,158.5,81.7,116.6,300.0,796.5,637.1,500.0,-2663.7
22823,5950099.9,1953855.1,308.8,70.0,20S08E23G53,309.3,209.3,208.3,207.3,206.3,205.3,204.3,253.3,-305.4,100.0,1.0,1.0,1.0,1.0,1.0,-49.0,558.7,500.0,-805.4
22826,5950771.1,1955294.0,311.9,94.0,20S08E23B50,316.0,266.0,265.0,264.0,263.0,262.0,261.0,260.0,-896.6,50.0,1.0,1.0,1.0,1.0,1.0,1.0,1156.6,500.0,-1396.6
22827,5951172.4,1955098.2,311.7,96.0,20S08E23G52,312.7,212.7,211.7,210.7,209.7,208.7,207.7,256.7,-850.7,100.0,1.0,1.0,1.0,1.0,1.0,-49.0,1107.4,500.0,-1350.7
22828,5770666.4,2155056.2,45.1,596.0,14S02E13E50,38.9,-53.4,-95.1,-256.1,-377.5,-507.9,-807.9,-1510.5,-2095.4,92.3,41.7,161.0,121.3,130.4,300.0,702.7,584.8,500.0,-2595.4
22831,5823358,2100476.3,122.5,920.0,16S04E03G53,123.9,19.9,4.6,-74.5,-189.9,-382.8,-463.6,-1380.4,-1911.8,103.9,15.4,79.1,115.4,192.9,80.8,916.8,531.4,500.0,-2411.8
22834,5800107.8,2131781.1,72.3,760.0,15S03E01M01,66.7,-26.8,-33.8,-107.2,-236.8,-418.8,-552.7,-1309.4,-1865.5,93.5,7.0,73.4,129.6,182.0,133.9,756.7,556.2,500.0,-2365.5
22875,5890783,2024589.2,223.2,250.0,18S06E14H50,223.3,173.3,172.3,118.4,81.3,11.0,-39.0,-389.0,-1312.5,50.0,1.0,53.9,37.1,70.3,50.0,350.0,923.4,500.0,-1812.5
22895,5843453.5,2094745.4,234.5,780.0,16S05E08G01,235.9,200.9,199.9,125.7,33.0,-114.8,-510.3,-1066.5,-1387.1,35.0,1.0,74.2,92.7,147.8,395.5,556.2,320.6,500.0,-1887.1
22896,5775159.5,2140587.9,43.3,690.0,14S03E31C,42.9,-14.4,-85.0,-169.8,-260.4,-474.1,-496.1,-1537.4,-2290.4,57.3,70.6,84.9,90.5,213.7,22.0,1041.3,753.0,500.0,-2790.4
22897,5818447.6,2116389.8,152.4,810.0,15S04E21G,152.1,102.1,7.7,-78.6,-143.4,-267.7,-526.0,-1285.6,-1630.4,50.0,94.4,86.3,64.8,124.3,258.3,759.6,344.7,500.0,-2130.4
22898,5811915,2120638.5,108.0,930.0,15S04E17L,106.2,-15.1,-18.8,-88.4,-234.4,-362.5,-529.3,-1346.8,-1727.4,121.3,3.7,69.6,146.0,128.1,166.8,817.4,380.6,500.0,-2227.4
22900,5834904.4,2098972.3,251.0,830.0,16S04E01J,248.9,160.2,155.2,79.2,-23.1,-144.3,-403.9,-1182.4,-1602.8,88.7,5.0,76.0,102.3,121.2,259.6,778.5,420.5,500.0,-2102.8
22901,5867058.2,2049090.8,172.9,300.0,17S06E19P,172.6,122.6,121.6,37.5,-6.9,-136.5,-413.2,-1294.9,-1644.3,50.0,1.0,84.1,44.4,129.6,276.8,881.7,349.4,500.0,-2144.4
22903,5793990.9,2109029.3,171.4,750.0,15S03E26N50,170.7,36.9,11.1,-105.0,-180.1,-238.6,-538.6,-1192.8,-2617.9,133.8,25.7,116.1,75.1,58.4,300.0,654.3,1425.0,500.0,-3117.9
22904,5823705.3,2113582.4,192.6,900.0,15S04E22Q51,192.9,180.1,175.1,15.9,0.9,-158.3,-523.9,-1224.5,-1513.1,12.8,5.0,159.2,15.0,159.2,365.6,700.6,288.6,500.0,-2013.1
22905,5782755.9,2131089.3,51.1,840.0,15S03E05R52,51.3,-19.6,-58.0,-161.7,-275.9,-427.1,-471.3,-1241.8,-2342.5,70.9,38.5,103.7,114.2,151.2,44.2,770.4,1100.7,500.0,-2842.5
22906,5875175.2,2051507.5,189.8,935.0,17S06E20H51,189.5,139.5,138.5,21.8,-9.2,-103.4,-345.7,-1094.5,-1282.7,50.0,1.0,116.8,31.0,94.2,242.3,748.8,188.2,500.0,-1782.7
22907,5875082.3,2048882.6,183.7,760.0,17S06E20R,183.5,133.5,132.5,16.7,-32.2,-121.7,-392.6,-1135.9,-1322.3,50.0,1.0,115.8,48.9,89.5,270.9,743.2,186.4,500.0,-1822.3
22915,5946613.9,1957251.9,314.0,125.0,20S08E15R50,317.0,217.0,216.0,215.0,214.0,213.0,212.0,261.0,-312.4,100.0,1.0,1.0,1.0,1.0,1.0,-49.0,573.4,500.0,-812.4
22917,5806459,2119432.5,58.6,775.0,15S04E18P50,59.3,-25.3,-75.4,-162.3,-248.2,-375.1,-500.9,-1445.0,-1947.1,84.6,50.2,86.9,85.9,126.9,125.8,944.1,502.2,500.0,-2447.1
22918,5826744.4,2082972.0,103.1,200.0,16S04E23L50,103.0,53.9,18.9,-83.4,-123.0,-133.0,-244.0,-1539.5,-2372.1,49.1,35.0,102.3,39.6,10.0,110.9,1295.6,832.6,500.0,-2872.1
22920,5819535.1,2104409.0,111.8,1000.0,15S04E33J01,112.6,-10.6,-34.6,-128.5,-200.0,-414.7,-526.9,-1403.7,-1955.8,123.2,24.1,93.8,71.5,214.7,112.2,876.8,552.1,500.0,-2455.8
22926,5841107.4,2060716.2,147.8,830.0,17S05E08L02,140.5,90.5,89.5,84.5,69.5,64.5,-390.8,-1447.9,-2345.8,50.0,1.0,5.0,15.0,5.0,455.3,1057.1,897.9,500.0,-2845.8
22927,5910842.8,1999096.7,286.2,435.0,19S07E09A50,287.6,237.6,236.6,235.6,234.6,233.6,232.6,32.6,-1182.2,50.0,1.0,1.0,1.0,1.0,1.0,200.0,1214.7,500.0,-1682.2
22929,5757085.6,2145316.8,26.5,1180.1,14S02E28H04,26.7,-29.7,-91.6,-255.1,-306.4,-461.9,-509.5,-1539.3,-2498.3,56.4,61.9,163.4,51.4,155.5,47.7,1029.8,959.0,500.0,-2998.4
22930,5843431,2058478.6,123.0,250.0,17S05E17A01,123.0,73.0,72.0,67.0,52.0,47.0,-370.0,-1389.8,-2321.0,50.0,1.0,5.0,15.0,5.0,417.0,1019.8,931.3,500.0,-2821.0
22933,5845452.5,2089466.6,203.3,830.0,16S05E17H50,204.4,193.9,188.9,106.4,-6.0,-152.1,-482.4,-1139.6,-1515.2,10.5,5.0,82.5,112.5,146.1,330.2,657.3,375.5,500.0,-2015.2
22939,5806033,2106121.0,78.4,240.0,15S04E31F50,78.5,12.7,-10.7,-86.5,-164.2,-306.5,-431.1,-1514.7,-2181.5,65.8,23.5,75.8,77.7,142.2,124.7,1083.6,666.8,500.0,-2681.5
22940,5847338.1,2059672.5,134.3,240.0,17S05E09Q50,134.5,84.5,83.5,18.5,-7.3,-162.5,-581.6,-1517.8,-2196.3,50.0,1.0,64.9,25.8,155.2,419.1,936.2,678.5,500.0,-2696.3
22941,5949855.4,1954148.5,308.8,75.0,20S08E23F52,309.4,209.4,208.4,207.4,206.4,205.4,204.4,253.4,-301.5,100.0,1.0,1.0,1.0,1.0,1.0,-49.0,554.9,500.0,-801.5
22944,5949617.7,1954429.7,309.1,80.0,20S08E23F51,309.4,209.4,208.4,207.4,206.4,205.4,204.4,253.4,-299.2,100.0,1.0,1.0,1.0,1.0,1.0,-49.0,552.6,500.0,-799.2
22945,5949256,1954160.9,308.4,80.0,20S08E23F50,308.5,208.5,207.5,206.5,205.5,204.5,203.5,252.5,-315.6,100.0,1.0,1.0,1.0,1.0,1.0,-49.0,568.1,500.0,-815.6
22947,5950156.3,1954835.8,310.1,80.0,20S08E23G51,313.1,213.1,212.1,211.1,210.1,209.1,208.1,257.1,-955.4,100.0,1.0,1.0,1.0,1.0,1.0,-49.0,1212.5,500.0,-1455.4
22948,5881031,2026169.8,205.0,300.0,18S06E15D50,203.9,153.9,152.9,133.4,99.2,-43.3,-60.0,-560.0,-1536.4,50.0,1.0,19.5,34.2,142.5,16.7,500.0,976.4,500.0,-2036.4
22951,5777455.2,2175426.0,223.1,900.0,13S03E30K50,212.6,76.4,7.8,-77.8,-153.9,-309.0,-609.0,-1096.1,-1598.8,136.1,68.6,85.6,76.1,155.1,300.0,487.1,502.7,500.0,-2098.8
22952,5795993,2129214.3,58.1,790.0,15S03E11C51,58.6,-37.4,-95.1,-192.6,-278.8,-395.9,-530.0,-1295.0,-2034.2,96.1,57.7,97.4,86.3,117.1,134.1,764.9,739.2,500.0,-2534.2
22953,5797727.1,2143820.9,107.7,780.0,14S03E26G50,112.5,0.8,-4.2,-127.6,-173.3,-201.7,-491.4,-1175.5,-1504.5,111.8,5.0,123.4,45.6,28.4,289.7,684.1,329.0,500.0,-2004.6
22954,5899085.1,2032840.5,198.5,70.0,18S07E06K50,198.8,148.8,147.8,143.1,138.4,75.2,-20.0,-141.5,-142.5,50.0,1.0,4.7,4.7,63.2,95.2,121.5,1.0,500.0,-642.5
22957,5930689.5,1965712.4,303.2,240.0,20S08E07H51,304.8,264.8,263.8,261.8,260.8,259.8,258.8,158.8,-995.5,40.0,1.0,2.0,1.0,1.0,1.0,100.0,1154.3,500.0,-1495.5
2296,5826401.7,2107506.5,210.1,950.0,15S04E35F50,211.9,161.9,99.1,-16.6,-78.9,-241.6,-500.3,-1246.3,-1616.0,50.0,62.8,115.7,62.3,162.7,258.7,746.0,369.7,500.0,-2116.1
22963,5828148.9,2095193.9,115.2,1040.1,16S04E11G01,117.3,48.9,25.5,-82.0,-164.6,-325.8,-404.9,-1349.1,-1936.0,68.4,23.3,107.5,82.6,161.2,79.2,944.2,586.9,500.0,-2436.0
22964,5787348.5,2145451.5,39.8,700.0,14S03E28B50,43.0,-6.7,-99.2,-174.3,-351.6,-437.7,-517.4,-1279.3,-1944.1,49.7,92.4,75.2,177.2,86.1,79.7,761.9,664.8,500.0,-2444.1
22967,5772833.3,2149935.6,57.2,604.0,14S/02E-24H50,53.5,-25.3,-77.9,-232.9,-309.2,-428.9,-728.9,-1534.8,-2161.2,78.8,52.6,155.0,76.2,119.7,300.0,805.9,626.5,500.0,-2661.2
22969,6009526.3,1880423.8,541.2,375.0,22S10E35D50,556.0,506.0,505.0,504.0,503.0,502.0,501.0,203.4,-1078.1,50.0,1.0,1.0,1.0,1.0,1.0,297.6,1281.6,500.0,-1578.1
2297,5814644.1,2109962.2,96.9,960.0,15S04E29J50,95.8,-25.2,-72.6,-133.2,-235.0,-374.1,-504.5,-1426.9,-1975.1,120.9,47.4,60.7,101.8,139.1,130.5,922.4,548.2,500.0,-2475.1
22973,5763851.4,2173883.1,51.7,500.0,13S02E26N50,43.5,-26.0,-109.5,-201.7,-305.6,-456.8,-756.8,-1359.1,-1659.0,69.5,83.5,92.2,103.9,151.2,300.0,602.2,299.9,500.0,-2159.0
22974,5787779.5,2121377.5,62.4,790.0,15S03E16J51,62.4,8.4,-57.0,-189.9,-274.5,-346.1,-427.9,-1173.9,-2485.8,54.0,65.4,132.9,84.7,71.6,81.7,746.0,1311.9,500.0,-2985.8
22975,5881814.3,2052617.8,322.6,460.0,17S06E22D01,319.4,269.4,268.4,187.3,106.3,0.1,-240.9,-445.3,-446.3,50.0,1.0,81.1,81.1,106.2,240.9,204.5,1.0,500.0,-946.3
22977,5794816.3,2135978.8,72.0,780.0,14S03E35N51,71.6,3.3,-52.4,-145.1,-210.8,-354.9,-537.5,-1243.3,-1930.6,68.3,55.7,92.7,65.8,144.1,182.6,705.8,687.3,500.0,-2430.6
22978,5930110.3,1969514.2,311.6,240.0,20S08E06K03,314.9,264.9,263.9,262.9,261.9,260.9,259.9,59.9,-1293.7,50.0,1.0,1.0,1.0,1.0,1.0,200.0,1353.7,500.0,-1793.7
22981,5786009,2145496.7,58.5,710.0,14S03E28C51,62.8,-2.2,-99.5,-187.1,-352.7,-447.1,-531.9,-1316.2,-1981.2,65.1,97.3,87.6,165.6,94.5,84.7,784.3,665.0,500.0,-2481.2
22982,5865612.5,2067159.8,314.0,690.0,17S06E06E01,319.7,269.7,268.7,225.8,182.8,82.3,-461.3,-920.3,-921.3,50.0,1.0,43.0,43.0,100.5,543.5,459.0,1.0,500.0,-1421.3
22983,5840853.5,2059839.2,187.5,210.0,17S05E08P50,197.0,147.0,146.0,135.2,124.4,-35.6,-485.7,-1542.4,-2377.7,50.0,1.0,10.8,10.8,160.0,450.1,1056.7,835.3,500.0,-2877.7
22984,5908792.9,2022794.4,407.3,640.0,18S07E16L50,-99999.0,-99999.0,-99999.0,-99999.0,-99999.0,-99999.0,397.8,207.5,197.5,0.0,0.0,0.0,0.0,0.0,0.0,190.4,10.0,500.0,-302.5
22987,5889724.9,2044377.5,267.8,620.0,17S06E26K01,263.8,213.8,212.8,180.4,147.9,78.9,-192.6,-301.6,-302.6,50.0,1.0,32.5,32.5,69.0,271.5,109.0,1.0,500.0,-802.6
22988,5794539.6,2125241.6,65.8,620.0,15S03E11N52,65.6,-5.5,-84.1,-180.2,-267.6,-396.0,-468.4,-1292.9,-2189.9,71.1,78.6,96.0,87.5,128.4,72.4,824.5,897.1,500.0,-2689.9
22989,5891905.1,2013082.9,283.7,270.0,18S06E25M01,273.1,223.1,222.1,174.3,135.8,54.5,4.5,-345.5,-1558.1,50.0,1.0,47.8,38.5,81.3,50.0,350.0,1212.6,500.0,-2058.1
22990,5842580.3,2081642.0,133.0,440.0,16S05E20P50,130.9,50.6,44.3,-39.5,-160.0,-262.1,-535.9,-1276.4,-1827.6,80.2,6.3,83.8,120.5,102.1,273.8,740.5,551.2,500.0,-2327.6
22991,5845865.4,2053434.5,273.9,270.0,17S05E21C50,280.3,230.3,229.3,175.9,122.4,-99.3,-618.0,-1537.0,-2363.4,50.0,1.0,53.5,53.5,221.7,518.8,919.0,826.4,500.0,-2863.4
22993,5787107.8,2189078.0,317.8,380.0,13S03E09P52,326.9,276.9,261.1,111.4,110.4,11.7,-353.2,-694.1,-695.1,50.0,15.8,149.7,1.0,98.7,364.9,340.9,1.0,500.0,-1195.1
22996,5849006.4,2077814.4,202.3,850.0,16S05E28K50,202.2,152.2,33.7,-41.9,-155.7,-295.5,-483.1,-1238.9,-1662.5,50.0,118.5,75.6,113.8,139.8,187.5,755.9,423.6,500.0,-2162.5
22997,5837112.1,2083075.7,120.5,520.0,16S05E19L53,121.5,48.4,43.4,-68.7,-162.5,-264.2,-520.8,-1321.6,-1975.9,73.2,5.0,112.0,93.9,101.7,256.6,800.9,654.3,500.0,-2475.9
23000,5770197.9,2150067.1,34.2,598.0,14S02E24F50,36.2,-54.1,-96.3,-232.8,-315.4,-431.4,-474.9,-1554.9,-2186.5,90.3,42.1,136.5,82.7,116.0,43.5,1080.0,631.6,500.0,-2686.5
23001,5789319.7,2161495.2,142.7,580.0,14S03E09A51,142.4,62.8,27.1,-138.3,-279.4,-429.4,-532.0,-1088.4,-1520.1,79.5,35.7,165.4,141.1,150.0,102.6,556.4,431.7,500.0,-2020.1
23002,5783571.4,2150960.5,84.2,730.0,14S03E20A50,84.1,15.7,-95.6,-218.3,-382.2,-449.3,-749.3,-1364.2,-1919.2,68.3,111.3,122.7,163.9,67.1,300.0,614.9,555.1,500.0,-2419.2
23003,5962267.6,1951678.7,466.6,400.0,20S09E19R50,461.7,436.7,435.7,434.7,433.7,432.7,431.7,411.7,386.7,25.0,1.0,1.0,1.0,1.0,1.0,20.0,25.0,500.0,-113.3
23004,5770374.2,2154068.1,45.5,598.0,14S02E13L50,49.3,-49.3,-93.4,-256.2,-368.1,-494.6,-794.6,-1518.5,-2113.9,98.6,44.1,162.8,112.0,126.5,300.0,723.9,595.3,500.0,-2613.9
23006,5790446.7,2121270.3,62.9,760.0,15S03E15L50,62.9,4.1,-55.0,-178.0,-292.9,-373.8,-404.2,-1223.6,-2438.9,58.8,59.1,123.0,114.8,80.9,30.5,819.4,1215.3,500.0,-2938.9
23007,5777246.2,2123231.4,31.8,720.0,15S03E18H50,31.0,-12.2,-43.5,-145.1,-222.5,-308.9,-460.2,-1157.4,-2513.9,43.2,31.3,101.6,77.4,86.4,151.3,697.2,1356.5,500.0,-3013.9
23008,5794816.3,2135978.8,72.0,760.0,14S03E35N50,71.6,3.3,-52.4,-145.1,-210.8,-354.9,-537.5,-1243.3,-1930.6,68.3,55.7,92.7,65.8,144.1,182.6,705.8,687.3,500.0,-2430.6
23014,5897801.3,2008774.7,296.2,670.0,18S07E31D50,295.3,245.3,244.3,147.0,131.5,31.5,-68.5,-418.5,-1447.9,50.0,1.0,97.2,15.6,100.0,100.0,350.0,1029.4,500.0,-1947.9
23015,5782976,2136348.4,52.7,830.0,14S03E32R52,52.8,-27.0,-70.7,-186.4,-251.0,-454.2,-526.7,-1323.8,-2228.1,79.8,43.7,115.7,64.6,203.2,72.5,797.1,904.3,500.0,-2728.1
23016,5815988.9,2127813.7,133.0,500.0,15S04E09E50,137.3,79.2,74.2,-26.3,-71.7,-127.4,-492.9,-1136.7,-1229.4,58.1,5.0,100.5,45.4,55.7,365.5,643.7,92.8,500.0,-1729.4
23017,5907173.7,1999262.1,265.9,560.0,19S07E09D02,266.9,216.9,215.9,214.9,213.9,212.9,211.9,-138.1,-1315.6,50.0,1.0,1.0,1.0,1.0,1.0,350.0,1177.5,500.0,-1815.7
23018,5778682.8,2125755.5,52.9,701.0,15S03E08N50,52.7,-4.8,-57.5,-151.1,-245.0,-332.0,-460.2,-1199.8,-2599.9,57.5,52.6,93.7,93.9,87.0,128.2,739.6,1400.1,500.0,-3099.9
23019,5852922.7,2050295.6,204.9,460.0,17S05E02K50,187.9,137.9,136.9,71.6,57.3,-91.8,-560.0,-1527.5,-2208.3,50.0,1.0,65.2,14.3,149.1,468.2,967.5,680.8,500.0,-2708.4
2302,5789806.6,2162181.3,142.8,760.0,14S03E04R50,140.3,65.9,38.0,-134.7,-252.2,-402.2,-486.0,-1060.4,-1488.4,74.4,28.0,172.7,117.5,150.0,83.7,574.5,428.0,500.0,-1988.4
23020,5835018.9,2084826.5,113.2,615.0,16S04E24H50,114.3,50.0,46.3,-80.2,-163.8,-264.3,-488.5,-1329.3,-2006.7,64.3,3.7,126.5,83.6,100.6,224.1,840.9,677.3,500.0,-2506.7
23025,5813767,2138072.3,139.4,412.0,14S04E32G54,148.6,113.6,112.6,86.9,85.9,-9.4,-365.4,-366.4,-367.4,35.0,1.0,25.8,1.0,95.3,356.0,1.0,1.0,500.0,-867.4
23027,5768616.6,2166480.5,60.9,620.0,14S02E02H52,60.6,-23.5,-120.7,-193.2,-339.2,-463.7,-763.7,-1351.3,-1763.0,84.1,97.2,72.4,146.0,124.5,300.0,587.6,411.7,500.0,-2263.0
23028,5824455.6,2069652.0,512.4,460.0,17S04E02D50,506.5,481.5,480.5,479.5,478.5,477.5,476.5,475.5,474.5,25.0,1.0,1.0,1.0,1.0,1.0,1.0,1.0,500.0,-25.5
23029,5949347.8,1958510.0,331.2,290.0,20S08E14L50,330.9,280.9,279.9,278.9,277.9,276.9,275.9,274.9,-672.1,50.0,1.0,1.0,1.0,1.0,1.0,1.0,947.0,500.0,-1172.1
23030,5802005,2126832.5,63.2,600.0,15S03E12K50,62.5,-42.0,-98.2,-185.0,-290.3,-430.5,-558.1,-1373.5,-1914.4,104.5,56.2,86.8,105.3,140.2,127.6,815.4,540.9,500.0,-2414.4
23031,5869711.8,2030352.2,231.4,390.0,18S06E07H51,249.9,199.9,198.9,86.8,16.6,-76.9,-126.9,-476.9,-2048.6,50.0,1.0,112.1,70.2,93.5,50.0,350.0,1571.6,500.0,-2548.6
23032,5773741.4,2139305.0,41.6,610.0,14S03E31E01,41.6,-9.4,-79.2,-171.4,-267.8,-468.0,-489.8,-1559.8,-2357.5,50.9,69.8,92.3,96.3,200.2,21.7,1070.1,797.7,500.0,-2857.5
23033,5845835.4,2108832.8,522.8,260.0,15S05E29J51,527.4,502.4,501.4,500.4,499.4,498.4,497.4,496.4,495.4,25.0,1.0,1.0,1.0,1.0,1.0,1.0,1.0,500.0,-4.6
23034,5819960,2119025.4,177.2,720.0,15S04E16R51,176.5,136.6,131.6,-17.8,-52.1,-186.5,-537.9,-1216.9,-1481.9,39.8,5.0,149.4,34.4,134.3,351.4,679.0,265.0,500.0,-1981.9
2305,5881334.8,2043349.1,204.6,928.0,17S06E27N52,207.7,157.7,156.7,70.2,47.0,-72.5,-270.0,-1057.2,-1220.1,50.0,1.0,86.5,23.2,119.6,197.4,787.2,162.8,500.0,-1720.1
23069,5795518.6,2163808.1,159.6,780.0,14S03E02M50,164.1,127.1,122.1,-137.4,-142.3,-148.1,-448.1,-788.5,-789.5,36.9,5.0,259.5,4.9,5.8,300.0,340.4,1.0,500.0,-1289.5
2307,5760997.5,2152129.1,26.9,670.0,14S02E22B01,24.7,-27.6,-94.3,-230.2,-305.5,-499.5,-545.4,-1631.2,-2320.8,52.3,66.7,136.0,75.3,194.0,45.9,1085.8,689.6,500.0,-2820.8
23070,5815145.4,2097223.5,80.2,200.0,16S04E09D50,80.3,40.1,-1.3,-89.0,-124.9,-191.2,-233.0,-1505.9,-2338.2,40.2,41.5,87.6,36.0,66.2,41.8,1272.9,832.4,500.0,-2838.2
23072,5880238.8,2043257.6,200.6,790.0,17S06E28R51,200.7,150.7,149.7,58.5,19.9,-86.0,-314.4,-1088.6,-1258.3,50.0,1.0,91.2,38.6,105.9,228.4,774.2,169.7,500.0,-1758.3
23089,5878400,2028759.4,200.8,370.0,18S06E09K50,200.3,150.3,149.3,114.4,76.4,-93.4,-143.4,-493.4,-1589.9,50.0,1.0,34.9,37.9,169.9,50.0,350.0,1096.4,500.0,-2089.9
23092,5855451.5,2070119.1,246.5,840.0,16S05E34R50,243.2,193.2,119.6,56.6,-68.8,-200.1,-448.8,-1248.5,-1518.0,50.0,73.6,63.0,125.4,131.4,248.7,799.7,269.5,500.0,-2018.0
23094,5816977.8,2109765.0,114.7,560.0,15S04E28L50,118.3,68.3,-66.8,-119.4,-222.6,-362.0,-527.3,-1381.2,-1782.6,50.0,135.1,52.6,103.1,139.5,165.2,854.0,401.4,500.0,-2282.6
23095,5863346.3,2059212.3,189.9,724.0,17S05E12Q50,190.5,140.5,139.5,81.5,8.2,-102.8,-430.5,-1242.3,-1528.2,50.0,1.0,58.0,73.3,110.9,327.7,811.8,285.9,500.0,-2028.2
23096,5918328.1,1981843.7,311.1,300.0,19S07E26D50,315.4,265.4,264.4,263.4,262.4,261.4,260.4,60.4,-1093.0,50.0,1.0,1.0,1.0,1.0,1.0,200.0,1153.3,500.0,-1593.0
23099,5835301.5,2071237.3,120.9,360.0,16S05E31N51,120.6,70.6,69.6,16.4,-36.8,-46.8,-503.8,-1546.7,-2337.6,50.0,1.0,53.2,53.2,10.0,456.9,1043.0,790.9,500.0,-2837.6
23100,5916458.2,1972726.9,414.8,1000.0,20S07E02D50,409.8,384.8,383.8,382.8,381.8,380.8,379.8,130.0,-700.9,25.0,1.0,1.0,1.0,1.0,1.0,249.8,830.9,500.0,-1200.9
23101,5995086.4,1890003.7,536.8,230.0,22S10E20F50,535.3,495.3,494.3,492.3,491.3,490.3,489.3,389.3,-745.1,40.0,1.0,2.0,1.0,1.0,1.0,100.0,1134.3,500.0,-1245.1
23105,5918401,1984420.6,304.5,218.0,19S07E23N50,301.2,251.2,250.2,249.2,248.2,247.2,246.2,46.2,-1138.4,50.0,1.0,1.0,1.0,1.0,1.0,200.0,1184.6,500.0,-1638.4
23106,5813767,2138072.3,139.4,610.0,14S04E32G53,148.6,113.6,112.6,86.9,85.9,-9.4,-365.4,-366.4,-367.4,35.0,1.0,25.8,1.0,95.3,356.0,1.0,1.0,500.0,-867.4
23107,5767605.2,2152834.7,36.7,690.0,14S02E14R50,36.8,-74.5,-108.9,-263.5,-365.7,-486.2,-486.2,-1560.5,-2183.4,111.3,34.4,154.6,102.2,120.5,0.0,1074.3,623.0,500.0,-2683.4
23108,5813971.9,2097998.5,76.3,200.0,16S04E05R50,75.7,41.3,-2.1,-86.9,-111.0,-195.0,-239.1,-1510.8,-2359.8,34.5,43.3,84.8,24.1,84.0,44.2,1271.7,849.0,500.0,-2859.8
23109,5797258.5,2125158.9,64.7,550.0,15S03E11Q50,64.9,-38.5,-108.3,-189.2,-267.7,-399.1,-531.5,-1355.5,-2107.8,103.5,69.7,81.0,78.5,131.4,132.4,824.0,752.3,500.0,-2607.8
23110,5838081,2084698.6,123.1,960.0,16S05E19G50,118.6,52.3,47.3,-44.9,-168.8,-276.9,-527.9,-1282.5,-1919.6,66.3,5.0,92.2,123.9,108.1,251.0,754.6,637.1,500.0,-2419.6
23111,5840918.1,2061231.7,130.8,200.0,17S05E08L50,135.7,85.7,84.7,79.7,64.7,59.7,-398.5,-1463.1,-2347.9,50.0,1.0,5.0,15.0,5.0,458.2,1064.6,884.8,500.0,-2847.9
23118,5894146.9,2020512.2,230.0,165.0,18S06E24B50,230.1,180.1,179.1,120.9,100.9,21.6,-28.4,-378.4,-1352.6,50.0,1.0,58.1,20.0,79.4,50.0,350.0,974.2,500.0,-1852.6
23119,5930719.6,1967074.6,307.2,250.0,20S08E07A53,308.5,258.5,257.5,256.5,255.5,254.5,253.5,65.0,-1149.1,50.0,1.0,1.0,1.0,1.0,1.0,188.5,1214.1,500.0,-1649.1
2312,5776974.2,2155531.6,61.8,626.0,14S03E17T51,65.3,-20.3,-113.6,-219.7,-377.5,-473.2,-475.6,-1423.0,-1947.6,85.5,93.4,106.0,157.8,95.7,2.4,947.4,524.6,500.0,-2447.6
23120,5764287.6,2139619.2,34.3,610.0,14S02E35D50,34.2,-12.5,-81.5,-190.0,-287.7,-435.4,-486.0,-1548.2,-2509.3,46.6,69.1,108.5,97.7,147.7,50.6,1062.2,961.1,500.0,-3009.3
23121,5925955.6,1976483.3,280.0,200.0,19S07E36A50,279.8,229.8,228.8,227.8,226.8,225.8,224.8,24.8,-860.8,50.0,1.0,1.0,1.0,1.0,1.0,200.0,885.6,500.0,-1360.8
23122,5760351.6,2143744.4,31.1,626.0,14S02E27K50,31.0,-11.4,-84.9,-199.8,-292.0,-466.0,-490.7,-1585.4,-2478.7,42.4,73.5,115.0,92.2,174.1,24.7,1094.7,893.4,500.0,-2978.8
23123,5903950.3,1991243.5,445.5,520.0,19S07E17K50,451.4,401.4,400.4,399.4,398.4,397.4,396.4,196.4,-1555.5,50.0,1.0,1.0,1.0,1.0,1.0,200.0,1751.8,500.0,-2055.4
23124,5938305.6,1957441.5,300.9,170.0,20S08E16P50,300.1,200.1,199.1,198.1,197.1,196.1,195.1,244.1,-679.6,100.0,1.0,1.0,1.0,1.0,1.0,-49.0,923.7,500.0,-1179.6
23125,5812412.7,2138111.2,134.0,507.0,14S04E32F51,134.4,99.4,98.4,75.5,74.5,-9.2,-568.6,-622.8,-623.8,35.0,1.0,22.9,1.0,83.7,559.4,54.2,1.0,500.0,-1123.8
23126,5929513.4,1968378.6,301.0,220.0,20S08E06Q50,301.7,251.7,250.7,249.7,248.7,247.7,246.7,46.7,-1309.5,50.0,1.0,1.0,1.0,1.0,1.0,200.0,1356.2,500.0,-1809.5
23127,5928307.4,1969612.6,301.9,210.0,20S08E06L50,301.2,251.2,250.2,249.2,248.2,247.2,246.2,46.2,-1308.8,50.0,1.0,1.0,1.0,1.0,1.0,200.0,1355.0,500.0,-1808.8
23128,5916458.2,1972726.9,414.8,1240.1,20S07E02D51,409.8,384.8,383.8,382.8,381.8,380.8,379.8,130.0,-700.9,25.0,1.0,1.0,1.0,1.0,1.0,249.8,830.9,500.0,-1200.9
23129,5909290.7,1991130.5,431.7,440.0,19S07E16K50,429.4,379.4,378.4,377.4,376.4,375.4,374.4,174.4,-1341.0,50.0,1.0,1.0,1.0,1.0,1.0,200.0,1515.3,500.0,-1841.0
2313,5856159.7,2071051.3,271.1,242.0,14S03E12T54,267.1,217.1,124.9,47.3,-71.9,-202.8,-446.3,-1224.6,-1509.8,50.0,92.2,77.6,119.2,131.0,243.5,778.3,285.2,500.0,-2009.8
23131,5896624,2016001.7,269.2,320.0,18S07E19N50,267.9,217.9,216.9,147.6,96.4,28.4,-71.6,-421.6,-1325.9,50.0,1.0,69.3,51.2,68.0,100.0,350.0,904.3,500.0,-1825.9
23132,5799384.1,2155819.8,139.3,505.0,14S03E14A50,137.1,108.7,103.7,-110.9,-111.9,-159.2,-239.1,-824.3,-825.3,28.5,5.0,214.6,1.0,47.3,79.9,585.2,1.0,500.0,-1325.3
23134,5775169.9,2150916.3,68.5,614.0,14S03E19C51,69.0,-16.3,-76.8,-242.9,-340.9,-446.1,-746.1,-1497.1,-2111.0,85.3,60.6,166.1,98.0,105.2,300.0,751.0,613.9,500.0,-2611.0
23135,5754000.8,2146952.2,37.0,1180.1,14S02E28C02,39.7,-24.7,-95.2,-272.9,-322.8,-454.4,-491.8,-1489.1,-2514.1,64.4,70.5,177.7,49.9,131.6,37.4,997.3,1025.0,500.0,-3014.1
23137,5800806.9,2159699.7,158.1,285.0,14S03E12E55,155.7,127.9,122.9,-122.3,-123.3,-137.6,-239.9,-263.8,-264.8,27.8,5.0,245.1,1.0,14.3,102.3,23.9,1.0,500.0,-764.8
23139,5796838.8,2162438.6,162.4,750.0,14S03E02P51,166.7,112.5,107.5,-130.4,-152.3,-302.3,-561.6,-562.6,-563.6,54.3,5.0,237.9,21.8,150.0,259.3,1.0,1.0,500.0,-1063.6
23140,5895043.6,2006193.0,314.2,642.0,18S06E36R50,313.1,263.1,262.1,197.4,183.4,83.4,33.4,-316.6,-1604.9,50.0,1.0,64.7,14.0,100.0,50.0,350.0,1288.2,500.0,-2104.9
23143,5876683.3,2059375.4,324.0,415.0,17S06E09N51,332.6,282.6,281.6,83.5,81.1,-43.3,-50.2,-51.2,-52.2,50.0,1.0,198.1,2.4,124.4,6.9,1.0,1.0,500.0,-552.2
23144,5767605.2,2152834.7,36.7,614.0,14S02E14R51,36.8,-74.5,-108.9,-263.5,-365.7,-486.2,-486.2,-1560.5,-2183.4,111.3,34.4,154.6,102.2,120.5,0.0,1074.3,623.0,500.0,-2683.4
2315,5774373.6,2155641.8,68.5,260.0,14S03E18E03,70.5,-33.0,-105.9,-236.8,-376.4,-487.3,-787.3,-1461.6,-2019.0,103.5,72.9,130.9,139.6,110.9,300.0,674.3,557.4,500.0,-2519.0
23154,5871057.8,2048988.3,178.0,310.0,17S06E20N50,177.3,127.3,126.3,35.3,-7.4,-155.3,-412.7,-1221.6,-1455.4,50.0,1.0,91.0,42.8,147.9,257.4,808.9,233.8,500.0,-1955.4
23155,5796688.2,2107660.1,161.2,505.0,15S03E35B51,167.0,51.0,-4.0,-96.4,-174.9,-260.4,-560.4,-1274.5,-2662.6,116.0,55.0,92.4,78.5,85.5,300.0,714.1,1388.1,500.0,-3162.6
23157,5773975,2144591.3,47.7,530.0,14S03E30E50,51.9,-8.9,-76.6,-204.8,-279.0,-447.7,-747.7,-1551.4,-2226.9,60.9,67.7,128.2,74.2,168.7,300.0,803.7,675.4,500.0,-2726.9
23158,5786174.7,2114882.0,43.6,720.0,15S03E21Q50,47.5,12.5,11.5,-132.7,-211.2,-291.0,-399.1,-1084.0,-2666.0,35.0,1.0,144.3,78.5,79.8,108.1,684.9,1582.0,500.0,-3166.0
23160,5879210.5,2012948.9,402.8,760.0,18S06E28J50,404.1,354.1,353.1,172.2,155.8,94.6,44.6,-305.4,-2169.2,50.0,1.0,180.9,16.4,61.2,50.0,350.0,1863.8,500.0,-2669.2
23161,5893443,1998216.8,341.1,420.0,19S06E12G50,340.6,290.6,289.6,236.9,205.5,105.5,5.5,-344.5,-1960.8,50.0,1.0,52.7,31.5,100.0,100.0,350.0,1616.3,500.0,-2460.8
23162,5875082.3,2048882.6,183.7,1196.1,17S06E20R52,183.5,133.5,132.5,16.7,-32.2,-121.7,-392.6,-1135.9,-1322.3,50.0,1.0,115.8,48.9,89.5,270.9,743.2,186.4,500.0,-1822.3
23163,5841116,2079204.8,127.2,660.0,16S05E29E50,127.4,67.6,62.6,-52.6,-141.2,-257.7,-498.9,-1339.1,-1928.8,59.8,5.0,115.3,88.5,116.5,241.2,840.2,589.7,500.0,-2428.8
23164,5812334.6,2135441.0,114.9,520.0,14S04E32P50,111.5,76.5,75.5,21.3,20.3,-62.1,-564.0,-987.8,-988.8,35.0,1.0,54.2,1.0,82.5,501.9,423.8,1.0,500.0,-1488.8
23165,5870744.1,2039505.1,171.7,640.0,17S06E32M50,171.3,121.3,120.3,54.1,1.0,-132.3,-345.5,-1306.4,-1763.7,50.0,1.0,66.3,53.0,133.3,213.2,960.9,457.3,500.0,-2263.7
23166,5870655.2,2036953.2,186.8,330.0,18S06E05D51,186.7,136.7,135.7,66.7,8.4,-121.6,-360.3,-1328.6,-1828.9,50.0,1.0,68.9,58.3,130.0,238.7,968.3,500.3,500.0,-2328.9
23167,5880093.5,1999938.0,412.7,300.0,19S06E10D50,408.2,358.2,357.2,237.4,209.3,203.4,140.0,-360.0,-2376.7,50.0,1.0,119.7,28.1,5.9,63.4,500.0,2016.7,500.0,-2876.7
23169,5821325.1,2120350.2,193.9,700.0,15S04E15M50,197.0,162.0,161.0,41.9,19.1,-123.4,-510.5,-1143.6,-1369.3,35.0,1.0,119.1,22.8,142.6,387.0,633.1,225.7,500.0,-1869.3
23170,5987326.6,1890086.1,784.2,340.0,22S09E24H50,760.9,735.9,734.9,733.9,732.9,731.9,730.9,705.9,704.9,25.0,1.0,1.0,1.0,1.0,1.0,25.0,1.0,500.0,204.9
23171,5930689.5,1965712.4,303.2,330.0,20S08E07H50,304.8,264.8,263.8,261.8,260.8,259.8,258.8,158.8,-995.5,40.0,1.0,2.0,1.0,1.0,1.0,100.0,1154.3,500.0,-1495.5
23172,5756334.7,2142260.7,24.7,560.0,14S02E28R50,24.0,-18.3,-97.7,-258.9,-315.2,-444.1,-520.4,-1417.7,-2580.0,42.3,79.5,161.1,56.4,128.9,76.2,897.3,1162.4,500.0,-3080.0
23173,5813662.2,2088997.4,125.2,724.0,16S04E17J50,121.5,55.3,29.2,-2.0,-33.2,-166.5,-270.1,-1389.6,-2517.9,66.2,26.1,31.2,31.2,133.3,103.6,1119.5,1128.3,500.0,-3017.9
23174,5845905.2,2054699.3,205.8,320.0,17S05E16P51,198.2,148.2,147.2,119.7,92.3,-120.2,-585.8,-1547.6,-2330.9,50.0,1.0,27.5,27.5,212.5,465.6,961.8,783.3,500.0,-2830.9
23176,5992518.4,1893992.2,513.5,220.0,22S10E18J50,513.1,473.1,472.1,470.1,469.1,468.1,467.1,367.1,-1147.1,40.0,1.0,2.0,1.0,1.0,1.0,100.0,1514.1,500.0,-1647.1
23177,5992560,1895299.6,498.8,220.0,22S10E18H50,490.5,450.5,449.5,447.5,446.5,445.5,444.5,344.5,-1419.7,40.0,1.0,2.0,1.0,1.0,1.0,100.0,1764.3,500.0,-1919.7
23178,5993793.3,1892674.2,508.6,230.0,22S10E17N51,517.4,477.4,476.4,474.4,473.4,472.4,471.4,371.4,-913.9,40.0,1.0,2.0,1.0,1.0,1.0,100.0,1285.3,500.0,-1413.9
23179,5993793.3,1892674.2,508.6,270.0,22S10E17N52,517.4,477.4,476.4,474.4,473.4,472.4,471.4,371.4,-913.9,40.0,1.0,2.0,1.0,1.0,1.0,100.0,1285.3,500.0,-1413.9
2318,5770276,2131575.0,38.1,524.0,15S02E01Q50,39.1,-20.1,-20.3,-180.4,-257.9,-329.9,-489.9,-1394.7,-2590.1,59.2,0.2,160.1,77.5,72.0,160.0,904.7,1195.4,500.0,-3090.1
23181,5767818.3,2175088.4,108.7,1170.1,13S02E26J50,112.5,11.3,-115.7,-201.6,-263.3,-418.3,-718.3,-1257.1,-1614.5,101.2,127.0,85.9,61.7,155.0,300.0,538.7,357.4,500.0,-2114.5
23183,5901010.8,2029511.7,201.7,110.0,18S07E07A50,200.9,150.9,149.9,143.2,136.5,87.2,40.0,-62.6,-72.6,50.0,1.0,6.7,6.7,49.3,47.2,102.6,10.0,500.0,-572.6
23186,5857329.4,1988786.8,487.0,86.0,19S05E23H01,489.2,464.2,463.2,462.2,461.2,460.2,459.2,458.2,457.2,25.0,1.0,1.0,1.0,1.0,1.0,1.0,1.0,500.0,-42.8
23188,5784408.2,2186488.9,228.2,340.0,13S03E17H01,213.9,198.9,188.9,78.1,68.1,-112.9,-314.6,-916.1,-1082.9,15.0,10.0,110.8,10.0,181.0,201.7,601.5,166.8,500.0,-1582.9
23190,5840529.1,2107913.5,428.8,640.0,15S05E30R50,428.2,378.2,317.5,208.8,188.6,32.0,-191.4,-192.4,-193.4,50.0,60.7,108.8,20.1,156.6,223.4,1.0,1.0,500.0,-693.4
23192,5937227.6,1883695.2,1167.3,293.0,22S08E28P50,-99999.0,-99999.0,-99999.0,-99999.0,-99999.0,-99999.0,1180.3,1080.3,1030.3,0.0,0.0,0.0,0.0,0.0,0.0,100.0,50.0,500.0,530.3
23193,5798114.6,2110250.1,71.7,480.0,15S/03E-26J51,76.7,27.6,-22.0,-150.0,-227.1,-300.8,-600.8,-1351.1,-2489.6,49.1,49.6,128.1,77.1,73.7,300.0,750.3,1138.5,500.0,-2989.6
23194,5854687,1990180.7,633.2,260.0,19S05E23C51,578.4,553.4,552.4,551.4,550.4,549.4,548.4,547.4,546.4,25.0,1.0,1.0,1.0,1.0,1.0,1.0,1.0,500.0,46.4
23195,5817539.5,2128546.5,154.7,390.0,15S04E09C50,151.8,113.9,108.9,2.3,-26.9,-108.4,-494.1,-883.9,-884.9,37.8,5.0,106.6,29.2,81.4,385.7,389.8,1.0,500.0,-1384.9
23196,5769174.2,2127416.5,33.2,500.0,15S02E12L50,35.7,0.7,-0.3,-144.2,-203.5,-258.6,-473.1,-1197.1,-2397.4,35.0,1.0,143.9,59.3,55.1,214.5,724.0,1200.3,500.0,-2897.4
2320,5781044.1,2121450.2,52.2,178.0,15S03E17K51,53.6,-5.4,-54.9,-175.2,-258.4,-333.9,-453.9,-1122.7,-2582.9,59.0,49.5,120.3,83.2,75.5,120.0,668.7,1460.3,500.0,-3082.9
23208,5944525.5,1954745.0,302.9,120.0,21S09E22G50,304.1,204.1,203.1,202.1,201.1,200.1,199.1,248.1,-467.9,100.0,1.0,1.0,1.0,1.0,1.0,-49.0,715.9,500.0,-967.9
23209,5945617.2,1953304.1,319.6,100.0,21S08E22K50,319.7,219.7,218.7,217.7,216.7,215.7,214.7,263.7,-440.0,100.0,1.0,1.0,1.0,1.0,1.0,-49.0,703.7,500.0,-940.0
2321,5803670.1,2118042.7,65.9,603.0,15S/03E-24A51,66.8,-32.7,-92.8,-173.2,-249.7,-417.0,-432.1,-1503.1,-2094.5,99.5,60.1,80.4,76.5,167.3,15.1,1071.0,591.4,500.0,-2594.5
23211,5943905.5,1955080.4,302.9,135.0,21S09E22F50,302.8,202.8,201.8,200.8,199.8,198.8,197.8,246.8,-473.9,100.0,1.0,1.0,1.0,1.0,1.0,-49.0,720.7,500.0,-973.9
23214,5790821,2124425.7,62.8,596.0,15S/03E-15C50,62.8,-1.6,-58.3,-159.8,-271.7,-385.9,-423.8,-1222.5,-2346.6,64.4,56.7,101.5,111.9,114.2,37.9,798.7,1124.2,500.0,-2846.6
23217,5922486.5,2004326.7,284.5,280.0,19S/07E-01D50,283.1,258.1,257.1,256.1,255.1,254.1,253.1,228.1,179.0,25.0,1.0,1.0,1.0,1.0,1.0,25.0,49.1,500.0,-321.0
23218,5925955.6,1976483.3,280.0,300.0,19S07E36A51,279.8,229.8,228.8,227.8,226.8,225.8,224.8,24.8,-860.8,50.0,1.0,1.0,1.0,1.0,1.0,200.0,885.6,500.0,-1360.8
23222,5901533.2,2012861.3,271.6,250.0,18S07E29M50,271.8,221.8,220.8,118.6,84.9,-15.1,-115.1,-465.1,-1267.5,50.0,1.0,102.1,33.8,100.0,100.0,350.0,802.3,500.0,-1767.5
23223,5769752.1,2098283.9,757.6,820.0,16S02E12B53,-99999.0,-99999.0,-99999.0,-99999.0,-99999.0,-99999.0,-99999.0,697.2,174.3,0.0,0.0,0.0,0.0,0.0,0.0,0.0,522.9,500.0,-325.7
23229,5873839.6,2044107.5,173.1,670.0,17S06E29K02,171.7,121.7,120.7,39.0,-12.2,-132.5,-332.8,-1222.2,-1489.6,50.0,1.0,81.8,51.2,120.2,200.3,889.5,267.4,500.0,-1989.6
23232,5934713.7,1898252.6,1811.6,431.0,22S08E17A50,-99999.0,-99999.0,-99999.0,-99999.0,-99999.0,-99999.0,-99999.0,-99999.0,1777.3,0.0,0.0,0.0,0.0,0.0,0.0,0.0,0.0,500.0,1277.3
23240,5795971.1,2178314.3,404.1,441.0,13S03E23N50,428.3,378.3,238.8,106.7,105.7,-20.5,-175.3,-176.3,-177.3,50.0,139.5,132.1,1.0,126.1,154.9,1.0,1.0,500.0,-677.3
23243,5761479.6,2185746.8,64.9,565.0,13S02E15K54,54.6,41.9,36.9,-100.0,-232.3,-359.8,-659.8,-1273.1,-1677.7,12.7,5.0,136.8,132.3,127.5,300.0,613.2,404.6,500.0,-2177.7
23248,5790138.9,2149393.5,83.5,500.0,14S03E22E52,86.2,37.6,-92.4,-184.4,-351.2,-394.0,-694.0,-1231.1,-1707.3,48.6,130.0,92.1,166.7,42.8,300.0,537.1,476.2,500.0,-2207.4
2325,5789294.6,2112209.0,93.6,536.0,15S03E27E04,91.5,76.6,71.6,-81.7,-174.6,-289.6,-589.6,-1107.2,-2687.2,14.9,5.0,153.3,93.0,115.0,300.0,517.6,1580.0,500.0,-3187.2
23251,5880161.6,2040635.1,169.5,1020.0,17S06E33A51,170.3,120.3,119.3,48.4,-0.8,-88.0,-359.0,-1120.5,-1332.7,50.0,1.0,70.9,49.3,87.1,271.0,761.5,212.3,500.0,-1832.7
23252,5873784.8,2050228.4,180.9,1095.1,17S06E20K50,181.5,131.5,130.5,12.4,-29.4,-134.4,-402.5,-1140.9,-1338.4,50.0,1.0,118.1,41.8,105.0,268.1,738.4,197.5,500.0,-1838.4
23253,5783056.9,2185202.1,227.9,380.0,13S03E17K55,195.1,180.1,170.1,61.6,36.7,-149.6,-261.6,-927.0,-1178.8,15.0,10.0,108.6,24.8,186.4,112.0,665.4,251.8,500.0,-1678.8
23271,5785723,2186459.0,225.8,522.0,13S03E16E56,214.2,199.2,189.2,88.1,87.1,-64.7,-335.7,-911.9,-1009.2,15.0,10.0,101.1,1.0,151.8,271.0,576.2,97.3,500.0,-1509.2
23275,5847249.1,2110460.0,529.2,340.0,15S05E28E51,546.6,521.6,520.6,519.6,518.6,517.6,516.6,515.6,514.6,25.0,1.0,1.0,1.0,1.0,1.0,1.0,1.0,500.0,14.6
23277,5788225.2,2181125.0,223.7,450.0,13S03E21G50,232.7,217.7,207.7,96.2,91.4,-61.5,-225.2,-919.0,-954.4,15.0,10.0,111.5,4.7,153.0,163.7,693.7,35.4,500.0,-1454.4
23278,5812490.5,2140764.8,154.2,500.0,14S04E29P51,158.1,133.1,132.1,131.1,130.1,129.1,128.1,127.1,126.1,25.0,1.0,1.0,1.0,1.0,1.0,1.0,1.0,500.0,-373.9
2328,5822116.2,2116275.0,191.9,720.0,15S04E22F50,192.0,190.0,185.0,24.5,9.5,-151.1,-534.8,-1219.7,-1479.6,1.9,5.0,160.6,15.0,160.6,383.8,684.9,259.9,500.0,-1979.6
23280,5988906.5,1848005.3,1062.8,185.0,23S10E31F50,-99999.0,-99999.0,-99999.0,-99999.0,-99999.0,-99999.0,-99999.0,-99999.0,1061.5,0.0,0.0,0.0,0.0,0.0,0.0,0.0,0.0,500.0,561.5
23282,5804631.7,2124181.5,66.0,720.0,15S04E18D50,67.7,-15.5,-78.5,-189.2,-276.0,-396.1,-514.3,-1400.5,-1890.6,83.3,63.0,110.7,86.7,120.1,118.2,886.2,490.1,500.0,-2390.6
23283,5780091.7,2172146.2,72.0,440.0,13S03E32D50,41.7,26.7,16.7,-66.2,-213.8,-293.3,-593.3,-1086.7,-1572.8,15.0,10.0,82.8,147.6,79.5,300.0,493.4,486.0,500.0,-2072.8
23284,5800715.5,2155778.8,144.2,510.0,14S03E13D51,126.0,91.0,90.0,-96.6,-97.6,-147.0,-289.3,-652.6,-653.6,35.0,1.0,186.5,1.0,49.4,142.3,363.3,1.0,500.0,-1153.6
23285,5783571.4,2150960.5,84.2,665.0,14S03E20A51,84.1,15.7,-95.6,-218.3,-382.2,-449.3,-749.3,-1364.2,-1919.2,68.3,111.3,122.7,163.9,67.1,300.0,614.9,555.1,500.0,-2419.2
23289,5864651.6,2011946.6,1080.7,800.0,18S06E30N50,1081.9,1056.9,1055.9,1054.9,1053.9,1052.9,1051.9,1050.9,1049.9,25.0,1.0,1.0,1.0,1.0,1.0,1.0,1.0,500.0,549.9
23290,5853342,1990224.7,746.7,370.0,19S05E23D50,745.7,720.7,719.7,718.7,717.7,716.7,715.7,714.7,713.7,25.0,1.0,1.0,1.0,1.0,1.0,1.0,1.0,500.0,213.7
23291,5805093.5,2119470.0,73.6,540.0,15S04E18N51,72.1,-28.8,-86.6,-180.9,-256.2,-393.8,-470.6,-1466.4,-1993.8,100.9,57.9,94.2,75.3,137.7,76.8,995.8,527.4,500.0,-2493.8
23292,5854687,1990180.7,633.2,130.0,19S05E23C53,578.4,553.4,552.4,551.4,550.4,549.4,548.4,547.4,546.4,25.0,1.0,1.0,1.0,1.0,1.0,1.0,1.0,500.0,46.4
23295,5772691.6,2145958.7,46.5,510.0,14S02E25A50,43.5,-15.4,-76.6,-204.6,-284.3,-443.4,-743.4,-1568.4,-2233.7,58.9,61.3,128.0,79.7,159.1,300.0,825.0,665.3,500.0,-2733.7
23297,5783664.7,2120361.3,65.2,568.0,15S03E16N51,64.8,-5.0,-45.2,-189.0,-259.1,-339.8,-447.5,-1113.8,-2597.1,69.8,40.2,143.8,70.1,80.7,107.8,666.3,1483.3,500.0,-3097.1
23298,5784371.8,2185170.7,335.7,505.0,13S03E17J53,339.5,289.5,255.5,79.1,69.3,-117.8,-338.9,-918.8,-1125.8,50.0,34.0,176.4,9.7,187.2,221.0,580.0,206.9,500.0,-1625.8
23299,5928387.6,1927214.1,701.6,55.0,21S08E18K50,701.1,676.1,675.1,674.1,673.1,672.1,671.1,670.1,669.1,25.0,1.0,1.0,1.0,1.0,1.0,1.0,1.0,500.0,169.1
23304,5851158.9,2050516.7,227.5,500.0,17S05E22L50,229.8,179.8,178.8,129.6,80.4,-89.3,-639.5,-1544.3,-2261.6,50.0,1.0,49.2,49.2,169.7,550.3,904.7,717.3,500.0,-2761.6
23307,5812451.7,2139444.7,140.3,600.0,14S04E32C50,140.5,105.5,104.5,86.7,85.7,5.0,-554.3,-555.3,-556.3,35.0,1.0,17.8,1.0,80.7,559.3,1.0,1.0,500.0,-1056.3
23308,5809870.8,2096775.2,162.0,500.0,16S04E08D50,149.4,48.9,42.9,15.3,-12.2,-159.2,-165.4,-1438.6,-2492.5,100.5,6.0,27.5,27.5,147.0,6.2,1273.3,1053.9,500.0,-2992.5
23311,5959725.8,1938612.7,351.0,65.0,21S09E06F50,353.6,303.6,302.6,301.6,300.6,299.6,298.6,297.6,-693.2,50.0,1.0,1.0,1.0,1.0,1.0,1.0,990.8,500.0,-1193.2
23312,5808515.9,2096797.2,205.8,500.0,16S04E07A50,178.7,84.5,79.5,50.0,20.5,-129.9,-175.7,-1417.3,-2484.4,94.2,5.0,29.5,29.5,150.4,45.8,1241.6,1067.2,500.0,-2984.4
23314,5809919.8,2146091.8,231.6,150.0,14S04E19R50,232.2,207.2,206.2,205.2,204.2,203.2,202.2,201.2,200.2,25.0,1.0,1.0,1.0,1.0,1.0,1.0,1.0,500.0,-299.8
23315,5809919.8,2146091.8,231.6,300.0,14S04E19R51,232.2,207.2,206.2,205.2,204.2,203.2,202.2,201.2,200.2,25.0,1.0,1.0,1.0,1.0,1.0,1.0,1.0,500.0,-299.8
23316,5936594.6,1955515.4,295.9,130.0,20S08E21D50,295.8,195.8,194.8,193.8,192.8,191.8,190.8,149.8,-766.0,100.0,1.0,2.0,1.0,1.0,1.0,41.0,915.8,500.0,-1266.0
23317,5812641.1,2146009.4,300.0,100.0,14S04E20P50,298.8,273.8,272.8,271.8,270.8,269.8,268.8,267.8,266.8,25.0,1.0,1.0,1.0,1.0,1.0,1.0,1.0,500.0,-233.2
23318,5991461.8,1900583.1,410.6,190.0,22S10E07G51,428.5,388.5,387.5,385.5,384.5,383.5,382.5,282.5,-1483.8,40.0,1.0,2.0,1.0,1.0,1.0,100.0,1766.3,500.0,-1983.8
23319,5794479.2,2122522.3,63.4,660.0,15S/03E-14E51,63.2,-8.0,-78.3,-172.9,-264.3,-378.4,-440.4,-1315.0,-2267.5,71.2,70.3,94.6,91.4,114.1,62.0,874.5,952.6,500.0,-2767.5
23320,5904458.5,1997437.8,280.4,340.0,19S07E08G50,281.7,231.7,230.7,229.7,228.7,227.7,226.7,26.7,-1440.4,50.0,1.0,1.0,1.0,1.0,1.0,200.0,1467.1,500.0,-1940.4
23325,5928387.6,1927214.1,701.6,36.0,21S08E18K51,701.1,676.1,675.1,674.1,673.1,672.1,671.1,670.1,669.1,25.0,1.0,1.0,1.0,1.0,1.0,1.0,1.0,500.0,169.1
23331,5832085.9,1977836.6,846.0,200.0,19S05E31M51,851.4,826.4,825.4,824.4,823.4,822.4,821.4,820.4,819.4,25.0,1.0,1.0,1.0,1.0,1.0,1.0,1.0,500.0,319.4
23332,5909739.1,2060975.6,1909.9,50.0,17S07E09F50,-99999.0,-99999.0,-99999.0,-99999.0,-99999.0,-99999.0,-99999.0,-99999.0,1863.7,0.0,0.0,0.0,0.0,0.0,0.0,0.0,0.0,500.0,1363.7
23340,5851620.2,2084021.4,295.2,690.0,16S05E22E50,294.6,159.7,72.1,60.4,46.1,-147.6,-466.1,-1070.6,-1374.5,134.9,87.7,11.7,14.3,193.7,318.5,604.5,303.8,500.0,-1874.4
23342,5864732.4,2014548.0,1119.6,480.0,18S06E30E50,1097.7,1072.7,1071.7,1070.7,1069.7,1068.7,1067.7,1066.7,1065.7,25.0,1.0,1.0,1.0,1.0,1.0,1.0,1.0,500.0,565.7
23343,5780188.9,2176075.5,90.3,500.0,13S03E29E55,84.8,69.8,59.8,-43.9,-121.5,-263.6,-563.6,-1035.1,-1572.9,15.0,10.0,103.7,77.6,142.1,300.0,471.5,537.8,500.0,-2072.9
23344,5840529.1,2107913.5,428.8,290.0,15S05E30R51,428.2,378.2,317.5,208.8,188.6,32.0,-191.4,-192.4,-193.4,50.0,60.7,108.8,20.1,156.6,223.4,1.0,1.0,500.0,-693.4
23351,5786776.8,2175907.8,324.9,620.0,13S03E28F50,326.4,276.4,192.5,46.7,26.3,-158.5,-222.6,-931.0,-1268.8,50.0,84.0,145.8,20.3,184.8,64.1,708.4,337.8,500.0,-1768.8
23359,5766738.5,2166006.2,54.7,600.0,14S02E02G50,39.5,-17.5,-110.9,-188.6,-340.8,-487.4,-787.4,-1388.5,-1819.6,57.0,93.4,77.7,152.3,146.6,300.0,601.1,431.1,500.0,-2319.6
23397,5840604.4,2092210.6,182.4,825.0,16S05E07R50,185.7,175.3,170.3,45.9,-75.0,-157.0,-440.9,-1168.6,-1621.3,10.4,5.0,124.4,120.9,82.1,283.8,727.8,452.7,500.0,-2121.3
23398,5825034.9,2113546.9,202.5,920.0,15S04E22R50,202.4,167.4,166.4,47.0,32.0,-87.4,-475.4,-1145.2,-1451.2,35.0,1.0,119.4,15.0,119.4,388.0,669.8,305.9,500.0,-1951.2
23399,5813198,2125245.1,112.3,820.0,15S04E08Q50,111.4,18.6,13.6,-63.6,-193.1,-271.7,-499.5,-1257.0,-1576.3,92.8,5.0,77.2,129.5,78.5,227.9,757.5,319.3,500.0,-2076.3
23408,5830359.2,2106117.8,241.0,920.0,15S04E36E51,240.3,190.3,167.3,56.3,-31.3,-164.7,-529.4,-1175.8,-1507.8,50.0,23.0,111.0,87.6,133.5,364.7,646.4,332.0,500.0,-2007.8
23409,5762757.6,2184398.2,72.5,540.0,13S02E15R53,46.1,40.1,35.1,-132.5,-267.9,-384.4,-684.4,-1261.8,-1652.1,6.1,5.0,167.6,135.3,116.6,300.0,577.4,390.3,500.0,-2152.1
23410,5949642.7,1954448.0,309.1,105.0,20S08E23F53,309.4,209.4,208.4,207.4,206.4,205.4,204.4,253.4,-299.2,100.0,1.0,1.0,1.0,1.0,1.0,-49.0,552.6,500.0,-799.2
23412,5766746,2144121.1,34.7,618.0,14S02E26J51,34.5,-21.8,-78.1,-187.1,-289.6,-427.1,-455.1,-1637.8,-2394.2,56.3,56.3,109.0,102.5,137.5,28.0,1182.7,756.5,500.0,-2894.2
23413,5875169.4,2024261.3,322.2,380.0,18S06E16M50,320.0,270.0,269.0,120.2,92.2,-37.9,-87.9,-437.9,-1921.2,50.0,1.0,148.7,28.0,130.1,50.0,350.0,1483.4,500.0,-2421.2
23414,5846538.9,2082444.0,183.4,780.0,16S05E21M51,185.2,101.1,41.8,-9.2,-147.8,-256.0,-511.9,-1202.9,-1508.6,84.1,59.3,51.0,138.6,108.3,255.9,691.0,305.7,500.0,-2008.6
23415,5942991.9,1955121.1,302.5,125.0,20S08E22E50,302.6,202.6,201.6,200.6,199.6,198.6,197.6,246.6,-507.0,100.0,1.0,1.0,1.0,1.0,1.0,-49.0,753.6,500.0,-1007.0
23419,5884381.5,2015950.2,246.3,216.0,18S06E27A50,244.1,194.1,193.1,159.3,130.2,40.2,40.0,-460.0,-1739.8,50.0,1.0,33.8,29.1,90.1,0.2,500.0,1279.8,500.0,-2239.8
23422,5818419.8,2115057.7,151.3,800.0,15S04E21K50,150.1,100.1,-22.3,-85.4,-164.8,-290.7,-507.9,-1306.6,-1656.6,50.0,122.4,63.0,79.4,126.0,217.2,798.7,350.0,500.0,-2156.6
23423,5805928.1,2111067.0,58.6,800.0,15S/04E-30F51,56.6,0.2,-56.6,-125.9,-216.2,-333.8,-448.5,-1546.1,-2251.0,56.5,56.8,69.3,90.3,117.6,114.7,1097.6,704.9,500.0,-2751.0
23424,5891705.5,2034477.2,213.1,410.0,18S06E01E04,208.7,158.7,157.7,139.6,121.4,72.5,-23.8,-927.8,-1017.9,50.0,1.0,18.1,18.1,48.9,96.3,903.9,90.1,500.0,-1517.9
23427,5861376.7,2042143.5,162.8,162.0,17S05E36C02,162.5,112.5,111.5,40.2,26.1,-133.1,-360.0,-860.0,-2082.4,50.0,1.0,71.3,14.1,159.1,226.9,500.0,1222.4,500.0,-2582.4
23430,5845658.1,2045639.7,745.2,460.0,17S05E28N02,731.8,681.8,680.8,432.5,184.2,37.9,-462.2,-962.2,-2489.7,50.0,1.0,248.3,248.3,146.3,500.0,500.0,1527.5,500.0,-2989.7
23431,5852875,2076252.8,243.0,560.0,16S05E27N51,246.7,196.7,37.7,0.5,-129.5,-284.8,-467.8,-1202.0,-1421.7,50.0,158.9,37.3,129.9,155.4,183.0,734.1,219.7,500.0,-1921.7
23434,5836313.7,2064264.3,133.3,430.0,17S05E07C03,142.9,92.9,91.9,86.9,71.9,66.9,-443.4,-1463.5,-2418.8,50.0,1.0,5.0,15.0,5.0,510.3,1020.1,955.4,500.0,-2918.8
23440,5837977.5,2086951.2,126.2,769.0,16S05E18Q50,125.0,59.5,59.3,-36.2,-168.6,-273.1,-498.9,-1255.1,-1907.9,65.4,0.2,95.5,132.4,104.5,225.8,756.2,652.8,500.0,-2407.9
23478,5798157.2,2161086.4,162.4,500.0,14S03E11B51,163.6,105.2,100.2,-126.4,-151.8,-301.8,-497.7,-498.7,-499.7,58.3,5.0,226.6,25.4,150.0,196.0,1.0,1.0,500.0,-999.7
23480,5778425.7,2155133.2,78.4,620.0,14S03E18H50,78.2,-15.7,-109.6,-213.5,-380.2,-468.5,-768.5,-1401.0,-1911.8,94.0,93.8,104.0,166.6,88.3,300.0,632.5,510.8,500.0,-2411.8
23484,5778877.6,2131207.9,47.3,500.0,15S03E05N50,46.7,-11.1,-72.7,-180.7,-296.2,-399.6,-467.3,-1311.5,-2430.4,57.8,61.6,108.0,115.5,103.4,67.7,844.2,1119.0,500.0,-2930.4
23485,5802510.3,2122278.7,72.8,513.0,15S03E13G51,72.7,-31.7,-102.7,-206.3,-281.0,-412.1,-513.1,-1446.8,-2015.7,104.4,71.0,103.6,74.7,131.1,101.0,933.7,568.9,500.0,-2515.7
23486,5796718.4,2108954.4,124.3,200.0,15S03E26Q50,118.8,34.8,-20.1,-134.1,-206.4,-267.7,-567.7,-1296.8,-2578.3,84.0,54.9,114.0,72.2,61.3,300.0,729.1,1281.5,500.0,-3078.3
23491,5939127.5,1931013.5,629.3,203.0,21S08E09Q50,642.9,617.9,616.9,615.9,614.9,613.9,612.9,611.9,610.9,25.0,1.0,1.0,1.0,1.0,1.0,1.0,1.0,500.0,110.9
23493,5953739,1988658.5,577.6,242.0,19S08E13N50,566.4,541.4,540.4,539.4,538.4,537.4,536.4,535.4,534.4,25.0,1.0,1.0,1.0,1.0,1.0,1.0,1.0,500.0,34.4
23497,5826417.6,2118846.5,243.7,376.0,15S04E14N52,239.8,204.8,203.8,116.9,104.6,-36.7,-509.0,-1027.3,-1028.3,35.0,1.0,87.0,12.3,141.3,472.2,518.4,1.0,500.0,-1528.3
235,5824827.7,2086086.6,103.3,670.0,16S04E22A50,103.2,49.2,13.6,-89.8,-168.1,-178.3,-197.8,-1527.8,-2330.4,53.9,35.6,103.4,78.3,10.2,19.6,1330.0,802.6,500.0,-2830.4
2352,5832589.2,2107671.2,288.7,660.0,15S04E25P51,288.3,238.3,230.4,131.8,36.2,-127.6,-517.7,-1082.1,-1328.5,50.0,7.9,98.6,95.6,163.8,390.1,564.3,246.4,500.0,-1828.4
23524,5774733.2,2174910.1,188.7,305.0,13S03E30M51,188.8,88.8,-60.4,-105.6,-179.8,-343.9,-643.9,-1142.6,-1595.9,99.9,149.3,45.1,74.2,164.1,300.0,498.7,453.3,500.0,-2095.9
23525,5767135.9,2124927.6,135.5,480.0,15S02E13D50,128.3,94.5,89.5,-110.0,-134.5,-207.3,-230.6,-439.7,-1905.8,33.8,5.0,199.5,24.6,72.8,23.2,209.1,1466.1,500.0,-2405.8
2353,5822336.2,2105329.7,143.3,860.0,15S04E34F51,139.4,3.8,-25.0,-110.9,-209.0,-431.3,-538.4,-1347.0,-1658.9,135.6,28.8,85.9,98.1,222.3,107.1,808.6,311.9,500.0,-2158.9
23530,5847180.5,2053357.6,192.7,185.0,17S05E21B50,198.2,148.2,147.2,122.6,98.0,-119.0,-632.8,-1545.5,-2328.7,50.0,1.0,24.6,24.6,217.0,513.8,912.8,783.1,500.0,-2828.7
23531,5853101.7,2083981.7,329.3,823.0,16S05E22F01,326.9,276.9,87.6,82.6,67.6,62.6,-310.2,-885.5,-1293.6,50.0,189.3,5.0,15.0,5.0,372.8,575.3,408.2,500.0,-1793.6
23545,5762469.7,2166125.2,42.5,400.0,14S02E03H50,43.0,-23.4,-107.0,-206.6,-346.1,-506.8,-806.8,-1425.8,-1855.2,66.3,83.6,99.7,139.5,160.7,300.0,619.1,429.3,500.0,-2355.2
23550,5940801.6,1941479.2,449.8,405.0,20S08E33R51,458.0,408.0,407.0,406.0,405.0,404.0,403.0,402.0,-742.6,50.0,1.0,1.0,1.0,1.0,1.0,1.0,1144.6,500.0,-1242.6
23551,5768918.9,2151454.2,40.1,616.0,14S/02E-24D50,34.9,-68.3,-105.7,-248.1,-337.4,-451.5,-494.0,-1562.1,-2192.9,103.1,37.5,142.4,89.3,114.2,42.5,1068.1,630.8,500.0,-2692.9
23602,5964114.1,1856593.7,1007.0,475.0,23S09E20Q51,-99999.0,-99999.0,-99999.0,-99999.0,-99999.0,-99999.0,-99999.0,-99999.0,1016.0,0.0,0.0,0.0,0.0,0.0,0.0,0.0,0.0,500.0,516.0
23607,5840437.2,2105330.1,425.0,270.0,15S05E31A02,424.5,374.5,313.4,200.2,177.4,14.1,-364.5,-365.5,-366.5,50.0,61.1,113.2,22.8,163.3,378.7,1.0,1.0,500.0,-866.5
23654,5818046.8,2099232.9,89.6,480.0,16S04E04K51,90.1,32.0,-3.4,-86.6,-176.2,-262.4,-562.4,-1503.5,-2188.9,58.1,35.4,83.2,89.6,86.2,300.0,941.0,685.4,500.0,-2688.9
23655,5826340.6,2074070.9,154.8,460.0,16S04E35D03,159.1,109.1,108.1,103.1,88.1,83.1,-406.2,-1418.8,-2794.4,50.0,1.0,5.0,15.0,5.0,489.2,1012.7,1375.5,500.0,-3294.4
23656,5938262.1,1954775.5,297.6,130.0,20S08E21F03,298.4,198.4,197.4,196.4,195.4,194.4,193.4,242.4,-766.8,100.0,1.0,1.0,1.0,1.0,1.0,-49.0,1009.2,500.0,-1266.8
23657,5826023.4,2104356.6,180.2,810.0,15S04E35M50,183.2,56.0,27.6,-58.4,-176.8,-372.9,-514.9,-1292.2,-1708.5,127.3,28.3,86.0,118.5,196.0,142.0,777.3,416.3,500.0,-2208.5
23659,5789805.7,2191691.7,477.3,340.0,13S03E09H53,475.2,425.2,308.5,165.8,164.8,98.4,-100.5,-101.5,-102.5,50.0,116.7,142.7,1.0,66.4,198.9,1.0,1.0,500.0,-602.5
23682,5978457.4,1906206.3,763.4,225.0,22S09E02E50,-99999.0,-99999.0,-99999.0,-99999.0,-99999.0,-99999.0,779.9,544.8,292.4,0.0,0.0,0.0,0.0,0.0,0.0,235.0,252.4,500.0,-207.6
23683,5946053.2,1937470.6,517.4,400.0,21S08E03J50,515.5,465.5,464.5,463.5,462.5,461.5,460.5,459.5,-909.8,50.0,1.0,1.0,1.0,1.0,1.0,1.0,1369.3,500.0,-1409.8
23686,5760539.4,2204362.2,201.4,580.0,12S02E34C50,235.7,185.7,126.0,58.6,52.3,-56.7,-356.7,-1191.4,-1412.5,50.0,59.7,67.4,6.3,109.1,300.0,834.7,221.1,500.0,-1912.5
23703,5866025.8,2014508.6,948.4,800.0,18S06E30F50,942.3,892.3,891.3,691.3,491.3,291.3,40.0,-460.0,-2343.4,50.0,1.0,200.0,200.0,200.0,251.3,500.0,1883.4,500.0,-2843.4
23802,5999088.8,1889907.2,423.7,121.0,22S10E21E50,424.5,384.5,383.5,381.5,380.5,379.5,378.5,278.5,-1164.2,40.0,1.0,2.0,1.0,1.0,1.0,100.0,1442.7,500.0,-1664.2
23813,5758618,2174018.4,30.5,273.0,13S02E27N50,30.9,-5.1,-99.2,-227.1,-307.7,-506.1,-806.1,-1365.1,-1745.9,36.0,94.1,127.9,80.6,198.4,300.0,559.0,380.8,500.0,-2245.9
23814,5757321.9,2174052.1,39.2,273.0,13S02E28R51,30.0,-3.8,-96.9,-221.9,-303.8,-517.5,-817.5,-1376.3,-1776.0,33.8,93.1,125.1,81.8,213.7,300.0,558.8,399.7,500.0,-2276.0
23815,5761075.6,2164941.6,22.6,273.0,14S02E03K50,22.5,-31.5,-105.2,-215.8,-347.4,-507.4,-807.4,-1451.0,-1937.2,54.0,73.7,110.6,131.6,160.0,300.0,643.6,486.3,500.0,-2437.2
23816,5768231.9,2167208.4,36.5,273.0,14S02E02A50,48.1,-20.3,-121.2,-193.2,-336.2,-462.9,-762.9,-1347.8,-1754.2,68.3,101.0,72.0,143.0,126.6,300.0,585.0,406.4,500.0,-2254.2
23817,5763862.6,2166086.5,30.1,273.0,14S02E02E50,31.0,-15.8,-103.3,-196.5,-345.2,-503.9,-803.9,-1411.8,-1845.1,46.8,87.5,93.2,148.7,158.7,300.0,607.8,433.3,500.0,-2345.1
23819,5749676.3,2178149.7,13.2,273.0,13S02E29C50,13.2,0.5,-90.8,-206.7,-322.5,-552.8,-852.8,-1480.4,-2062.6,12.7,91.3,115.9,115.9,230.3,300.0,627.5,582.2,500.0,-2562.6
23820,5756133.1,2177998.5,12.7,273.0,13S02E28B50,13.4,-3.6,-81.4,-219.3,-283.2,-527.9,-827.9,-1381.1,-1809.6,17.0,77.8,137.9,64.0,244.6,300.0,553.3,428.5,500.0,-2309.6
23821,5762113.6,2155677.9,22.8,273.0,14S02E15A50,23.7,-40.2,-101.3,-249.0,-337.8,-492.4,-792.4,-1578.2,-2223.5,63.9,61.1,147.8,88.8,154.5,300.0,785.8,645.3,500.0,-2723.5
23823,5765058.5,2168566.7,11.8,273.0,13S02E35P50,14.4,-14.6,-107.1,-198.2,-346.6,-477.2,-777.2,-1356.7,-1746.0,29.0,92.5,91.1,148.3,130.7,300.0,579.4,389.4,500.0,-2246.0
23825,5745548.6,2173016.5,12.2,273.0,13S02E31B50,12.3,-16.2,-99.3,-216.2,-289.7,-561.3,-861.3,-1472.4,-2214.5,28.5,83.1,116.9,73.5,271.5,300.0,611.1,742.2,500.0,-2714.5
23826,5772076.1,2162042.7,62.9,273.0,14S02E12B50,60.8,-29.9,-95.5,-196.0,-382.9,-479.2,-496.9,-1388.9,-1831.3,90.7,65.5,100.6,186.9,96.3,17.7,892.0,442.3,500.0,-2331.3
23827,5763491.2,2155630.8,23.0,273.0,14S02E14E50,22.9,-46.5,-103.2,-260.5,-347.3,-505.7,-805.7,-1566.2,-2202.2,69.4,56.7,157.3,86.8,158.4,300.0,760.5,636.0,500.0,-2702.2
23828,5757321.9,2174052.1,39.2,273.0,13S02E28R52,30.0,-3.8,-96.9,-221.9,-303.8,-517.5,-817.5,-1376.3,-1776.0,33.8,93.1,125.1,81.8,213.7,300.0,558.8,399.7,500.0,-2276.0
23829,5765154.1,2162287.7,23.4,273.0,14S02E11C50,28.4,-34.1,-99.8,-209.6,-335.5,-506.0,-806.0,-1460.8,-1979.7,62.4,65.7,109.8,125.9,170.5,300.0,654.8,518.9,500.0,-2479.7
23834,5784567.1,2142922.9,42.7,69.0,14S03E28M03,44.4,-19.6,-89.3,-185.1,-325.9,-437.0,-550.6,-1334.0,-2067.9,64.0,69.7,95.8,140.8,111.0,113.7,783.4,733.8,500.0,-2567.9
23846,5784461.7,2140295.6,51.7,70.0,14S03E33D03,52.2,-22.0,-77.3,-177.7,-283.1,-415.1,-555.7,-1329.0,-2117.8,74.2,55.2,100.4,105.4,132.1,140.6,773.3,788.8,500.0,-2617.8
23869,5993793.3,1892674.2,508.6,230.0,22S10E17N53,517.4,477.4,476.4,474.4,473.4,472.4,471.4,371.4,-913.9,40.0,1.0,2.0,1.0,1.0,1.0,100.0,1285.3,500.0,-1413.9
23870,5846759.8,2090772.3,236.0,600.0,16S05E16D50,234.9,199.9,198.9,152.0,80.1,-123.1,-476.0,-1068.7,-1389.8,35.0,1.0,46.8,72.0,203.1,353.0,592.7,321.1,500.0,-1889.8
23875,5774696.3,2173605.3,168.1,400.0,13S03E30N50,136.2,74.4,-75.4,-116.3,-207.8,-357.9,-657.9,-1164.0,-1597.3,61.8,149.8,40.9,91.6,150.0,300.0,506.2,433.2,500.0,-2097.3
23876,5807985.3,2126171.7,73.2,600.0,15S04E07K51,72.1,-5.1,-55.5,-145.7,-253.2,-377.7,-511.7,-1319.7,-1734.7,77.3,50.4,90.2,107.5,124.5,134.0,808.0,415.0,500.0,-2234.7
23877,5764407.6,2200305.2,259.3,600.0,12S02E35N50,264.9,214.9,194.9,96.1,88.9,-42.3,-342.3,-1152.8,-1463.5,50.0,20.0,98.8,7.2,131.1,300.0,810.6,310.7,500.0,-1963.5
23880,5789768.6,2190356.5,320.1,700.0,13S03E09J56,313.9,307.6,302.6,148.4,147.4,93.7,-240.7,-241.7,-242.7,6.3,5.0,154.2,1.0,53.6,334.5,1.0,1.0,500.0,-742.7
23882,5776506.9,2189302.5,373.8,460.0,13S03E07P50,378.2,328.2,178.8,-16.3,-50.7,-219.4,-519.4,-972.0,-1332.1,50.0,149.4,195.1,34.5,168.7,300.0,452.6,360.1,500.0,-1832.1
23883,5781815.1,2187865.4,214.0,300.0,13S03E17C54,196.4,181.4,171.4,40.4,21.3,-149.4,-449.4,-925.7,-1147.8,15.0,10.0,131.0,19.1,170.7,300.0,476.3,222.1,500.0,-1647.8
23884,5778986.4,2181355.5,109.5,403.0,13S03E19H52,121.1,106.1,96.1,-31.3,-74.1,-235.4,-535.4,-1002.9,-1498.3,15.0,10.0,127.4,42.8,161.3,300.0,467.5,495.3,500.0,-1998.3
23888,5781742,2185233.5,137.0,540.0,13S03E17L55,147.5,132.5,122.5,40.5,4.6,-172.2,-202.1,-938.3,-1242.3,15.0,10.0,82.0,35.9,176.9,29.9,736.2,304.0,500.0,-1742.3
23889,5765431.2,2186965.8,186.8,480.0,13S02E14F52,167.1,134.7,129.7,-71.5,-178.8,-349.2,-649.2,-1204.5,-1608.9,32.4,5.0,201.1,107.3,170.3,300.0,555.3,404.4,500.0,-2108.9
23890,5868861.4,2064901.6,304.9,610.0,17S06E06Q50,309.4,259.4,258.4,217.9,177.4,91.5,-411.0,-636.7,-637.7,50.0,1.0,40.5,40.5,85.9,502.5,225.8,1.0,500.0,-1137.7
23893,5895005.3,2004869.8,316.2,800.0,19S06E01A50,316.0,266.0,265.0,215.0,197.8,97.8,47.8,-302.2,-1649.9,50.0,1.0,50.0,17.2,100.0,50.0,350.0,1347.7,500.0,-2149.9
23896,5840062,2086855.2,137.8,650.0,16S05E18R50,135.1,78.2,73.2,-24.1,-160.9,-271.3,-507.7,-1227.8,-1840.7,56.9,5.0,97.2,136.8,110.5,236.4,720.1,612.9,500.0,-2340.7
23897,5796737.6,2158517.5,132.2,690.0,14S03E11L50,131.3,82.0,77.0,-139.5,-177.9,-327.9,-627.9,-896.1,-897.1,49.3,5.0,216.5,38.3,150.0,300.0,268.2,1.0,500.0,-1397.1
23898,5949314.7,1957178.5,322.9,120.0,20S08E14P50,322.9,272.9,271.9,270.9,269.9,268.9,267.9,266.9,-865.9,50.0,1.0,1.0,1.0,1.0,1.0,1.0,1132.8,500.0,-1365.9
239,5747520.9,2156857.3,22.2,500.0,14S/02E-08M02,63.6,-30.3,-125.8,-229.3,-300.9,-485.0,-785.0,-1577.9,-2395.8,93.9,95.5,103.5,71.6,184.1,300.0,792.8,818.0,500.0,-2895.8
23905,5769583.7,2194849.0,181.1,460.0,13S02E01N52,206.2,191.2,181.2,39.4,23.4,-171.8,-471.8,-1055.0,-1349.8,15.0,10.0,141.8,16.0,195.2,300.0,583.2,294.8,500.0,-1849.8
23906,5769389,2185547.6,224.2,420.0,13S02E13M52,244.3,194.3,132.4,-108.1,-155.3,-345.6,-645.6,-1116.5,-1568.9,50.0,61.9,240.5,47.2,190.2,300.0,471.0,452.3,500.0,-2068.9
23907,5779240.4,2190566.0,212.7,520.0,13S03E07J54,226.0,223.5,218.5,4.5,-15.5,-179.2,-479.2,-934.8,-1202.6,2.5,5.0,214.0,20.0,163.7,300.0,455.6,267.8,500.0,-1702.6
23914,5756384.5,2188514.7,9.9,720.0,13S02E16B50,9.9,-5.1,-15.1,-125.4,-175.0,-348.9,-648.9,-1323.1,-1773.4,15.0,10.0,110.3,49.5,174.0,300.0,674.2,450.3,500.0,-2273.4
23918,5756353.7,2187194.8,68.9,730.0,13S02E16G50,65.3,48.7,43.7,-147.2,-195.3,-368.8,-668.8,-1340.3,-1783.3,16.6,5.0,190.9,48.1,173.5,300.0,671.5,442.9,500.0,-2283.3
23919,5779443.8,2199980.2,216.8,400.0,12S03E31R51,248.9,233.6,228.6,105.6,99.4,-81.8,-381.8,-457.4,-458.4,15.3,5.0,123.1,6.1,181.2,300.0,75.6,1.0,500.0,-958.4
23922,5778849.6,2176110.0,93.7,300.0,13S03E30H52,106.1,62.7,47.7,-57.3,-136.4,-282.6,-582.6,-1060.6,-1594.9,43.5,15.0,105.0,79.0,146.3,300.0,478.0,534.3,500.0,-2094.9
23929,5780682.8,2194533.2,350.8,600.0,13S03E05N54,318.8,268.8,239.6,85.8,77.6,-106.6,-406.6,-930.4,-1042.8,50.0,29.1,153.8,8.2,184.2,300.0,523.8,112.4,500.0,-1542.8
23930,5765296.8,2180391.9,112.0,400.0,13S02E23L51,113.2,-8.5,-51.8,-205.7,-236.3,-425.6,-725.6,-1246.7,-1617.5,121.7,43.3,153.9,30.6,189.3,300.0,521.0,370.8,500.0,-2117.5
23939,5779204.5,2189242.9,195.2,350.0,13S03E07R50,212.1,197.1,187.1,-4.8,-33.8,-195.0,-495.0,-940.5,-1245.1,15.0,10.0,191.9,29.1,161.2,300.0,445.5,304.6,500.0,-1745.1
23940,5788571.1,2194396.9,606.8,700.0,13S03E04Q50,-99999.0,-99999.0,-99999.0,-99999.0,-99999.0,-99999.0,-99999.0,-99999.0,564.6,0.0,0.0,0.0,0.0,0.0,0.0,0.0,0.0,500.0,64.6
23941,5787107.8,2189078.0,317.8,770.0,13S03E09P53,326.9,276.9,261.1,111.4,110.4,11.7,-353.2,-694.1,-695.1,50.0,15.8,149.7,1.0,98.7,364.9,340.9,1.0,500.0,-1195.1
23942,5781889.1,2190516.0,376.4,490.0,13S03E08L51,364.8,314.8,258.6,40.6,39.6,-133.7,-433.7,-922.2,-1087.8,50.0,56.2,217.9,1.0,173.4,300.0,488.5,165.5,500.0,-1587.8
23943,5786877.1,2179845.9,291.2,540.0,13S03E21L52,300.9,250.9,219.8,85.2,67.4,-100.9,-192.9,-921.7,-1088.8,50.0,31.1,134.6,17.8,168.3,92.0,728.8,167.1,500.0,-1588.8
23945,5781705.4,2183917.6,185.7,295.0,13S03E17P52,174.7,159.7,149.7,37.5,-0.1,-177.6,-218.1,-943.5,-1272.8,15.0,10.0,112.2,37.6,177.5,40.5,725.5,329.3,500.0,-1772.8
23946,5780321.8,2181322.6,85.2,500.0,13S03E20E52,105.6,90.6,80.6,-1.2,-44.7,-210.3,-242.4,-977.3,-1428.7,15.0,10.0,81.8,43.6,165.6,32.0,734.9,451.4,500.0,-1928.8
23947,5777855.7,2189272.7,470.0,680.0,13S03E07Q50,428.6,378.6,188.6,-12.0,-45.2,-208.1,-508.1,-953.1,-1308.0,50.0,190.0,200.6,33.2,162.9,300.0,444.9,354.9,500.0,-1808.0
23948,5769359.7,2184232.0,150.4,630.0,13S02E13N53,114.9,99.9,89.9,-124.9,-172.4,-362.0,-662.0,-1130.1,-1580.5,15.0,10.0,214.9,47.4,189.6,300.0,468.1,450.3,500.0,-2080.5
23949,5778849.6,2176110.0,93.7,370.0,13S03E30H53,106.1,62.7,47.7,-57.3,-136.4,-282.6,-582.6,-1060.6,-1594.9,43.5,15.0,105.0,79.0,146.3,300.0,478.0,534.3,500.0,-2094.9
23954,5764380.7,2198988.9,147.6,400.0,13S02E02D52,143.8,128.8,118.8,88.7,77.3,-79.8,-379.8,-1156.0,-1519.0,15.0,10.0,30.1,11.4,157.1,300.0,776.3,363.0,500.0,-2019.0
23955,5766901.4,2194955.0,103.3,560.0,13S02E02Q53,131.3,116.3,106.3,40.0,19.2,-185.5,-485.5,-1115.8,-1474.6,15.0,10.0,66.4,20.8,204.7,300.0,630.3,358.7,500.0,-1974.6
23956,5768102.6,2189547.4,243.9,425.0,13S02E11R50,240.8,190.8,162.0,-48.2,-111.3,-291.7,-591.7,-1138.5,-1542.9,50.0,28.9,210.2,63.1,180.5,300.0,546.7,404.4,500.0,-2042.9
23957,5780644.5,2193191.0,310.1,540.0,13S03E08D52,262.1,241.8,236.8,57.4,47.6,-131.2,-431.2,-930.6,-1087.0,20.3,5.0,179.4,9.7,178.8,300.0,499.4,156.4,500.0,-1587.0
23958,5787261,2194423.3,568.7,440.0,13S03E04P50,571.5,521.5,285.2,151.8,150.8,60.5,-170.9,-241.0,-242.0,50.0,236.3,133.4,1.0,90.3,231.3,70.1,1.0,500.0,-742.0
23959,5873591.6,2044741.8,178.5,500.0,17S06E29K03,178.6,128.6,127.6,41.2,-12.2,-132.0,-339.5,-1214.7,-1473.7,50.0,1.0,86.4,53.4,119.8,207.5,875.3,258.9,500.0,-1973.7
23960,5768208.1,2194904.3,190.1,530.0,13S02E02R03,151.7,136.7,126.7,42.6,27.2,-174.6,-474.6,-1085.9,-1405.6,15.0,10.0,84.0,15.5,201.8,300.0,611.3,319.6,500.0,-1905.6
23972,5766740.6,2186933.5,260.3,480.0,13S02E14G02,249.2,199.2,141.8,-81.3,-166.2,-348.1,-648.1,-1175.3,-1588.3,50.0,57.4,223.1,84.9,181.9,300.0,527.2,413.0,500.0,-2088.3
23973,5761479.6,2185746.8,64.9,500.0,13S02E15K01,54.6,41.9,36.9,-100.0,-232.3,-359.8,-659.8,-1273.1,-1677.7,12.7,5.0,136.8,132.3,127.5,300.0,613.2,404.6,500.0,-2177.7
23979,5768051.1,2186901.2,268.8,350.0,13S02E14H02,265.8,215.8,146.1,-84.6,-152.0,-339.5,-639.5,-1148.2,-1573.2,50.0,69.7,230.6,67.4,187.5,300.0,508.7,425.0,500.0,-2073.2
23980,5777632.2,2181388.7,235.0,440.0,13S03E19G02,252.3,158.4,153.4,-55.1,-96.1,-260.8,-560.8,-1031.4,-1506.6,93.9,5.0,208.6,40.9,164.7,300.0,470.6,475.1,500.0,-2006.6
23981,5785652,2183821.0,207.5,460.0,13S03E16N04,218.6,203.6,193.6,84.7,76.3,-98.8,-354.6,-917.6,-1119.0,15.0,10.0,108.9,8.4,175.1,255.8,563.0,201.5,500.0,-1619.0
23982,5772509.2,2196086.4,348.5,497.0,13S02E01K02,352.2,302.2,203.8,59.1,52.1,-127.8,-427.8,-1004.2,-1314.5,50.0,98.3,144.8,7.0,179.8,300.0,576.4,310.3,500.0,-1814.5
23996,5974503.4,1904945.6,706.7,200.0,22S09E03L01,-99999.0,-99999.0,-99999.0,-99999.0,-99999.0,-99999.0,-99999.0,-99999.0,739.3,0.0,0.0,0.0,0.0,0.0,0.0,0.0,0.0,500.0,239.3
24008,5813767,2138072.3,139.4,500.0,14S04E32G01,148.6,113.6,112.6,86.9,85.9,-9.4,-365.4,-366.4,-367.4,35.0,1.0,25.8,1.0,95.3,356.0,1.0,1.0,500.0,-867.4
24034,5881877.1,2011609.0,354.0,660.0,18S06E27P01,349.8,299.8,298.8,182.4,160.7,111.0,100.0,-400.0,-2061.9,50.0,1.0,116.5,21.7,49.7,11.0,500.0,1661.9,500.0,-2561.9
2404,5856160.6,2071050.4,271.6,1040.1,16S05E35N52,267.1,217.1,124.9,47.3,-71.9,-202.8,-446.3,-1224.6,-1509.8,50.0,92.2,77.6,119.2,131.0,243.5,778.3,285.2,500.0,-2009.8
24046,5949380.5,1959841.4,381.6,340.0,20S08E14F03,383.5,333.5,332.5,331.5,330.5,329.5,328.5,327.5,-453.5,50.0,1.0,1.0,1.0,1.0,1.0,1.0,781.0,500.0,-953.5
24047,5918401,1984420.6,304.5,250.0,19S07E23N01,301.2,251.2,250.2,249.2,248.2,247.2,246.2,46.2,-1138.4,50.0,1.0,1.0,1.0,1.0,1.0,200.0,1184.6,500.0,-1638.4
24051,5781742,2185233.5,137.0,200.0,13S03E17L02,147.5,132.5,122.5,40.5,4.6,-172.2,-202.1,-938.3,-1242.3,15.0,10.0,82.0,35.9,176.9,29.9,736.2,304.0,500.0,-1742.3
24066,5785723,2186459.0,0.0,399.0,13S03E16E02,214.2,199.2,189.2,88.1,87.1,-64.7,-335.7,-911.9,-1009.2,15.0,10.0,101.1,1.0,151.8,271.0,576.2,97.3,500.0,-1509.2
24067,5833781.2,2108077.0,314.4,720.0,15S04E25Q02,313.7,263.7,248.1,159.9,54.9,-116.2,-506.1,-1047.4,-1285.3,50.0,15.6,88.2,105.0,171.2,389.8,541.4,237.9,500.0,-1785.3
2408,5753654,2135649.5,172.7,570.0,15S02E04C01,168.3,118.3,56.6,-255.3,-284.1,-367.2,-438.9,-1084.3,-2424.5,50.0,61.7,312.0,28.8,83.0,71.7,645.4,1340.3,500.0,-2924.5
24096,5784242.1,2179911.0,196.1,292.0,13S03E20J01,220.3,205.3,195.3,61.9,24.5,-151.8,-284.9,-936.4,-1266.2,15.0,10.0,133.4,37.4,176.3,133.1,651.4,329.8,500.0,-1766.2
2410,5756248,2135812.0,166.9,490.0,15S02E04A50,163.2,113.2,11.6,-268.2,-298.7,-384.6,-568.2,-1081.4,-2576.7,50.0,101.6,279.8,30.5,85.9,183.6,513.1,1495.3,500.0,-3076.7
24126,5767704.1,2123564.8,196.7,500.0,15S02E13E01,201.3,166.3,165.3,-103.9,-120.4,-192.0,-211.2,-383.8,-1655.9,35.0,1.0,269.2,16.5,71.7,19.2,172.6,1272.1,500.0,-2155.9
24163,5768308,2198896.6,426.3,690.0,13S02E02A01,432.7,382.7,242.0,95.7,92.5,-72.1,-372.1,-1067.9,-1369.1,50.0,140.7,146.3,3.2,164.6,300.0,695.8,301.2,500.0,-1869.2
2419,5752909,2158613.8,16.9,636.0,14S02E09N02,16.3,-33.6,-123.3,-228.5,-343.8,-488.1,-788.1,-1628.4,-2314.7,49.9,89.7,105.2,115.3,144.4,300.0,840.3,686.2,500.0,-2814.7
2420,5854855.2,2065100.5,169.6,810.0,17S05E03R50,166.1,116.1,115.1,56.5,-18.5,-131.3,-489.6,-1325.9,-1758.6,50.0,1.0,58.6,75.0,112.8,358.3,836.3,432.7,500.0,-2258.6
2426,5775220.6,2125528.8,47.4,638.0,15S03E07Q50,47.7,-8.9,-40.5,-140.6,-229.1,-323.0,-455.1,-1227.9,-2561.1,56.6,31.5,100.1,88.5,93.9,132.0,772.8,1333.3,500.0,-3061.1
2428,5788780.1,2112555.9,87.5,518.0,15S03E27E02,96.1,92.8,87.8,-75.0,-155.9,-279.8,-579.8,-1097.1,-2676.4,3.3,5.0,162.8,80.9,123.9,300.0,517.3,1579.3,500.0,-3176.4
243,5773907.1,2162374.3,72.6,678.0,14S/02E-12H01,73.0,-26.2,-91.4,-175.5,-366.5,-457.7,-476.7,-1350.7,-1794.2,99.2,65.2,84.1,191.0,91.2,19.0,874.0,443.5,500.0,-2294.2
2437,5766457.5,2162329.6,51.7,822.0,14S/02E-11B01,47.9,-37.5,-103.4,-203.5,-348.5,-501.9,-801.9,-1451.6,-1941.0,85.4,65.9,100.1,145.0,153.4,300.0,649.6,489.4,500.0,-2441.0
24376,5793348.4,2130769.6,60.1,84.0,15S03E03R03,59.0,-28.4,-70.2,-179.0,-255.8,-393.6,-502.7,-1249.7,-2079.0,87.4,41.8,108.7,76.8,137.8,109.1,747.1,829.3,500.0,-2579.0
24377,5793348.4,2130769.6,60.1,69.0,15S03E03R04,59.0,-28.4,-70.2,-179.0,-255.8,-393.6,-502.7,-1249.7,-2079.0,87.4,41.8,108.7,76.8,137.8,109.1,747.1,829.3,500.0,-2579.0
24378,5793348.4,2130769.6,0.0,90.0,15S03E03R05,59.0,-28.4,-70.2,-179.0,-255.8,-393.6,-502.7,-1249.7,-2079.0,87.4,41.8,108.7,76.8,137.8,109.1,747.1,829.3,500.0,-2579.0
24379,5776155.6,2131291.5,42.1,20.0,15S03E06Q01,42.2,-8.6,-62.2,-175.0,-283.8,-381.2,-468.4,-1357.9,-2489.8,50.8,53.6,112.8,108.8,97.4,87.2,889.6,1131.8,500.0,-2989.8
2438,5933794.9,1972549.1,342.8,296.0,20S08E05C02,355.2,305.2,304.2,303.2,302.2,301.2,300.2,100.2,-846.3,50.0,1.0,1.0,1.0,1.0,1.0,200.0,946.6,500.0,-1346.3
24399,5785874.2,2191772.7,416.5,395.0,13S03E09E01,395.2,345.2,269.2,116.8,115.8,-4.0,-243.7,-666.9,-667.9,50.0,76.1,152.3,1.0,119.8,239.7,423.2,1.0,500.0,-1167.9
24400,5766998.2,2198927.4,376.6,600.0,13S02E02B01,371.8,321.8,237.3,101.2,93.8,-64.5,-364.5,-1097.9,-1416.0,50.0,84.5,136.1,7.4,158.3,300.0,733.4,318.2,500.0,-1916.0
24401,5783167.4,2189160.6,238.7,440.0,13S03E08Q03,247.9,232.9,222.9,55.7,54.7,-116.8,-140.7,-919.6,-1078.3,15.0,10.0,167.1,1.0,171.5,23.9,778.9,158.7,500.0,-1578.3
24496,5847118.1,2050760.2,381.7,1020.0,17S05E21K01,378.6,328.6,327.6,234.0,140.3,-61.0,-696.8,-1531.2,-2377.5,50.0,1.0,93.7,93.7,201.3,635.8,834.4,846.4,500.0,-2877.5
24518,5763039.7,2197709.6,115.0,480.0,13S02E03H02,132.8,112.4,107.4,62.8,50.0,-119.9,-419.9,-1179.4,-1592.5,20.4,5.0,44.6,12.8,169.9,300.0,759.4,413.1,500.0,-2092.5
24519,5796607.7,2153234.7,130.7,500.0,14S03E14L02,129.2,55.1,28.7,-150.7,-223.8,-373.8,-673.8,-1071.1,-1316.3,74.1,26.4,179.4,73.1,150.0,300.0,397.3,245.2,500.0,-1816.3
24520,5775992.1,2127207.5,44.4,650.0,15S03E07K01,44.7,-5.8,-50.6,-147.2,-243.0,-337.0,-455.9,-1251.5,-2589.5,50.5,44.8,96.6,95.8,94.0,118.9,795.6,1338.0,500.0,-3089.5
24524,5817574.4,2084894.8,119.6,270.0,16S04E21G01,119.0,52.6,1.0,-108.1,-140.4,-160.6,-460.6,-1409.2,-2620.2,66.4,51.7,109.1,32.3,20.1,300.0,948.7,1210.9,500.0,-3120.2
24525,5818839.1,2082207.7,221.9,508.0,16S04E21R01,239.6,189.6,3.1,-22.6,-48.2,-49.4,-64.0,-1410.4,-2779.5,50.0,186.6,25.6,25.6,1.1,14.6,1346.4,1369.1,500.0,-3279.5
24542,6012481.9,1900187.7,652.7,200.0,22S10E11G01,662.5,637.5,636.5,635.5,634.5,633.5,632.5,631.5,493.5,25.0,1.0,1.0,1.0,1.0,1.0,1.0,138.0,500.0,-6.5
24565,5888224.8,2045807.5,272.5,450.0,17S06E26D02,277.9,227.9,226.9,186.4,145.8,69.5,-172.8,-301.1,-302.1,50.0,1.0,40.5,40.5,76.3,242.3,128.3,1.0,500.0,-802.1
24586,5766846,2192273.4,164.0,440.0,13S02E11G04,163.1,153.3,148.3,-9.4,-56.9,-245.6,-545.6,-1138.7,-1517.3,9.8,5.0,157.7,47.5,188.7,300.0,593.1,378.6,500.0,-2017.3
24587,5947999.7,1958545.2,329.7,160.0,20S08E14M01,330.0,280.0,279.0,278.0,277.0,276.0,275.0,274.0,-807.2,50.0,1.0,1.0,1.0,1.0,1.0,1.0,1081.2,500.0,-1307.2
24588,5801507,2127338.2,66.9,930.0,15S03E12F03,68.3,-46.5,-99.3,-176.2,-288.8,-433.8,-562.7,-1363.1,-1915.6,114.8,52.8,76.8,112.7,145.0,128.9,800.4,552.4,500.0,-2415.6
24589,5800543.4,2123971.2,69.9,930.0,15S03E13D01,69.5,-45.9,-113.9,-193.5,-275.0,-410.1,-565.7,-1407.9,-2038.5,115.4,68.0,79.5,81.5,135.1,155.6,842.2,630.6,500.0,-2538.5
246,5914209.8,1995044.9,317.6,244.0,19S07E10P02,316.2,266.2,265.2,264.2,263.2,262.2,261.2,61.2,-1241.4,50.0,1.0,1.0,1.0,1.0,1.0,200.0,1302.6,500.0,-1741.4
24644,5821509.1,2083473.8,101.5,580.0,16S04E22L05,109.7,43.3,-3.2,-103.5,-119.2,-129.2,-429.2,-1456.6,-2582.9,66.4,46.4,100.3,15.7,10.0,300.0,1027.4,1126.4,500.0,-3082.9
24645,5812411.1,2091688.0,122.3,115.0,16S04E17B01,127.5,63.7,31.5,6.9,-17.6,-136.7,-217.5,-1388.8,-2508.1,63.8,32.2,24.6,24.6,119.1,80.8,1171.3,1119.3,500.0,-3008.1
24646,5758964.3,2142459.6,30.5,710.0,14S02E27P04,30.3,-11.4,-92.8,-236.2,-304.5,-477.6,-499.3,-1502.6,-2534.1,41.8,81.3,143.4,68.3,173.2,21.7,1003.3,1031.5,500.0,-3034.1
24674,5941134.7,1954721.6,300.6,125.0,20S08E21H01,300.4,200.4,199.4,198.4,197.4,196.4,195.4,244.4,-631.4,100.0,1.0,1.0,1.0,1.0,1.0,-49.0,875.7,500.0,-1131.4
24675,5941134.7,1954721.6,300.6,125.0,20S08E21H02,300.4,200.4,199.4,198.4,197.4,196.4,195.4,244.4,-631.4,100.0,1.0,1.0,1.0,1.0,1.0,-49.0,875.7,500.0,-1131.4
2478,5849993.7,2071739.9,150.6,630.0,16S05E34M50,150.0,100.0,92.5,21.1,-96.4,-267.8,-489.4,-1318.9,-1784.8,50.0,7.5,71.4,117.5,171.3,221.6,829.5,465.9,500.0,-2284.8
24794,5778645.9,2168242.0,105.0,760.0,13S03E31R01,102.3,33.0,9.5,-111.1,-294.1,-346.7,-646.7,-1169.0,-1568.3,69.3,23.5,120.6,182.9,52.7,300.0,522.3,399.3,500.0,-2068.3
24814,5796111.2,2183574.2,399.1,30.0,13S03E14N01,449.1,399.1,394.1,347.8,301.4,208.7,207.7,206.7,205.7,50.0,5.0,46.4,46.4,92.7,1.0,1.0,1.0,500.0,-294.3
24833,5761831.6,2147684.9,26.0,672.0,14S02E22R01,25.0,-16.4,-75.7,-193.9,-279.9,-465.0,-518.5,-1639.0,-2401.6,41.4,59.3,118.2,86.1,185.1,53.5,1120.5,762.6,500.0,-2901.6
24835,5804583.3,2102279.0,0.0,460.0,16S04E06D02,108.7,49.3,44.3,-20.2,-61.7,-239.9,-338.2,-1432.8,-2499.7,59.4,5.0,64.5,41.5,178.2,98.3,1094.7,1066.8,500.0,-2999.7
2485,5841188.7,2096940.7,252.3,640.0,16S05E05N50,251.6,242.8,237.8,148.8,12.4,-75.9,-529.6,-1081.9,-1370.4,8.8,5.0,88.9,136.5,88.3,453.6,552.4,288.5,500.0,-1870.4
2487,5853525.7,2077634.3,270.0,1120.1,16S05E27L51,267.2,217.2,31.5,-4.6,-105.3,-256.9,-469.4,-1172.7,-1456.3,50.0,185.7,36.1,100.7,151.6,212.4,703.3,283.6,500.0,-1956.3
24995,5992939.8,1905847.1,385.2,130.0,22S10E06H01,387.3,287.3,286.3,285.3,284.3,283.3,282.3,331.3,-941.1,100.0,1.0,1.0,1.0,1.0,1.0,-49.0,1272.5,500.0,-1441.1
24996,5789162.5,2157474.1,133.0,700.0,14S03E09R01,131.3,51.2,-2.7,-152.2,-318.2,-468.2,-512.8,-1165.0,-1594.0,80.1,53.9,149.5,166.0,150.0,44.5,652.2,429.1,500.0,-2094.0
24999,5989149.6,1912573.4,379.8,160.0,21S10E31D01,383.2,283.2,282.2,281.2,280.2,279.2,278.2,327.2,-780.2,100.0,1.0,1.0,1.0,1.0,1.0,-49.0,1107.3,500.0,-1280.2
25033,5921671.3,1992844.9,261.4,200.0,19S07E14H01,260.6,210.6,209.6,208.6,207.6,206.6,205.6,5.6,-757.2,50.0,1.0,1.0,1.0,1.0,1.0,200.0,762.8,500.0,-1257.2
25054,5816948.3,2108433.4,110.6,822.0,15S04E28P02,110.3,-23.8,-69.8,-130.7,-218.2,-358.5,-513.2,-1400.4,-1908.5,134.1,46.0,60.9,87.6,140.3,154.7,887.2,508.2,500.0,-2408.5
25073,5861322.1,2044736.6,161.6,290.0,17S05E25L03,155.5,105.5,104.5,22.7,8.4,-123.7,-383.3,-883.3,-2012.1,50.0,1.0,81.8,14.2,132.1,259.5,500.0,1128.9,500.0,-2512.1
2518,5861177.7,2066021.6,267.9,900.0,17S05E01M50,269.2,233.1,228.1,132.7,54.6,-95.5,-403.9,-1199.6,-1438.1,36.1,5.0,95.3,78.1,150.1,308.4,795.7,238.5,500.0,-1938.2
2520,5845110.2,2082871.3,166.8,870.0,16S05E20J50,165.5,80.2,44.2,-15.6,-149.9,-245.6,-533.3,-1226.3,-1677.8,85.3,36.0,59.8,134.3,95.7,287.7,693.0,451.5,500.0,-2177.8
25314,5770934.2,2190793.0,173.0,400.0,13S02E12L03,181.2,175.6,170.6,-25.4,-60.1,-245.3,-545.3,-1052.9,-1453.5,5.7,5.0,196.0,34.7,185.2,300.0,507.6,400.5,500.0,-1953.4
25318,5835031.2,2102909.8,302.2,760.0,15S04E36R04,301.8,251.8,242.7,157.2,43.2,-106.0,-454.4,-1113.4,-1408.9,50.0,9.1,85.6,114.0,149.2,348.4,659.0,295.5,500.0,-1908.9
25336,5760063.7,2180522.5,52.5,610.0,13S02E22L01,37.6,-16.0,-58.6,-220.0,-320.0,-447.6,-747.6,-1314.0,-1697.5,53.6,42.5,161.4,100.0,127.6,300.0,566.4,383.4,500.0,-2197.5
2534,5862743.2,2066267.4,281.5,860.0,17S05E01L50,281.1,231.1,230.1,146.9,85.6,-53.7,-421.2,-1168.4,-1351.5,50.0,1.0,83.2,61.3,139.3,367.5,747.2,183.1,500.0,-1851.5
25354,5829036.5,2110165.6,251.9,670.0,15S04E26H01,252.4,225.5,220.5,79.3,64.3,-131.7,-530.1,-1129.5,-1393.0,26.9,5.0,141.2,15.0,196.0,398.3,599.4,263.5,500.0,-1893.0
2537,5862581.9,2050968.5,171.1,287.0,17S05E24G50,171.4,121.4,120.4,39.3,-34.9,-142.7,-392.4,-1351.2,-1822.6,50.0,1.0,81.1,74.2,107.8,249.7,958.7,471.4,500.0,-2322.6
25373,5804293.5,2141009.9,148.5,812.0,14S03E25R01,149.0,130.1,125.1,-60.7,-61.7,-97.1,-549.7,-1109.4,-1442.7,18.9,5.0,185.7,1.0,35.5,452.6,559.6,333.4,500.0,-1942.7
2540,5895406.8,2026915.7,222.8,231.0,18S06E12R01,221.7,171.7,170.7,151.6,132.6,39.7,-20.0,-876.5,-1100.8,50.0,1.0,19.1,19.1,92.8,59.7,856.5,224.4,500.0,-1600.8
25413,5828403.5,2105606.8,227.7,900.0,15S04E35G01,231.0,181.0,109.2,0.0,-84.0,-232.4,-523.5,-1227.4,-1591.8,50.0,71.8,109.2,84.0,148.4,291.0,704.0,364.3,500.0,-2091.8
25415,6009483.7,1879133.6,544.6,547.0,22S10E35E01,539.8,489.8,488.8,487.8,486.8,485.8,484.8,190.1,-1088.7,50.0,1.0,1.0,1.0,1.0,1.0,294.7,1278.8,500.0,-1588.7
25434,5903297.3,2013837.4,262.1,250.0,18S07E29D02,261.6,211.6,210.6,110.8,77.1,63.1,-36.9,-386.9,-1134.3,50.0,1.0,99.7,33.7,14.0,100.0,350.0,747.5,500.0,-1634.3
25453,5942521.7,1954691.9,301.9,125.0,20S08E22E01,301.9,201.9,200.9,199.9,198.9,197.9,196.9,245.9,-557.4,100.0,1.0,1.0,1.0,1.0,1.0,-49.0,803.3,500.0,-1057.4
25493,5941134.7,1954721.6,300.6,125.0,20S08E21H03,300.4,200.4,199.4,198.4,197.4,196.4,195.4,244.4,-631.4,100.0,1.0,1.0,1.0,1.0,1.0,-49.0,875.7,500.0,-1131.4
25494,5942521.7,1954691.9,301.9,125.0,20S08E22E02,301.9,201.9,200.9,199.9,198.9,197.9,196.9,245.9,-557.4,100.0,1.0,1.0,1.0,1.0,1.0,-49.0,803.3,500.0,-1057.4
25513,6003852.4,1891869.4,472.0,190.0,22S10E15N02,471.8,421.8,420.8,419.8,418.8,417.8,416.8,197.2,-1652.6,50.0,1.0,1.0,1.0,1.0,1.0,219.7,1849.8,500.0,-2152.6
25533,5791484.7,2115791.4,61.3,617.0,15S03E22K01,57.4,24.1,-41.1,-178.5,-282.9,-362.4,-662.4,-1197.2,-2525.4,33.3,65.2,137.4,104.4,79.5,300.0,534.9,1328.2,500.0,-3025.4
25553,5790710.2,2129504.3,60.3,980.0,15S03E10D04,61.9,-4.8,-48.6,-163.2,-253.9,-401.3,-462.5,-1216.6,-2200.0,66.7,43.8,114.6,90.7,147.4,61.2,754.1,983.4,500.0,-2700.0
25573,5757584.5,2185843.8,65.1,660.0,13S02E16J01,48.1,40.2,35.2,-151.6,-217.8,-377.6,-677.6,-1337.1,-1766.8,7.9,5.0,186.8,66.2,159.8,300.0,659.5,429.6,500.0,-2266.8
25597,5946653.6,1958587.8,322.3,130.0,20S08E15J02,321.5,221.5,220.5,219.5,218.5,217.5,216.5,265.5,-281.7,100.0,1.0,1.0,1.0,1.0,1.0,-49.0,547.2,500.0,-781.7
25633,5936840.9,1956135.3,293.7,124.0,20S08E21D04,293.2,193.2,192.2,191.2,190.2,189.2,188.2,147.2,-737.5,100.0,1.0,2.0,1.0,1.0,1.0,41.0,884.7,500.0,-1237.5
25635,5936825.8,1954802.5,298.2,115.0,20S08E21E03,298.5,198.5,197.5,196.5,195.5,194.5,193.5,242.5,-796.6,100.0,1.0,1.0,1.0,1.0,1.0,-49.0,1039.0,500.0,-1296.6
25636,5938262.1,1954775.5,297.6,120.0,20S08E21F04,298.4,198.4,197.4,196.4,195.4,194.4,193.4,242.4,-766.8,100.0,1.0,1.0,1.0,1.0,1.0,-49.0,1009.2,500.0,-1266.8
25637,5938262.1,1954775.5,297.6,110.0,20S08E21F05,298.4,198.4,197.4,196.4,195.4,194.4,193.4,242.4,-766.8,100.0,1.0,1.0,1.0,1.0,1.0,-49.0,1009.2,500.0,-1266.8
25638,5941134.7,1954721.6,300.6,160.0,20S08E21H04,300.4,200.4,199.4,198.4,197.4,196.4,195.4,244.4,-631.4,100.0,1.0,1.0,1.0,1.0,1.0,-49.0,875.7,500.0,-1131.4
25655,5812534.8,2095481.2,89.6,421.0,16S04E08G01,92.6,50.6,12.6,-25.3,-63.3,-171.6,-471.6,-1439.8,-2461.8,42.0,38.0,38.0,38.0,108.3,300.0,968.2,1022.0,500.0,-2961.9
25657,5809907.2,2098068.5,104.8,615.0,16S04E05N01,116.9,43.0,31.6,4.1,-23.3,-172.2,-195.9,-1454.4,-2483.8,73.9,11.5,27.4,27.4,148.9,23.7,1258.6,1029.4,500.0,-2983.9
2571,5893418.3,2009886.1,305.9,900.0,18S06E36B50,305.0,255.0,254.0,174.3,137.6,37.6,-62.4,-412.4,-1569.9,50.0,1.0,79.7,36.7,100.0,100.0,350.0,1157.5,500.0,-2069.9
2590,5762394.5,2141034.3,34.7,469.0,14S02E34A01,34.6,-10.7,-86.4,-194.7,-292.7,-457.2,-488.4,-1538.4,-2511.6,45.3,75.7,108.3,98.0,164.5,31.2,1049.9,973.2,500.0,-3011.6
2595,5955874.4,1946644.6,340.3,80.0,20S08E25Q01,369.7,319.7,318.7,317.7,316.7,315.7,314.7,313.7,-728.0,50.0,1.0,1.0,1.0,1.0,1.0,1.0,1041.8,500.0,-1228.0
2598,5952649.4,1949855.4,319.1,62.0,20S08E25D01,322.3,222.3,221.3,220.3,219.3,218.3,217.3,266.3,-402.0,100.0,1.0,1.0,1.0,1.0,1.0,-49.0,668.3,500.0,-902.0
26-01,5776943.494,2137904.1,45.9,800.0,,45.9,-24.5,-82.3,-180.1,-272.5,-456.7,-517.2,-1486.6,-2321.6,70.4,57.8,97.8,92.5,184.1,60.5,969.5,835.0,500.0,-2821.6
2659,5753028,2162823.1,14.5,610.0,14S/02E-09D04,14.5,-62.6,-140.1,-228.3,-354.6,-507.7,-807.7,-1551.5,-2164.0,77.1,77.5,88.2,126.3,153.1,300.0,743.8,612.6,500.0,-2664.0
266,5851401.2,2068946.9,157.5,631.0,17S/05E-03D01,158.4,120.4,115.4,37.4,-54.3,-212.2,-475.4,-1326.4,-1789.6,37.9,5.0,78.0,91.7,158.0,263.2,851.0,463.1,500.0,-2289.6
2686,5766196,2156620.6,20.2,766.0,14S02E14B50,23.4,-71.0,-111.9,-268.5,-379.4,-523.0,-823.0,-1534.6,-2146.4,94.4,40.9,156.6,110.9,143.6,300.0,711.6,611.9,500.0,-2646.4
2689,5750444,2180618.1,12.5,750.0,13S02E20K50,11.6,0.0,-94.9,-225.8,-318.0,-507.0,-807.0,-1480.5,-2028.5,11.6,94.9,130.8,92.2,189.0,300.0,673.5,548.0,500.0,-2528.5
2698,5756273.5,2166408.1,12.8,630.0,14S02E04G02,12.8,-67.7,-135.5,-232.4,-340.1,-502.6,-802.6,-1455.1,-1950.5,80.4,67.9,96.9,107.6,162.5,300.0,652.5,495.4,500.0,-2450.5
2699,5755968.5,2156003.8,22.6,620.0,14S02E16G01,22.6,-25.9,-91.6,-218.8,-329.9,-465.3,-765.3,-1631.9,-2315.1,48.5,65.7,127.1,111.2,135.4,300.0,866.6,683.2,500.0,-2815.1
270,5815458.1,2117037.7,124.8,823.0,15S04E21E52,125.1,75.1,-55.3,-121.7,-217.0,-329.4,-515.9,-1336.2,-1605.8,50.0,130.4,66.4,95.3,112.4,186.5,820.3,269.6,500.0,-2105.8
271,5791439.1,2162655.1,162.3,690.0,14S/03E-10B01,161.2,64.9,64.6,-138.2,-213.2,-363.2,-371.2,-1018.4,-1409.7,96.3,0.3,202.8,75.0,150.0,8.0,647.3,391.2,500.0,-1909.7
2718,5750272,2156722.3,12.9,635.0,14S02E17B03,13.5,-30.1,-117.0,-233.4,-314.9,-490.5,-790.5,-1631.1,-2388.6,43.6,86.9,116.4,81.4,175.7,300.0,840.6,757.4,500.0,-2888.6
2721,6005436.5,1878435.8,441.4,140.0,22S10E34L50,441.5,391.5,390.5,389.5,388.5,387.5,386.5,220.6,-1121.3,50.0,1.0,1.0,1.0,1.0,1.0,165.9,1342.0,500.0,-1621.3
2742,5795270.1,2150703.8,104.8,750.0,14S03E22A01,101.6,21.4,-10.6,-167.2,-273.2,-423.2,-723.2,-1129.2,-1520.6,80.2,31.9,156.6,106.0,150.0,300.0,406.0,391.4,500.0,-2020.6
2743,5831608.6,2079248.8,113.2,570.0,16S04E25F51,113.4,60.5,48.8,-50.2,-132.8,-153.8,-449.1,-1528.3,-2302.3,52.9,11.6,99.0,82.6,21.0,295.3,1079.2,774.1,500.0,-2802.4
2746,5755461.5,2159950.6,15.8,630.0,14S/02E-09K02,15.1,-49.3,-124.4,-222.4,-352.2,-479.3,-779.3,-1575.0,-2215.5,64.4,75.1,98.0,129.8,127.0,300.0,795.8,640.5,500.0,-2715.5
2749,5823705.3,2113582.4,192.6,810.0,15S04E22Q50,192.9,180.1,175.1,15.9,0.9,-158.3,-523.9,-1224.5,-1513.1,12.8,5.0,159.2,15.0,159.2,365.6,700.6,288.6,500.0,-2013.1
2750,5820511.1,2113411.1,162.3,930.0,15S04E22N50,161.6,111.6,24.7,-59.9,-109.6,-253.0,-504.2,-1291.5,-1666.5,50.0,86.9,84.6,49.7,143.5,251.2,787.3,375.0,500.0,-2166.5
2752,5794030.4,2169730.8,200.9,950.0,13S03E34Q50,201.0,196.6,191.6,-14.6,-65.4,-141.9,-211.3,-767.5,-768.5,4.4,5.0,206.2,50.8,76.4,69.4,556.2,1.0,500.0,-1268.5
2753,5819659,2090342.3,102.4,380.0,16S04E16H50,95.8,37.5,18.6,-98.4,-159.8,-254.7,-554.7,-1476.9,-2377.2,58.3,19.0,117.0,61.3,94.9,300.0,922.2,900.3,500.0,-2877.2
2774,5806202.1,2166182.7,1220.5,870.0,14S04E06D50,-99999.0,-99999.0,-99999.0,-99999.0,-99999.0,-99999.0,-99999.0,-99999.0,1253.5,0.0,0.0,0.0,0.0,0.0,0.0,0.0,0.0,500.0,753.5
2775,5830171.4,2068024.0,209.2,540.0,17S04E01L01,227.8,177.8,176.8,155.6,134.3,58.8,-520.5,-1455.0,-2772.8,50.0,1.0,21.3,21.3,75.5,579.2,934.6,1317.8,500.0,-3272.8
2776,5825370.1,2096391.0,103.5,1000.0,16S04E11D51,104.7,27.3,12.5,-81.8,-175.8,-323.3,-409.2,-1390.1,-2015.8,77.5,14.8,94.3,94.0,147.5,86.0,980.9,625.6,500.0,-2515.8
2777,5768566.4,2143455.7,36.4,590.0,14S02E25M50,36.3,-22.1,-76.5,-189.8,-287.0,-434.2,-461.8,-1629.3,-2374.9,58.4,54.4,113.3,97.2,147.2,27.6,1167.6,745.6,500.0,-2874.9
2779,5753572.5,2150105.8,145.8,614.0,14S02E21E01,142.9,-4.8,-92.9,-254.4,-318.7,-459.4,-469.7,-1579.0,-2473.6,147.7,88.1,161.5,64.3,140.6,10.4,1109.2,894.7,500.0,-2973.6
278,5792378.6,2164662.1,173.4,910.0,14S03E03T52,174.5,113.1,108.1,-132.2,-153.7,-176.7,-295.4,-981.1,-1198.5,61.4,5.0,240.2,21.5,23.1,118.7,685.7,217.4,500.0,-1698.6
2784,5754181,2151255.8,31.0,300.0,14S/02E-21F02,33.5,-8.6,-90.2,-247.8,-317.7,-462.3,-762.3,-1614.9,-2448.4,42.1,81.7,157.6,69.9,144.6,300.0,852.6,833.5,500.0,-2948.4
2785,5784067.3,2162971.2,130.2,820.0,14S03E05R51,128.7,76.2,15.0,-97.4,-351.4,-501.4,-801.4,-1184.5,-1515.9,52.5,61.2,112.4,253.9,150.0,300.0,383.2,331.4,500.0,-2015.9
279,5756052.5,2156039.6,22.5,606.0,14S/02E-16H01,22.6,-25.9,-91.6,-218.8,-329.9,-465.3,-765.3,-1631.9,-2315.1,48.5,65.7,127.1,111.2,135.4,300.0,866.6,683.2,500.0,-2815.1
2791,5752558.5,2147858.8,138.5,600.0,14S02E21N01,141.0,-3.8,-93.1,-267.6,-320.4,-453.6,-482.1,-1473.7,-2515.2,144.9,89.2,174.5,52.8,133.2,28.6,991.6,1041.5,500.0,-3015.2
2794,5830171.4,2068024.0,209.2,608.0,17S04E01F02,227.8,177.8,176.8,155.6,134.3,58.8,-520.5,-1455.0,-2772.8,50.0,1.0,21.3,21.3,75.5,579.2,934.6,1317.8,500.0,-3272.8
2796,5764564.6,2149920.9,32.8,700.0,14S02E23F50,32.9,-19.6,-78.6,-211.8,-294.7,-473.1,-515.9,-1620.4,-2302.9,52.5,59.0,133.2,83.0,178.3,42.8,1104.5,682.6,500.0,-2802.9
2799,5807842.9,2124759.7,72.8,690.0,15S04E07Q52,74.0,-4.9,-62.8,-154.1,-261.5,-379.9,-519.2,-1348.6,-1789.0,78.9,57.9,91.3,107.4,118.4,139.3,829.4,440.4,500.0,-2289.0
2800,5802209.1,2163615.0,365.6,700.0,14S03E01L50,-99999.0,-99999.0,-99999.0,-99999.0,-99999.0,-99999.0,-99999.0,-99999.0,372.8,0.0,0.0,0.0,0.0,0.0,0.0,0.0,0.0,500.0,-127.2
2801,5831533.8,2076575.7,107.4,700.0,16S04E25P50,108.5,58.5,54.6,-51.4,-94.0,-104.0,-488.7,-1539.5,-2356.2,50.0,3.9,106.0,42.7,10.0,384.6,1050.9,816.7,500.0,-2856.2
2802,5763300,2150309.4,31.9,600.0,14S02E23E50,31.6,-15.8,-78.9,-216.7,-298.2,-490.6,-547.7,-1624.5,-2311.2,47.4,63.1,137.8,81.5,192.5,57.1,1076.8,686.8,500.0,-2811.2
2803,5895510.7,1999582.4,327.1,420.0,19S07E07D50,329.1,279.1,278.1,242.3,212.7,112.7,12.7,-337.3,-1801.9,50.0,1.0,35.8,29.6,100.0,100.0,350.0,1464.6,500.0,-2301.9
2805,5753574.6,2166899.8,12.7,820.0,14S02E04D01,12.7,-57.4,-133.0,-225.4,-324.2,-510.0,-810.0,-1470.1,-1958.0,70.1,75.7,92.4,98.8,185.8,300.0,660.1,487.9,500.0,-2458.0
2806,5849535.6,2070086.9,143.2,1020.0,17S05E04A02,144.1,94.1,93.1,18.8,-72.8,-249.0,-490.2,-1349.2,-1846.3,50.0,1.0,74.3,91.6,176.2,241.2,859.0,497.0,500.0,-2346.3
2818,5845007,2066688.5,132.8,610.0,17S05E04M50,133.1,83.1,82.1,7.2,-42.1,-164.4,-507.7,-1469.0,-2102.1,50.0,1.0,74.9,49.3,122.4,343.2,961.4,633.1,500.0,-2602.1
2821,5900299.1,2003958.4,285.5,230.0,19S07E06H03,285.5,235.5,234.5,210.8,194.7,94.7,44.7,-305.3,-1477.3,50.0,1.0,23.7,16.1,100.0,50.0,350.0,1172.0,500.0,-1977.3
2825,5991461.8,1900583.1,410.6,180.0,22S10E07G50,428.5,388.5,387.5,385.5,384.5,383.5,382.5,282.5,-1483.8,40.0,1.0,2.0,1.0,1.0,1.0,100.0,1766.3,500.0,-1983.8
2827,5788299.8,2129099.0,62.8,615.0,15S03E09A51,62.8,-1.1,-45.3,-159.8,-262.9,-383.4,-452.2,-1203.5,-2273.7,63.9,44.2,114.5,103.1,120.6,68.8,751.3,1070.3,500.0,-2773.8
2828,5803363.3,2107475.9,57.4,760.0,15S03E36A50,60.6,10.0,-18.3,-117.2,-196.2,-329.5,-366.3,-1486.7,-2429.2,50.6,28.3,98.9,79.1,133.3,36.7,1120.5,942.5,500.0,-2929.2
2829,5823358,2100476.3,122.5,920.0,16S04E03G52,123.9,19.9,4.6,-74.5,-189.9,-382.8,-463.6,-1380.4,-1911.8,103.9,15.4,79.1,115.4,192.9,80.8,916.8,531.4,500.0,-2411.8
2830,5797592.8,2138560.4,92.7,810.0,14S03E35G50,91.8,19.7,-11.1,-97.3,-182.6,-299.3,-558.7,-1242.6,-1730.5,72.1,30.8,86.2,85.3,116.6,259.4,683.9,487.9,500.0,-2230.5
2832,5773404.6,2160690.1,68.6,735.0,14S02E12G50,67.8,-27.2,-94.4,-191.0,-379.6,-474.0,-477.8,-1394.5,-1847.9,95.0,67.2,96.6,188.6,94.4,3.8,916.7,453.4,500.0,-2347.9
2834,5782374.1,2167152.8,131.7,707.0,14S03E05B01,131.5,63.8,29.8,-90.0,-328.1,-478.1,-778.1,-1126.4,-1516.1,67.8,34.0,119.8,238.1,150.0,300.0,348.3,389.7,500.0,-2016.1
2861,5853861.7,2049044.5,213.9,480.0,17S05E22R50,202.6,152.6,151.6,67.4,65.3,-89.3,-521.6,-1021.6,-2201.7,50.0,1.0,84.2,2.1,154.6,432.3,500.0,1180.1,500.0,-2701.7
2862,5893641.7,2039494.3,203.1,174.0,17S06E36D01,201.7,151.7,150.7,145.7,130.7,125.7,-10.1,-323.1,-324.1,50.0,1.0,5.0,15.0,5.0,135.9,313.0,1.0,500.0,-824.1
2864,5989502.2,1912932.0,407.8,140.0,21S10E31C01,401.8,301.8,300.8,299.8,298.8,297.8,296.8,345.8,-645.6,100.0,1.0,1.0,1.0,1.0,1.0,-49.0,991.4,500.0,-1145.6
296,5786577.1,2126652.8,60.5,252.0,15S03E09K01,60.6,-12.5,-52.0,-169.6,-264.5,-345.8,-445.2,-1193.2,-2374.8,73.1,39.5,117.6,94.9,81.3,99.4,748.0,1181.7,500.0,-2874.8
304,5768195.5,2170811.6,15.1,580.0,,10.8,-10.3,-113.1,-187.8,-308.7,-437.5,-737.5,-1296.6,-1658.3,21.2,102.8,74.7,120.9,128.8,300.0,559.1,361.7,500.0,-2158.3
315,5750713,2166262.8,12.7,552.0,14S02E05G03,12.7,-70.7,-137.1,-219.7,-347.3,-514.8,-814.8,-1507.6,-2054.0,83.4,66.5,82.5,127.6,167.5,300.0,692.7,546.5,500.0,-2554.0
317,5794585.6,2158831.3,151.2,505.0,14S03E10J01,151.0,69.6,64.6,-145.0,-217.1,-367.1,-667.1,-1020.0,-1186.3,81.4,5.0,209.6,72.1,150.0,300.0,352.9,166.2,500.0,-1686.3
323,5805242.6,2118088.5,73.3,451.0,15S/04E-19D02,73.8,-35.3,-87.4,-171.0,-245.0,-398.5,-460.5,-1490.4,-2044.8,109.1,52.1,83.6,74.0,153.5,62.0,1030.0,554.3,500.0,-2544.8
33,5847346.2,2071404.6,142.2,272.0,16S05E33Q01,142.5,100.6,95.6,6.1,-86.0,-252.3,-499.3,-1362.1,-1877.9,42.0,5.0,89.5,92.1,166.3,247.0,862.7,515.9,500.0,-2377.9
333,5894353.8,2003485.3,320.8,300.0,19S06E01H01,322.0,272.0,271.0,223.5,201.5,101.5,51.5,-298.5,-1723.9,50.0,1.0,47.5,22.0,100.0,50.0,350.0,1425.4,500.0,-2223.9
337,5933470.9,1964354.3,323.6,111.0,20S08E08Q03,324.4,284.4,283.4,281.4,280.4,279.4,278.4,178.4,-818.8,40.0,1.0,2.0,1.0,1.0,1.0,100.0,997.2,500.0,-1318.8
351,5869276.7,2035915.6,184.4,246.0,18S/06E-06H01,184.6,134.6,133.6,69.8,15.0,-116.3,-337.5,-837.5,-1910.9,50.0,1.0,63.8,54.8,131.3,221.3,500.0,1073.4,500.0,-2410.9
353,5756969,2157127.8,22.8,669.0,14S02E16A02,22.8,-25.7,-98.1,-220.1,-337.2,-465.0,-765.0,-1614.0,-2281.3,48.5,72.4,122.0,117.1,127.8,300.0,849.0,667.3,500.0,-2781.4
355,5946451.9,1959763.8,328.1,170.0,20S08E15H03,328.5,278.5,277.5,276.5,275.5,274.5,273.5,272.5,-864.0,50.0,1.0,1.0,1.0,1.0,1.0,1.0,1136.5,500.0,-1364.0
361,5901462.3,2012836.0,272.1,254.0,18S07E29M01,271.8,221.8,220.8,118.6,84.9,-15.1,-115.1,-465.1,-1267.5,50.0,1.0,102.1,33.8,100.0,100.0,350.0,802.3,500.0,-1767.5
367,5879262.3,2013074.5,400.3,754.0,18S06E28J01,397.2,347.2,346.2,165.5,152.3,88.1,38.1,-311.9,-2136.3,50.0,1.0,180.7,13.2,64.1,50.0,350.0,1824.5,500.0,-2636.4
370,5770050.5,2139301.8,37.5,516.0,14S02E36G01,37.8,-10.3,-73.0,-173.5,-279.3,-429.6,-522.0,-1603.0,-2421.1,48.0,62.7,100.6,105.8,150.3,92.4,1081.0,818.2,500.0,-2921.1
374,5775973.6,2138058.0,44.4,650.0,14S03E31L01,44.7,-22.7,-83.5,-181.0,-274.1,-458.6,-512.1,-1502.9,-2336.0,67.4,60.9,97.5,93.1,184.5,53.5,990.7,833.2,500.0,-2836.0
378,5826089.7,2106670.2,200.0,754.0,15S04E26T50,197.0,60.8,55.8,-43.7,-136.6,-308.6,-504.6,-1271.3,-1669.2,136.2,5.0,99.5,92.9,172.0,196.0,766.8,397.9,500.0,-2169.2
38,5810061.6,2098888.5,89.1,185.0,16S/04E-05M02,91.3,37.2,22.8,-5.4,-33.6,-183.0,-238.2,-1470.1,-2468.6,54.1,14.4,28.2,28.2,149.4,55.2,1231.9,998.5,500.0,-2968.6
380,5833007.7,2088252.8,116.2,233.0,16S/04E-13K01,116.8,64.7,54.3,-74.7,-157.4,-259.1,-380.2,-1327.5,-1979.4,52.1,10.4,129.0,82.7,101.7,121.1,947.3,651.9,500.0,-2479.4
388,5795576.6,2119419.5,63.1,820.3,388,63.5,-5.0,-75.2,-172.2,-284.6,-357.6,-405.0,-1353.9,-2336.5,68.4,70.2,97.0,112.5,73.0,47.4,948.9,982.6,500.0,-2836.5
397,5810059.1,2107609.5,86.0,348.0,15S/04E-32D02,88.7,11.1,-40.6,-98.5,-178.8,-313.2,-410.7,-1534.6,-2207.4,77.6,51.7,57.9,80.3,134.4,97.5,1123.9,672.8,500.0,-2707.4
402,5772237.6,2147214.5,51.0,625.0,14S02E24R50,49.4,-21.2,-77.3,-207.8,-287.7,-431.1,-731.1,-1563.4,-2214.9,70.5,56.1,130.5,79.9,143.3,300.0,832.4,651.5,500.0,-2714.9
403,5899618.3,2019641.7,230.3,265.0,18S07E19G02,231.4,181.4,180.4,112.9,108.7,34.2,-15.8,-365.8,-1137.4,50.0,1.0,67.6,4.2,74.5,50.0,350.0,771.6,500.0,-1637.4
407,5760287,2156537.6,22.8,660.0,14S/02E-15B01,22.8,-37.6,-99.8,-239.3,-334.8,-474.6,-774.6,-1579.3,-2227.5,60.4,62.2,139.5,95.4,139.8,300.0,804.7,648.2,500.0,-2727.5
420,5829989.2,2091404.9,113.5,572.0,16S/04E-13D01,113.4,56.0,35.5,-89.6,-150.4,-285.7,-585.7,-1366.1,-1997.2,57.4,20.5,125.1,60.8,135.3,300.0,780.4,631.1,500.0,-2497.2
423,5770299.5,2131521.5,38.0,378.0,15S/02E-01K01,39.1,-20.1,-20.3,-180.4,-257.9,-329.9,-489.9,-1394.7,-2590.1,59.2,0.2,160.1,77.5,72.0,160.0,904.7,1195.4,500.0,-3090.1
43,5767378.5,2156214.6,43.6,232.0,14S02E14A01,44.6,-75.7,-111.7,-264.3,-389.8,-522.3,-822.3,-1525.2,-2124.4,120.2,36.1,152.6,125.5,132.5,300.0,702.9,599.2,500.0,-2624.4
44,5894117.3,2028562.7,222.8,350.0,18S06E12K01,223.0,173.0,172.0,148.3,124.6,43.8,-20.0,-925.4,-1111.7,50.0,1.0,23.7,23.7,80.9,63.8,905.4,186.4,500.0,-1611.8
441,5816575.1,2101657.2,93.0,466.0,16S/04E-04C01,91.4,24.3,-6.9,-93.2,-180.2,-284.9,-322.9,-1509.6,-2186.1,67.1,31.1,86.4,87.0,104.6,38.0,1186.7,676.5,500.0,-2686.1
45,5889198.8,2030331.8,213.1,240.0,18S06E11B01,211.8,161.8,160.8,108.6,75.3,9.5,-60.0,-1043.8,-1372.8,50.0,1.0,52.2,33.3,65.8,69.5,983.8,329.0,500.0,-1872.8
46,5919748.8,1983488.0,285.6,212.0,19S07E26B02,285.9,235.9,234.9,233.9,232.9,231.9,230.9,30.9,-1104.4,50.0,1.0,1.0,1.0,1.0,1.0,200.0,1135.4,500.0,-1604.4
465,5837832.7,2078964.4,122.8,326.0,16S05E30G01,122.5,64.2,59.2,-55.2,-143.8,-236.1,-486.0,-1390.9,-2063.1,58.3,5.0,114.3,88.6,92.3,249.9,904.9,672.2,500.0,-2563.1
471,5850329.2,2058019.7,138.8,330.0,17S/05E-15C01,138.3,88.3,87.3,29.3,-39.4,-166.3,-575.2,-1492.1,-2130.5,50.0,1.0,58.0,68.7,126.9,408.9,916.9,638.4,500.0,-2630.5
48,5751829.5,2162231.1,15.2,515.0,14S/02E-08A01,15.2,-56.0,-138.3,-229.6,-352.3,-507.2,-807.2,-1575.5,-2201.6,71.3,82.2,91.4,122.7,154.9,300.0,768.3,626.1,500.0,-2701.6
489,5844236.7,2062260.0,125.4,194.0,17S/05E-09E01,125.6,75.6,74.6,65.1,55.5,-111.3,-552.4,-1541.3,-2246.7,50.0,1.0,9.5,9.5,166.8,441.1,988.8,705.5,500.0,-2746.7
499,5801520.1,2141980.0,136.9,801.0,14S03E25L02,136.4,63.4,58.4,-95.0,-112.7,-262.7,-536.3,-1152.0,-1526.1,73.0,5.0,153.4,17.7,150.0,273.6,615.7,374.1,500.0,-2026.1
506,5824325.7,2089474.2,109.3,518.0,16S04E15H02,107.9,42.5,11.8,-96.6,-171.6,-285.9,-585.9,-1511.6,-2270.8,65.4,30.7,108.5,74.9,114.4,300.0,925.6,759.3,500.0,-2770.8
515,5792902.6,2116274.2,63.2,820.3,515,63.4,22.5,-48.3,-175.0,-283.0,-351.8,-651.8,-1254.4,-2478.7,40.9,70.7,126.7,108.0,68.8,300.0,602.6,1224.3,500.0,-2978.7
520,5852236.7,2065266.9,153.1,299.0,17S05E03P01,155.3,105.3,104.3,44.4,-31.8,-139.7,-484.1,-1354.4,-1841.5,50.0,1.0,59.9,76.2,108.0,344.4,870.3,487.1,500.0,-2341.5
524,5790862.6,2111267.2,121.9,550.0,15S03E27G01,118.3,66.9,61.9,-81.7,-174.5,-280.8,-580.8,-1124.7,-2689.9,51.4,5.0,143.5,92.8,106.3,300.0,544.0,1565.2,500.0,-3189.9
527,5763252,2139333.3,33.2,422.0,14S02E35M01,33.5,-11.7,-83.6,-193.1,-288.1,-440.7,-489.1,-1531.1,-2520.5,45.2,71.9,109.5,95.1,152.5,48.4,1042.1,989.4,500.0,-3020.5
528,5780201.1,2127287.0,52.7,494.0,15S03E08F05,52.8,-10.0,-61.0,-164.1,-269.5,-347.1,-460.6,-1208.3,-2523.7,62.8,51.0,103.1,105.4,77.5,113.6,747.6,1315.4,500.0,-3023.7
531,5764582,2149975.3,32.8,364.0,14S02E23F01,32.9,-19.6,-78.6,-211.8,-294.7,-473.1,-515.9,-1620.4,-2302.9,52.5,59.0,133.2,83.0,178.3,42.8,1104.5,682.6,500.0,-2802.9
535,5790157.1,2111629.5,123.7,540.0,15S03E27K02,114.8,82.7,77.7,-73.4,-163.5,-284.4,-584.4,-1109.1,-2691.4,32.1,5.0,151.1,90.1,121.0,300.0,524.6,1582.3,500.0,-3191.4
536,5781428.6,2134620.3,49.3,614.0,15S03E05C02,49.6,-23.7,-66.8,-180.6,-267.7,-454.2,-492.2,-1333.3,-2294.8,73.3,43.1,113.8,87.0,186.5,38.0,841.2,961.5,500.0,-2794.8
545,5815904.6,2097862.4,83.4,820.3,545,84.0,38.9,-3.1,-88.7,-146.6,-206.5,-231.7,-1521.3,-2295.9,45.0,42.1,85.6,57.9,59.9,25.3,1289.6,774.6,500.0,-2795.9
546,5824903.2,2092812.2,108.8,484.0,16S04E10R02,108.6,31.8,12.6,-104.5,-171.6,-294.4,-337.1,-1456.5,-2150.0,76.8,19.2,117.1,67.1,122.8,42.7,1119.3,693.5,500.0,-2650.0
552,5880605.8,2022808.2,276.8,288.0,18S06E15M01,278.4,228.4,227.4,149.7,117.8,14.1,-20.0,-520.0,-1684.0,50.0,1.0,77.7,31.9,103.7,34.1,500.0,1164.0,500.0,-2184.0
559,5822583.7,2092054.6,102.6,615.0,16S04E15B50,102.4,16.7,5.4,-101.1,-180.7,-280.9,-307.5,-1498.8,-2243.9,85.7,11.2,106.5,79.6,100.2,26.7,1191.2,745.1,500.0,-2743.9
562,5824475.7,2092267.1,107.6,610.0,16S04E10R50,107.6,29.8,11.0,-105.3,-174.8,-298.3,-325.1,-1470.7,-2174.5,77.8,18.8,116.2,69.5,123.5,26.8,1145.6,703.8,500.0,-2674.5
566,5826518.7,2089162.2,106.6,546.0,16S/04E-14M01,107.1,46.6,23.3,-106.7,-160.1,-276.4,-576.4,-1489.1,-2202.1,60.5,23.3,130.0,53.3,116.3,300.0,912.7,713.0,500.0,-2702.1
567,5888462.3,2025274.4,230.3,600.0,18S/06E-14B01,227.7,177.7,176.7,119.0,62.8,0.4,-20.0,-520.0,-1345.3,50.0,1.0,57.7,56.2,62.4,20.4,500.0,825.3,500.0,-1845.3
57,5782760.6,2157853.1,68.1,806.0,14S/03E-08Q03,69.9,37.0,-50.2,-173.9,-385.5,-416.3,-716.3,-1298.5,-1690.6,32.8,87.3,123.7,211.5,30.9,300.0,582.2,392.0,500.0,-2190.6
571,5822092.2,2089165.4,104.2,365.0,16S04E15L01,104.4,40.5,11.5,-94.7,-175.1,-273.6,-573.6,-1509.1,-2326.2,63.9,29.0,106.2,80.4,98.4,300.0,935.5,817.2,500.0,-2826.3
573,5824942.2,2088128.6,105.7,356.0,16S04E15R01,105.8,47.0,16.7,-95.4,-168.1,-257.8,-557.8,-1517.4,-2272.7,58.8,30.3,112.2,72.7,89.6,300.0,959.6,755.3,500.0,-2772.7
576,5824374.2,2087382.1,103.0,312.0,16S04E15R02,103.4,47.6,12.2,-91.2,-170.4,-237.9,-537.9,-1522.4,-2312.1,55.8,35.4,103.4,79.2,67.5,300.0,984.5,789.7,500.0,-2812.1
578,5817787.6,2098807.0,88.8,370.0,16S/04E-04K01,89.2,33.6,-4.5,-86.2,-171.0,-248.6,-548.6,-1512.1,-2212.2,55.6,38.1,81.8,84.7,77.6,300.0,963.5,700.1,500.0,-2712.2
58,5835766.2,2063392.3,208.5,480.0,17S05E07F51,232.2,182.2,181.2,148.4,115.7,10.1,-516.9,-1508.1,-2457.1,50.0,1.0,32.7,32.7,105.6,527.0,991.1,949.1,500.0,-2957.1
583,5822883.2,2093938.1,102.9,658.0,16S04E10K01,103.4,14.8,4.9,-96.3,-181.0,-274.8,-346.9,-1470.4,-2172.1,88.6,9.9,101.2,84.7,93.8,72.1,1123.6,701.7,500.0,-2672.1
587,5747154,2162659.6,11.9,600.0,14S/02E-07A01,12.6,-38.5,-133.4,-234.6,-333.9,-511.9,-811.9,-1586.2,-2235.3,51.1,94.9,101.2,99.4,177.9,300.0,774.3,649.1,500.0,-2735.3
597,5779551.6,2150362.1,65.6,638.0,14S/03E-20D01,66.2,1.8,-79.9,-228.0,-374.8,-450.8,-750.8,-1440.7,-2041.3,64.4,81.7,148.1,146.7,76.0,300.0,689.9,600.5,500.0,-2541.3
60,5896886.8,2016217.8,267.4,240.0,18S07E19N01,267.9,217.9,216.9,147.6,96.4,28.4,-71.6,-421.6,-1325.9,50.0,1.0,69.3,51.2,68.0,100.0,350.0,904.3,500.0,-1825.9
603,5805301.6,2126922.5,63.6,568.0,15S04E07E02,64.4,-16.9,-77.9,-179.8,-275.3,-403.9,-525.8,-1346.7,-1814.5,81.3,61.0,101.9,95.5,128.6,121.8,820.9,467.8,500.0,-2314.4
621,6006069,1888221.8,477.7,168.0,22S10E22A01,476.8,426.8,425.8,424.8,423.8,422.8,421.8,214.3,-894.7,50.0,1.0,1.0,1.0,1.0,1.0,207.5,1109.0,500.0,-1394.7
633,5841110.2,2096934.6,251.3,550.0,16S05E05N01,251.6,242.8,237.8,148.8,12.4,-75.9,-529.6,-1081.9,-1370.4,8.8,5.0,88.9,136.5,88.3,453.6,552.4,288.5,500.0,-1870.4
636,5816398.6,2108900.2,108.5,604.0,15S04E28P01,110.0,-25.1,-70.2,-129.8,-222.0,-358.6,-514.4,-1401.2,-1912.3,135.1,45.2,59.5,92.2,136.6,155.8,886.8,511.1,500.0,-2412.3
64,5922238.9,1972379.8,288.0,90.0,20S07E01D03,282.0,232.0,231.0,230.0,229.0,228.0,227.0,27.0,-1108.9,50.0,1.0,1.0,1.0,1.0,1.0,200.0,1135.9,500.0,-1608.9
643,5806620.1,2116393.5,74.4,600.0,15S04E19F50,70.0,-38.7,-83.6,-158.4,-225.6,-364.6,-504.7,-1493.4,-2053.7,108.7,44.9,74.9,67.1,139.1,140.1,988.7,560.3,500.0,-2553.7
646,5803563.1,2130740.0,81.1,806.0,15S/03E-01R01,81.4,-32.9,-63.5,-140.7,-266.0,-398.3,-552.1,-1297.8,-1750.8,114.3,30.6,77.2,125.3,132.3,153.8,745.7,453.0,500.0,-2250.8
648,5795641.1,2111691.2,63.7,316.0,15S/03E-26F01,65.1,19.0,-33.4,-163.3,-244.4,-286.3,-586.3,-1279.9,-2515.1,46.1,52.5,129.9,81.1,42.0,300.0,693.5,1235.3,500.0,-3015.1
656,5800442,2109713.8,67.5,392.0,15S/03E-25L01,66.2,23.1,-22.3,-137.2,-220.2,-328.9,-628.9,-1420.4,-2451.5,43.1,45.4,115.0,82.9,108.7,300.0,791.5,1031.1,500.0,-2951.5
657,5794566.9,2112905.3,62.8,199.0,15S/03E-26D01,63.4,20.3,-37.3,-169.6,-257.0,-310.5,-610.5,-1260.7,-2529.5,43.1,57.7,132.3,87.4,53.5,300.0,650.2,1268.8,500.0,-3029.5
66,5810940.6,2098217.2,91.4,210.0,16S/04E-05P01,91.5,42.1,9.8,-22.3,-54.5,-188.4,-202.5,-1478.4,-2449.2,49.4,32.3,32.1,32.1,134.0,14.1,1275.9,970.8,500.0,-2949.2
670,5784097.1,2142501.5,49.0,586.0,14S/03E-28M02,49.8,-20.8,-86.9,-184.3,-317.9,-433.6,-552.7,-1345.1,-2085.0,70.6,66.1,97.5,133.6,115.7,119.1,792.4,739.9,500.0,-2585.0
671,5785661.1,2148135.1,81.2,668.0,14S/03E-21L01,81.5,22.9,-99.4,-195.3,-361.1,-444.6,-496.8,-1324.7,-1929.1,58.6,122.3,95.9,165.8,83.5,52.1,828.0,604.3,500.0,-2429.1
680,5845032.2,2084535.0,170.7,653.0,16S/05E-20H01,171.6,85.9,51.3,1.3,-128.5,-234.7,-525.8,-1204.0,-1638.8,85.7,34.5,50.0,129.8,106.2,291.1,678.1,434.8,500.0,-2138.8
700,5804878.6,2110474.6,62.9,176.0,15S/04E-30M01,63.0,2.9,-48.8,-128.0,-220.0,-346.3,-424.8,-1537.5,-2294.3,60.1,51.7,79.2,92.0,126.3,78.5,1112.7,756.8,500.0,-2794.3
701,5846152.9,2082230.2,175.9,652.0,16S05E20R01,176.7,95.2,41.5,-14.8,-152.6,-254.2,-519.2,-1214.9,-1573.1,81.4,53.7,56.4,137.8,101.6,265.0,695.7,358.2,500.0,-2073.1
703,5934032.9,1959006.0,302.4,224.0,20S08E17K02,291.8,251.8,250.8,248.8,247.8,246.8,245.8,145.8,-630.5,40.0,1.0,2.0,1.0,1.0,1.0,100.0,776.3,500.0,-1130.5
705,5824971.7,2075988.7,165.7,255.0,16S04E35D02,172.0,54.2,49.2,44.2,29.2,24.2,-374.4,-1455.8,-2802.1,117.9,5.0,5.0,15.0,5.0,398.6,1081.3,1346.4,500.0,-3302.1
708,5881899.3,2032688.1,193.5,195.0,18S06E03P01,192.9,142.9,141.9,94.2,51.0,-82.7,-294.3,-1170.0,-1389.7,50.0,1.0,47.6,43.3,133.7,211.6,875.6,219.8,500.0,-1889.7
726,5933771.4,1972812.2,364.4,364.0,19S08E32T52,355.2,305.2,304.2,303.2,302.2,301.2,300.2,100.2,-846.3,50.0,1.0,1.0,1.0,1.0,1.0,200.0,946.6,500.0,-1346.3
731,5767734.5,2146147.5,32.8,478.0,14S02E26A04,32.8,-29.5,-83.1,-200.8,-293.6,-426.8,-428.9,-1623.6,-2330.7,62.3,53.6,117.7,92.8,133.3,2.0,1194.7,707.1,500.0,-2830.7
734,5777766.6,2153737.1,73.2,513.0,14S03E18J01,74.0,-8.2,-98.5,-220.8,-377.5,-475.5,-775.5,-1432.6,-1995.1,82.2,90.3,122.3,156.8,98.0,300.0,657.1,562.5,500.0,-2495.1
736,5931615.4,1971971.7,327.5,230.0,20S08E05D01,326.7,276.7,275.7,274.7,273.7,272.7,271.7,71.7,-1028.1,50.0,1.0,1.0,1.0,1.0,1.0,200.0,1099.8,500.0,-1528.1
75,5746325,2179188.9,12.9,1562.1,13S02E19Q03,13.0,-11.7,-93.8,-219.8,-338.7,-535.8,-835.8,-1497.1,-2220.6,24.7,82.1,126.0,118.9,197.1,300.0,661.3,723.5,500.0,-2720.6
761,5789526.6,2112062.2,96.9,508.0,15S03E27E01,91.5,76.6,71.6,-81.7,-174.6,-289.6,-589.6,-1107.2,-2687.2,14.9,5.0,153.3,93.0,115.0,300.0,517.6,1580.0,500.0,-3187.2
768,5906173.8,2012746.3,257.3,218.0,18S07E29J01,257.2,207.2,206.2,111.0,79.5,-20.5,-120.5,-470.5,-1034.7,50.0,1.0,95.2,31.5,100.0,100.0,350.0,564.2,500.0,-1534.7
773,5824093.7,2110662.2,191.4,608.0,15S04E27G01,187.0,137.0,84.6,-23.3,-60.5,-211.3,-521.0,-1255.3,-1612.3,50.0,52.5,107.9,37.2,150.7,309.8,734.2,357.1,500.0,-2112.3
776,5893519.8,2029992.3,219.2,220.0,18S06E12C02,219.2,169.2,168.2,144.0,119.8,54.5,-60.0,-932.5,-1089.9,50.0,1.0,24.2,24.2,65.3,114.5,872.5,157.3,500.0,-1589.9
779,5897508.3,2031385.3,195.6,194.0,18S07E07C01,195.7,145.7,144.7,139.4,134.0,64.0,-20.0,-540.7,-541.7,50.0,1.0,5.3,5.3,70.0,84.0,520.7,1.0,500.0,-1041.7
780,5757865,2159392.1,22.4,588.0,14S/02E-10M02,19.4,-34.4,-106.0,-226.4,-340.1,-465.5,-765.5,-1569.8,-2208.9,53.8,71.5,120.4,113.7,125.4,300.0,804.3,639.0,500.0,-2708.9
783,5893573.3,2025987.6,224.1,244.0,18S/06E-12Q01,224.2,174.2,173.2,141.2,109.2,25.2,-20.0,-984.8,-1252.4,50.0,1.0,32.0,32.0,83.9,45.2,964.8,267.6,500.0,-1752.4
787,5893093.3,2030800.4,217.0,236.0,18S/06E-12C01,217.1,167.1,166.1,140.6,115.1,58.1,-60.0,-940.5,-1094.9,50.0,1.0,25.5,25.5,57.0,118.1,880.5,154.5,500.0,-1594.9
788,5890589.3,2027530.6,213.7,235.0,18S06E11J01,212.9,162.9,161.9,109.7,69.8,5.6,-60.0,-1057.0,-1365.1,50.0,1.0,52.2,39.9,64.2,65.6,997.0,308.2,500.0,-1865.1
795,5894719.3,2031527.6,214.0,243.0,18S06E01Q01,214.1,164.1,163.1,145.4,127.8,63.8,-60.0,-892.6,-940.6,50.0,1.0,17.6,17.6,64.0,123.8,832.6,48.0,500.0,-1440.6
796,5891961.3,2031688.2,215.2,405.0,18S06E01N01,215.4,165.4,164.4,135.8,107.2,55.4,-60.0,-960.9,-1133.5,50.0,1.0,28.6,28.6,51.8,115.4,900.9,172.7,500.0,-1633.5
805,5779555.6,2153725.3,82.4,600.0,14S03E17M01,84.0,3.0,-93.2,-213.1,-383.6,-467.6,-767.6,-1400.0,-1935.3,81.0,96.2,119.8,170.5,84.0,300.0,632.4,535.3,500.0,-2435.3
806,5808279.6,2135253.0,105.1,710.0,14S04E31Q02,105.3,83.9,78.9,-48.3,-49.3,-155.6,-548.7,-1128.0,-1440.7,21.4,5.0,127.3,1.0,106.3,393.0,579.3,312.7,500.0,-1940.7
809,5808921.1,2133789.0,102.9,710.0,,100.1,51.0,46.0,-61.0,-94.5,-173.4,-540.3,-1149.5,-1477.8,49.0,5.0,107.0,33.5,78.9,367.0,609.1,328.3,500.0,-1977.8
815,5774884.1,2151113.3,63.4,360.0,14S03E18P50,56.5,-18.2,-78.5,-243.9,-342.6,-451.4,-751.4,-1497.1,-2107.5,74.7,60.3,165.3,98.8,108.8,300.0,745.6,610.5,500.0,-2607.5
817,5765268,2145381.3,32.2,606.0,14S02E26T50,32.0,-14.3,-77.8,-186.5,-287.6,-429.1,-451.7,-1639.7,-2383.6,46.3,63.5,108.7,101.1,141.5,22.6,1188.0,743.9,500.0,-2883.6
825,5897973.3,2009696.8,292.1,252.0,18S07E31C03,291.9,241.9,240.9,141.5,119.9,19.9,-80.1,-430.1,-1424.9,50.0,1.0,99.5,21.6,100.0,100.0,350.0,994.8,500.0,-1924.9
826,5838068.2,2084676.9,123.1,530.0,16S/05E-19G01,118.6,52.3,47.3,-44.9,-168.8,-276.9,-527.9,-1282.5,-1919.6,66.3,5.0,92.2,123.9,108.1,251.0,754.6,637.1,500.0,-2419.6
838,5862221.2,2039427.5,172.1,510.0,17S05E36K50,171.1,121.1,120.1,51.6,33.9,-129.9,-239.7,-739.7,-2127.8,50.0,1.0,68.5,17.7,163.8,109.8,500.0,1388.1,500.0,-2627.8
841,5833297.7,2106534.5,296.0,720.0,15S04E25P50,296.8,246.8,239.2,151.7,33.5,-128.4,-509.9,-1083.0,-1331.7,50.0,7.6,87.5,118.2,161.9,381.5,573.1,248.6,500.0,-1831.7
861,5758779,2153588.8,22.8,595.0,14S02E15P01,22.8,-40.0,-97.7,-226.1,-310.9,-482.4,-782.4,-1633.6,-2322.5,62.8,57.7,128.3,84.9,171.5,300.0,851.2,688.8,500.0,-2822.5
866,5780040.6,2162418.1,106.7,800.0,14S03E05N01,106.7,36.2,-21.7,-108.3,-346.7,-401.4,-701.4,-1261.0,-1662.5,70.5,57.9,86.6,238.4,54.6,300.0,559.6,401.6,500.0,-2162.5
868,5781924.1,2161724.3,113.8,716.0,14S03E08B01,115.0,64.6,-8.0,-112.6,-366.4,-391.6,-691.6,-1241.3,-1601.9,50.4,72.6,104.6,253.8,25.2,300.0,549.7,360.6,500.0,-2101.9
87,5814411.1,2094777.1,78.3,175.0,16S04E08J01,78.7,44.1,5.1,-39.1,-83.3,-164.4,-173.5,-1452.1,-2422.0,34.6,39.0,44.2,44.2,81.1,9.2,1278.6,969.9,500.0,-2922.0
871,5846876.2,2080262.5,171.8,832.0,16S05E28D01,174.0,112.3,33.4,-33.5,-160.0,-270.8,-504.1,-1226.4,-1663.0,61.7,79.0,66.8,126.5,110.8,233.4,722.3,436.6,500.0,-2163.0
872,5793553.1,2118824.7,63.0,600.0,15S/03E-22A02,63.1,10.1,-61.2,-168.4,-279.9,-343.9,-379.1,-1296.0,-2420.3,52.9,71.3,107.2,111.5,64.1,35.2,916.9,1124.2,500.0,-2920.3
874,5835732.4,2095476.5,193.4,598.0,16S05E07E01,189.7,119.4,102.4,18.5,-84.5,-172.7,-366.3,-1213.5,-1654.6,70.3,17.1,83.9,103.0,88.2,193.6,847.1,441.1,500.0,-2154.6
879,5765176,2149386.3,35.6,784.0,14S02E23L02,35.4,-20.9,-79.1,-208.6,-292.9,-465.8,-504.1,-1621.2,-2306.3,56.3,58.2,129.5,84.3,172.8,38.3,1117.1,685.2,500.0,-2806.3
882,5760557.5,2164394.3,22.8,600.0,14S/02E-03K02,22.7,-39.3,-110.3,-222.8,-347.8,-503.3,-803.3,-1465.2,-1994.6,62.0,71.0,112.5,125.0,155.4,300.0,661.9,529.4,500.0,-2494.6
884,5768765,2146329.8,33.0,700.0,14S/02E-25D03,33.5,-37.4,-84.4,-203.5,-290.5,-425.5,-725.5,-1610.7,-2302.0,70.9,47.0,119.1,87.0,135.0,300.0,885.2,691.2,500.0,-2802.0
886,5768338,2150397.6,33.8,467.0,14S/02E-24E01,34.0,-65.1,-102.3,-236.2,-317.3,-435.8,-490.6,-1578.5,-2223.4,99.0,37.2,133.9,81.0,118.5,54.7,1087.9,644.9,500.0,-2723.4
890,5762636.5,2148492.5,32.6,441.0,14S02E22Q50,33.6,-13.6,-75.9,-197.5,-281.8,-479.8,-524.0,-1638.9,-2361.6,47.2,62.3,121.6,84.3,198.0,44.2,1114.9,722.7,500.0,-2861.6
891,5776000.6,2150840.1,69.6,500.0,14S/03E-18P51,67.4,-12.7,-77.1,-239.8,-346.1,-446.3,-746.3,-1488.5,-2102.7,80.1,64.4,162.7,106.3,100.3,300.0,742.2,614.2,500.0,-2602.7
898,5787939.6,2120828.5,62.9,572.0,15S/03E-16J50,62.9,10.7,-54.1,-189.8,-277.8,-349.2,-424.9,-1175.5,-2489.5,52.1,64.9,135.7,88.0,71.4,75.7,750.5,1314.0,500.0,-2989.5
903,5797952.6,2122610.2,69.3,277.0,15S03E14H01,69.4,-32.4,-103.1,-185.8,-266.6,-393.4,-509.1,-1391.1,-2153.3,101.8,70.7,82.8,80.8,126.8,115.7,882.0,762.2,500.0,-2653.3
911,5852750.7,2062549.4,152.3,254.0,17S/05E-10G01,151.7,101.7,100.7,45.8,-5.5,-114.5,-552.6,-1387.0,-1914.7,50.0,1.0,54.9,51.3,108.9,438.2,834.3,527.7,500.0,-2414.7
915,5847990.7,2077085.2,182.8,903.0,16S/05E-28P01,186.4,136.4,38.9,-37.8,-146.6,-284.5,-490.2,-1265.0,-1728.1,50.0,97.5,76.7,108.7,137.9,205.7,774.8,463.2,500.0,-2228.1
920,5775968.6,2164159.8,83.1,654.0,14S03E06L02,83.2,-12.7,-62.8,-134.6,-322.2,-414.9,-714.9,-1290.7,-1712.4,95.9,50.1,71.7,187.6,92.7,300.0,575.8,421.7,500.0,-2212.4
921,5778802.1,2124317.3,50.4,505.0,15S03E17D50,51.3,-5.8,-57.5,-153.5,-243.4,-326.6,-460.5,-1178.4,-2607.0,57.1,51.7,96.0,89.9,83.2,133.9,717.9,1428.6,500.0,-3107.0
922,5798991.6,2114325.2,56.2,820.3,922,55.7,9.5,-45.3,-149.7,-266.7,-384.3,-684.3,-1429.7,-2376.4,46.2,54.8,104.4,117.1,117.6,300.0,745.4,946.7,500.0,-2876.4
924,5797869.1,2112522.2,62.1,570.0,15S/03E-26A01,61.2,21.9,-31.9,-155.4,-264.6,-348.2,-648.2,-1372.8,-2447.6,39.4,53.7,123.5,109.2,83.6,300.0,724.6,1074.8,500.0,-2947.6
925,5932091.9,1960166.3,328.1,200.0,20S08E17E04,315.9,275.9,274.9,272.9,271.9,270.9,269.9,169.9,-626.9,40.0,1.0,2.0,1.0,1.0,1.0,100.0,796.8,500.0,-1126.9
931,5753233.5,2168629.8,12.6,600.0,13S/02E-33N03,12.6,-30.7,-121.5,-216.0,-310.5,-517.8,-817.8,-1452.1,-1878.3,43.3,90.8,94.5,94.5,207.2,300.0,634.3,426.2,500.0,-2378.3
932,5753598,2166863.1,12.7,602.0,14S02E04E02,12.7,-57.4,-133.0,-225.4,-324.2,-510.0,-810.0,-1470.1,-1958.0,70.1,75.7,92.4,98.8,185.8,300.0,660.1,487.9,500.0,-2458.0
934,5750840.5,2165375.1,12.7,600.0,14S02E05K02,12.7,-69.0,-138.3,-221.7,-351.1,-514.1,-814.1,-1521.0,-2093.3,81.7,69.3,83.5,129.4,162.9,300.0,706.9,572.4,500.0,-2593.3
943,5825928.2,2109494.2,197.8,703.0,15S04E26M01,202.1,152.1,147.2,15.3,-6.6,-176.0,-510.6,-1222.2,-1554.2,50.0,4.9,131.9,21.9,169.4,334.6,711.6,332.0,500.0,-2054.2
953,5919881.8,1985932.1,279.1,201.0,19S07E23G01,281.5,231.5,230.5,229.5,228.5,227.5,226.5,26.5,-1103.6,50.0,1.0,1.0,1.0,1.0,1.0,200.0,1130.1,500.0,-1603.6
960,5772280.1,2137943.3,39.7,544.0,14S/02E-36J02,39.8,-14.2,-75.2,-169.7,-273.7,-440.6,-520.1,-1566.5,-2418.8,54.0,61.0,94.5,104.0,167.0,79.5,1046.4,852.3,500.0,-2918.8
964,5848159.2,2079107.9,190.4,865.0,16S05E28F02,187.3,137.3,30.2,-42.5,-159.4,-283.8,-489.6,-1230.4,-1667.4,50.0,107.1,72.7,116.9,124.4,205.9,740.8,437.0,500.0,-2167.4
965,5877170.2,2027066.2,221.4,418.0,18S06E09P01,221.1,171.1,170.1,119.5,86.7,-73.3,-123.3,-473.3,-1712.3,50.0,1.0,50.5,32.9,160.0,50.0,350.0,1239.0,500.0,-2212.3
967,5796771.6,2122662.2,67.3,434.0,15S03E14G50,67.2,-25.1,-93.3,-181.5,-265.1,-385.6,-478.5,-1369.6,-2196.5,92.4,68.1,88.3,83.6,120.5,92.9,891.2,826.9,500.0,-2696.5
975,5769905,2158223.8,57.4,296.0,14S02E12N02,53.2,-52.3,-102.2,-243.0,-390.2,-517.3,-817.3,-1479.9,-2031.7,105.5,49.9,140.8,147.2,127.0,300.0,662.6,551.9,500.0,-2531.7
989,5767787,2144002.5,35.3,516.0,14S02E26J50,35.1,-25.2,-78.4,-191.7,-289.1,-430.9,-449.4,-1631.6,-2369.2,60.3,53.2,113.3,97.4,141.8,18.5,1182.2,737.5,500.0,-2869.2
996,5789066.6,2125868.0,62.8,820.3,996,62.8,-7.6,-52.2,-158.6,-261.0,-368.9,-429.1,-1207.3,-2330.4,70.4,44.6,106.4,102.3,108.0,60.1,778.2,1123.1,500.0,-2830.4
APN227021014,5766842.5,2153973.3,24.3,820.3,APN-227021014,32.5,-74.1,-107.9,-265.8,-370.9,-496.7,-796.7,-1558.2,-2179.6,106.6,33.7,157.9,105.2,125.7,300.0,761.6,621.4,500.0,-2679.6
APN227062005,5768199.5,2147403.3,36.6,820.3,APN-227062005,36.6,-38.3,-87.0,-206.8,-293.6,-423.1,-431.8,-1610.9,-2296.8,74.9,48.7,119.8,86.8,129.6,8.7,1179.1,686.0,500.0,-2796.8
APN414013005,5766480.5,2145236.3,34.0,820.3,APN-414013005,34.0,-20.0,-79.4,-190.1,-290.9,-426.2,-443.2,-1636.7,-2375.4,53.9,59.4,110.7,100.8,135.3,17.1,1193.5,738.7,500.0,-2875.4
APN414021010,5763773.5,2140672.3,35.0,820.3,APN-414021010,35.0,-13.1,-83.1,-186.7,-289.5,-442.4,-484.6,-1571.5,-2488.0,48.0,70.0,103.7,102.8,152.8,42.2,1086.9,916.5,500.0,-2988.0
Armstrong,5742910,2156312.0,34.1,800.0,,34.1,-60.8,-130.9,-225.6,-296.5,-511.3,-811.3,-1389.6,-2376.1,94.9,70.1,94.7,70.9,214.8,300.0,578.2,986.6,500.0,-2876.1
bend in section C-C',5739746.553,2185420.4,-167.3,2500.0,,-99999.0,-99999.0,-99999.0,-99999.0,-167.3,-317.0,-442.0,-1334.6,-3305.4,0.0,0.0,0.0,0.0,149.7,125.0,1142.3,1970.8,500.0,-3805.4
Cal Water 40-01,5779852.122,2120993.2,41.9,2500.0,,41.9,-14.0,-30.8,-160.8,-239.0,-309.0,-450.7,-1103.4,-2510.3,55.9,16.8,130.0,78.2,70.0,141.7,652.7,1406.9,500.0,-3010.3
Castroville Water District well 3,5757907.455,2169711.8,23.0,2500.0,,23.0,-41.0,-128.7,-237.6,-331.4,-505.2,-805.2,-1390.4,-1779.7,64.1,87.7,108.9,93.8,173.8,300.0,585.2,389.3,500.0,-2279.7
County Test Hole No. 1 (Fontes),5761048.494,2148464.1,25.2,800.0,,25.2,-16.8,-79.1,-206.7,-284.3,-476.5,-532.2,-1637.8,-2396.1,42.0,62.3,127.6,77.6,192.2,55.7,1105.6,758.3,500.0,-2896.1
Davies T14S/R4E-29,5812803.494,2139884.1,141.6,2000.0,,141.6,106.6,105.6,93.1,92.1,11.5,-453.9,-454.9,-455.9,35.0,1.0,12.4,1.0,80.6,465.4,1.0,1.0,500.0,-955.9
Davies T14S/R4E-30,5811043.494,2137959.1,130.4,800.0,,130.4,95.4,94.4,43.6,42.6,-39.2,-567.8,-939.9,-940.9,35.0,1.0,50.9,1.0,81.8,528.5,372.1,1.0,500.0,-1440.9
Fort Ord Site D (15S/2E-3E),5757637.001,2135009.9,190.1,2500.0,,190.1,140.1,37.7,-258.7,-290.1,-363.0,-559.0,-1066.1,-2506.4,50.0,102.3,296.5,31.4,72.9,195.9,507.1,1440.3,500.0,-3006.4
Hansen T15S/R4E-06,5805268.494,2133889.1,104.9,800.0,,104.9,7.7,2.7,-91.5,-188.5,-312.5,-542.7,-1212.0,-1531.7,97.2,5.0,94.1,97.0,124.0,230.2,669.3,319.7,500.0,-2031.7
Harbor Dev,5758385.316,2184046.8,48.1,800.0,,48.1,22.8,17.8,-161.1,-261.5,-389.1,-689.1,-1327.4,-1737.9,25.3,5.0,178.9,100.4,127.6,300.0,638.3,410.5,500.0,-2237.9
Hwy 101 (E. end of Tp),5812039.171,2113109.6,88.6,2500.0,,88.6,-44.3,-93.6,-149.5,-231.8,-334.6,-509.7,-1431.0,-1963.2,132.9,49.4,55.9,82.3,102.8,175.1,921.4,532.2,500.0,-2463.2
JR Gillbergh Pura 1,5868724.915,2021351.0,705.5,2500.0,,705.5,655.5,654.5,454.5,254.5,1.5,-20.0,-520.0,-2389.9,50.0,1.0,200.0,200.0,252.9,21.5,500.0,1869.9,500.0,-2889.9
Lineberry Hwy 156,5773697.816,2178421.8,182.3,800.0,,182.3,73.4,-10.1,-104.8,-148.9,-343.3,-643.3,-1121.6,-1587.2,108.8,83.5,94.8,44.1,194.3,300.0,478.4,465.6,500.0,-2087.2
Luzerne,5726751.132,2125076.9,-36.5,2000.0,,-36.5,-56.5,-57.5,-58.5,-59.5,-60.5,-61.5,-380.3,-845.0,20.0,1.0,1.0,1.0,1.0,1.0,318.8,464.7,500.0,-1345.0
Marina No. 11 (14S/2E-32D),5747058.373,2141621.5,145.5,2500.0,,145.5,51.8,46.8,-260.1,-295.9,-441.9,-554.2,-1150.0,-2510.4,93.8,5.0,306.9,35.8,146.0,112.3,595.9,1360.3,500.0,-3010.4
Marina No. 12,5744413.715,2146646.4,101.4,2500.0,,101.4,-15.8,-17.6,-229.2,-269.0,-479.5,-779.5,-1175.6,-2454.0,117.2,1.8,211.6,39.7,210.6,300.0,396.1,1278.4,500.0,-2954.0
Marina Test well,5746313,2145201.0,121.9,800.0,,121.9,0.2,-34.6,-257.5,-292.6,-471.1,-540.3,-1209.3,-2533.5,121.7,34.8,222.9,35.1,178.5,69.1,669.0,1324.3,500.0,-3033.5
Monterey Bay fault zone,5710033.171,2163836.6,-298.2,2000.0,,-298.2,-318.2,-319.2,-320.2,-321.2,-322.2,-323.2,-662.2,-2239.7,20.0,1.0,1.0,1.0,1.0,1.0,339.0,1577.5,500.0,-2739.7
Monterey County Mulligan Hill 1,5744466.295,2165392.8,10.4,2500.0,,10.4,-57.8,-134.3,-225.3,-338.6,-541.5,-841.5,-1534.9,-2194.6,68.2,76.5,90.9,113.4,202.9,300.0,693.4,659.7,500.0,-2694.6
MPWMD FO-09,5732121.539,2127444.1,115.6,2000.0,,115.6,75.6,65.6,-237.3,-260.7,-267.9,-290.3,-492.3,-999.9,40.0,10.0,302.9,23.4,7.2,22.4,202.0,507.5,500.0,-1499.9
MPWMD FO-10,5738065.31,2130644.6,205.7,2000.0,,205.7,162.4,157.4,-291.4,-305.8,-455.8,-488.5,-783.1,-1441.6,43.3,5.0,448.8,14.3,150.0,32.7,294.6,658.6,500.0,-1941.6
Mty Dunes Colony #1,5741723.016,2170879.3,20.1,2500.0,,20.1,-63.9,-100.7,-226.2,-329.4,-578.0,-878.0,-1411.9,-3053.7,84.1,36.8,125.5,103.1,248.7,300.0,533.9,1641.8,500.0,-3553.7
MW-3,5739964.057,2154561.7,36.1,800.0,,36.1,-56.4,-105.4,-220.4,-290.6,-523.4,-823.4,-1214.5,-3000.9,92.5,49.0,115.0,70.2,232.8,300.0,391.1,1786.3,500.0,-3500.9
MW-4,5741396.349,2154171.1,41.2,800.0,,41.2,-50.8,-102.9,-221.6,-296.1,-512.4,-812.4,-1262.8,-2366.7,92.0,52.1,118.7,74.5,216.3,300.0,450.3,1103.9,500.0,-2866.7
MW-5,5748553.467,2156189.3,76.4,800.0,,76.4,-25.7,-118.3,-232.9,-306.6,-485.3,-785.3,-1595.4,-2404.2,102.1,92.6,114.6,73.7,178.7,300.0,810.1,808.8,500.0,-2904.2
MW-6,5756148.953,2141126.4,21.5,800.0,,21.5,-14.4,-95.9,-260.3,-319.9,-434.4,-533.3,-1367.5,-2591.6,35.9,81.5,164.4,59.6,114.5,99.0,834.1,1224.1,500.0,-3091.6
MW-7,5744130.724,2152109.5,51.8,800.0,,51.8,-31.4,-110.0,-231.6,-302.0,-493.4,-793.4,-1312.2,-2431.3,83.3,78.5,121.6,70.5,191.4,300.0,518.8,1119.1,500.0,-2931.3
MW-8,5744846.87,2159401.1,26.2,800.0,,26.2,-54.5,-144.3,-238.7,-295.5,-509.3,-809.3,-1540.2,-2343.7,80.7,89.8,94.4,56.8,213.8,300.0,730.9,803.5,500.0,-2843.7
MW-9,5747338.189,2161940.2,12.7,800.0,,12.7,-34.8,-132.4,-237.8,-325.6,-507.9,-807.9,-1597.1,-2261.7,47.5,97.5,105.4,87.8,182.3,300.0,789.3,664.6,500.0,-2761.7
NE end section C-C',5778278.951,2187931.6,335.8,2000.0,,335.8,285.8,188.2,-22.9,-59.1,-215.8,-515.8,-962.1,-1310.8,50.0,97.6,211.1,36.2,156.8,300.0,446.3,348.7,500.0,-1810.8
Nestle (Test hole),5788933.494,2130974.1,62.7,2500.0,,62.7,-4.5,-47.0,-162.9,-267.1,-412.8,-470.4,-1207.5,-2214.0,67.2,42.5,115.9,104.2,145.8,57.5,737.1,1006.5,500.0,-2714.0
Ord Village,5728105.299,2127264.4,-48.6,800.0,,-48.6,-68.6,-69.6,-70.6,-71.6,-72.6,-73.6,-456.9,-1010.8,20.0,1.0,1.0,1.0,1.0,1.0,383.4,553.9,500.0,-1510.8
PG&E Co. No. 1 Test Hole,5751774.466,2187879.4,20.5,2500.0,,20.5,5.5,-4.5,-173.1,-219.1,-380.5,-680.5,-1407.9,-1872.0,15.0,10.0,168.6,46.0,161.3,300.0,727.4,464.1,500.0,-2372.0
Playa T15S/R1E-24,5734146.966,2115649.8,367.2,2000.0,,367.2,317.2,221.1,-62.4,-63.4,-64.4,-65.4,-66.4,-111.0,50.0,96.1,283.5,1.0,1.0,1.0,1.0,44.6,500.0,-611.0
Strawberry City No. 1,5766666.567,2180557.2,83.3,800.0,,83.3,6.2,-19.3,-182.4,-214.1,-410.9,-710.9,-1214.9,-1600.3,77.1,25.5,163.2,31.7,196.7,300.0,504.0,385.4,500.0,-2100.3
Strawberry City No. 2,5770364.483,2180609.3,125.4,800.0,,125.4,38.7,29.8,-141.8,-177.8,-372.7,-672.7,-1154.8,-1590.2,86.7,8.9,171.6,36.1,194.8,300.0,482.1,435.4,500.0,-2090.1
T13S/R3E-5,5781868,2197770.0,268.1,800.0,,268.1,248.0,243.0,134.1,120.0,-55.1,-81.3,-608.7,-609.7,20.1,5.0,108.9,14.1,175.2,26.2,527.4,1.0,500.0,-1109.7
T14S/R2E-19,5744928.216,2149087.3,78.4,800.0,,78.4,-20.3,-83.8,-240.6,-292.7,-490.5,-790.5,-1241.2,-2462.5,98.7,63.5,156.8,52.1,197.8,300.0,450.7,1221.4,500.0,-2962.5
T14S/R2E-31 (617ft),5746660,2140479.0,138.9,800.0,,138.9,81.4,76.4,-259.4,-293.5,-434.3,-563.4,-1118.7,-2436.9,57.5,5.0,335.8,34.1,140.7,129.1,555.3,1318.2,500.0,-2936.9
T14S/R2E-31 (760ft),5741855.299,2137837.3,129.9,800.0,,129.9,112.2,107.2,-291.9,-297.0,-380.3,-438.2,-959.3,-1893.4,17.7,5.0,399.0,5.1,83.3,57.9,521.1,934.1,500.0,-2393.4
T14S/R3E-26,5795313.494,2144559.1,89.5,800.0,,89.5,-2.2,-58.7,-151.9,-232.2,-319.7,-488.9,-1185.0,-1552.8,91.7,56.5,93.2,80.4,87.5,169.2,696.1,367.7,500.0,-2052.8
T14S/R4E-20,5813243.493,2114914.1,96.5,800.0,,96.5,-49.5,-86.3,-142.0,-230.7,-328.1,-528.5,-1391.2,-1865.8,146.1,36.7,55.7,88.7,97.4,200.4,862.7,474.6,500.0,-2365.8
T15S/R1E-01 (836ft),5744928.216,2131899.8,302.9,800.0,,302.9,252.9,177.2,-262.3,-263.9,-274.8,-336.2,-889.4,-1510.2,50.0,75.7,439.5,1.6,10.9,61.5,553.1,620.9,500.0,-2010.3
T15S/R1E-01 (856ft),5738261.549,2133618.5,161.2,800.0,,161.2,129.2,124.2,-310.7,-318.1,-334.3,-381.9,-810.5,-1654.3,32.0,5.0,434.9,7.4,16.2,47.6,428.6,843.8,500.0,-2154.3
T15S/R1E-01 (862ft),5744876.132,2134816.4,216.8,800.0,,216.8,166.8,136.3,-289.6,-290.6,-334.3,-397.0,-961.2,-1810.7,50.0,30.5,425.9,1.0,43.7,62.7,564.2,849.5,500.0,-2310.7
T15S/R1E-14,5732271.966,2124712.3,183.0,2000.0,,183.0,167.8,162.8,-266.6,-287.9,-337.9,-348.7,-445.3,-568.0,15.1,5.0,429.5,21.3,50.0,10.7,96.7,122.7,500.0,-1068.0
T15S/R2E-32E,5744928.216,2138931.0,143.1,800.0,,143.1,104.5,99.5,-262.2,-289.3,-413.1,-471.3,-994.9,-2196.8,38.6,5.0,361.7,27.1,123.8,58.2,523.6,1201.9,500.0,-2696.8
T15S/R4E-06,5805433.494,2130424.1,80.5,800.0,,80.5,-30.1,-67.1,-152.6,-267.4,-373.8,-540.3,-1280.2,-1693.8,110.5,37.0,85.5,114.8,106.5,166.4,739.9,413.7,500.0,-2193.8
T15S/R4E-09,5820503.493,2124924.1,189.3,800.0,,189.3,175.0,170.0,9.2,3.0,-112.2,-484.7,-988.8,-989.8,14.3,5.0,160.8,6.2,115.2,372.6,504.0,1.0,500.0,-1489.8
T16S/R5E-05,5842888.494,2096544.1,260.7,800.0,,260.7,225.7,224.7,142.3,32.4,-85.6,-543.1,-1054.6,-1316.1,35.0,1.0,82.4,109.8,118.0,457.5,511.5,261.5,500.0,-1816.1
TEPI King City Nose CH1 (#34),5929102.538,1976586.9,301.5,2000.0,,301.5,251.5,250.5,249.5,248.5,247.5,246.5,46.5,-797.0,50.0,1.0,1.0,1.0,1.0,1.0,200.0,843.4,500.0,-1297.0
USGS DMW-1,5738331.004,2149820.0,23.0,2500.0,,23.0,-42.6,-75.1,-232.1,-284.1,-533.9,-833.9,-1089.1,-2599.6,65.6,32.5,157.0,52.0,249.8,300.0,255.2,1510.5,500.0,-3099.6
xsec D syncline axis,5827498.92,2079728.8,103.0,2500.0,,103.0,49.8,20.3,2.2,-16.0,-26.0,-334.3,-1526.7,-2484.1,53.1,29.5,18.2,18.2,10.0,308.3,1192.4,957.4,500.0,-2984.1
